{"type":"FeatureCollection","features":[{"type":"Feature","properties":{"name":"Ladakh","code":"IN-LA"},"geometry":{"type":"Polygon","coordinates":[[[77.800346,35.495406],[77.815332,35.47334],[77.834246,35.452152],[77.857087,35.436598],[77.883132,35.431068],[77.912691,35.44099],[77.957856,35.482073],[77.985865,35.494165],[78.044259,35.491633],[78.055628,35.452876],[78.038058,35.398099],[78.009843,35.347456],[78.001161,35.268908],[78.036404,35.194235],[78.130042,35.055432],[78.13924,35.018949],[78.148129,34.94314],[78.162185,34.908826],[78.202492,34.865728],[78.273186,34.658867],[78.296027,34.624658],[78.335301,34.594375],[78.379432,34.578666],[78.607325,34.546471],[78.664583,34.526421],[78.750676,34.471282],[78.801732,34.415006],[78.839249,34.396894],[78.885861,34.385758],[78.922138,34.372296],[78.95118,34.349171],[78.976192,34.309173],[78.98539,34.286358],[78.988491,34.263129],[78.985494,34.239901],[78.976192,34.217163],[78.903225,34.158123],[78.806073,34.122983],[78.730109,34.079265],[78.721117,33.994386],[78.770313,33.872352],[78.787263,33.808428],[78.794084,33.74391],[78.781372,33.552785],[78.800905,33.494236],[78.824263,33.461059],[78.915948,33.387656],[78.964986,33.344254],[78.993449,33.330782],[79.023041,33.31798],[79.053278,33.307873],[79.075048,33.295743],[79.098028,33.287655],[79.125038,33.290203],[79.150213,33.292555],[79.260061,33.291776],[79.340307,33.275132],[79.420084,33.275169],[79.456096,33.250399],[79.423475,33.157825],[79.37317,33.11214],[79.381063,33.061768],[79.399273,33.026878],[79.339787,33.013257],[79.378462,32.978881],[79.414089,32.972053],[79.471089,32.908959],[79.564093,32.793928],[79.613913,32.765035],[79.620673,32.728725],[79.57617,32.670646],[79.531201,32.648317],[79.515741,32.60812],[79.472113,32.565472],[79.443497,32.534773],[79.40682,32.529683],[79.379477,32.57645],[79.320466,32.592267],[79.287412,32.532579],[79.235608,32.504296],[79.215247,32.507914],[79.191166,32.50427],[79.1614,32.496467],[79.132875,32.48546],[79.102902,32.449855],[79.09174,32.390556],[79.066316,32.370067],[79.039651,32.375984],[79.014742,32.373994],[78.989834,32.364098],[78.943429,32.346373],[78.911286,32.354745],[78.881521,32.376268],[78.855682,32.400452],[78.77145,32.461663],[78.754707,32.493806],[78.73693,32.545792],[78.740651,32.578684],[78.750986,32.612791],[78.713262,32.637518],[78.664893,32.599019],[78.630166,32.578013],[78.589859,32.569925],[78.447542,32.566256],[78.408165,32.558376],[78.384807,32.547549],[78.358866,32.515587],[78.313391,32.471739],[78.282178,32.480653],[78.270396,32.504166],[78.281868,32.532381],[78.292927,32.575402],[78.304089,32.59615],[78.332924,32.617906],[78.358556,32.631678],[78.37778,32.657335],[78.384291,32.699374],[78.38088,32.729295],[78.373439,32.75397],[78.353285,32.76862],[78.325173,32.766734],[78.317628,32.743609],[78.279388,32.721491],[78.253859,32.697901],[78.227918,32.690175],[78.191538,32.69201],[78.154537,32.674052],[78.131696,32.671494],[78.104101,32.661857],[78.084051,32.645139],[78.059039,32.618345],[78.008913,32.61031],[77.988346,32.633771],[77.973877,32.660358],[77.949382,32.682708],[77.932329,32.710872],[77.928918,32.762445],[77.910521,32.790738],[77.857915,32.873007],[77.823808,32.910343],[77.765207,32.962562],[77.742159,32.986953],[77.721075,33.012636],[77.69441,33.008089],[77.67343,32.999407],[77.652036,32.980468],[77.624854,32.971476],[77.581032,32.939049],[77.55354,32.923417],[77.497833,32.909258],[77.477679,32.901248],[77.443986,32.894478],[77.393964,32.889931],[77.371329,32.867038],[77.348695,32.867245],[77.219917,32.901997],[77.135788,32.92675],[77.088453,32.950211],[76.999879,33.007236],[76.956058,33.02509],[76.927532,33.045864],[76.903038,33.07377],[76.848364,33.114801],[76.768679,33.186812],[76.739843,33.197406],[76.688729,33.270763],[76.646566,33.352107],[76.577838,33.427705],[76.488031,33.502231],[76.385747,33.53866],[76.305295,33.551994],[76.246099,33.574094],[76.232681,33.649865],[76.235838,33.728794],[76.209792,33.794304],[76.166381,33.873232],[76.073332,33.92202],[76.05115,33.952652],[76.024367,33.982089],[75.977853,33.971267],[75.879592,33.963696],[75.836681,33.994557],[75.784892,34.0311],[75.741656,34.066434],[75.699541,34.117676],[75.69129,34.163725],[75.6634,34.19923],[75.584564,34.210116],[75.469487,34.280052],[75.374549,34.370981],[75.344128,34.469013],[75.348093,34.55722],[75.611643,34.49836],[75.655568,34.496965],[75.713652,34.508515],[75.734839,34.508618],[75.777111,34.503812],[75.816178,34.521667],[75.873952,34.571379],[75.939271,34.612049],[75.966246,34.619077],[75.98671,34.636027],[76.007484,34.66512],[76.058334,34.683414],[76.121792,34.660883],[76.154969,34.661658],[76.262042,34.684654],[76.399915,34.750748],[76.438156,34.762892],[76.476499,34.757776],[76.519908,34.731111],[76.553187,34.72584],[76.63959,34.741136],[76.743873,34.819271],[76.749558,34.892083],[76.757619,34.915131],[76.782011,34.930892],[76.817047,34.940762],[76.852601,34.943346],[76.879576,34.937093],[76.905931,34.923141],[76.933836,34.928877],[77.013108,34.986393],[77.035225,35.034503],[77.02706,35.062099],[77.023133,35.086335],[77.042426,35.107014],[77.424659,35.302924],[77.800346,35.495406]]]}},{"type":"Feature","properties":{"name":"Arunachal Pradesh","code":"IN-AR"},"geometry":{"type":"Polygon","coordinates":[[[96.294655,28.992324],[96.366568,29.036537],[96.457605,28.994588],[96.452128,28.970378],[96.474659,28.962058],[96.500394,28.929243],[96.510832,28.885525],[96.523751,28.864415],[96.576668,28.808527],[96.592584,28.757884],[96.59801,28.70991],[96.501044,28.687631],[96.502375,28.644476],[96.409019,28.558929],[96.336459,28.479667],[96.301852,28.420711],[96.369644,28.378116],[96.441127,28.395416],[96.495226,28.42147],[96.561518,28.447293],[96.604426,28.444534],[96.716924,28.436539],[96.897889,28.354704],[96.933959,28.336618],[96.965791,28.330468],[96.997417,28.337083],[97.032971,28.35703],[97.078446,28.375143],[97.11555,28.366564],[97.182729,28.314991],[97.20278,28.311555],[97.220763,28.283391],[97.285255,28.235668],[97.323496,28.217478],[97.328663,28.190012],[97.298898,28.12924],[97.292903,28.095082],[97.306546,28.069657],[97.355122,28.023045],[97.362253,27.994881],[97.340032,27.951809],[97.336311,27.913181],[97.314917,27.884604],[97.292903,27.87755],[97.288046,27.897756],[97.260657,27.912044],[97.222933,27.899719],[97.198025,27.873261],[97.131776,27.816856],[97.106041,27.805539],[97.092192,27.785489],[97.06532,27.773991],[97.060359,27.750452],[97.036175,27.74292],[97.004032,27.734277],[96.957006,27.688079],[96.899749,27.649476],[96.87019,27.61909],[96.862025,27.578369],[96.877321,27.553074],[96.884659,27.515841],[96.890241,27.492483],[96.877011,27.463079],[96.905123,27.408406],[97.067904,27.2171],[97.095499,27.191261],[97.1017,27.165268],[97.120821,27.143926],[97.133016,27.119586],[97.122888,27.093696],[97.09798,27.085893],[97.077206,27.096487],[97.047854,27.087805],[97.02677,27.091474],[97.002998,27.114522],[96.865332,27.171624],[96.842698,27.188522],[96.851276,27.221182],[96.853757,27.248725],[96.821718,27.273065],[96.789161,27.317972],[96.758879,27.341743],[96.724152,27.356264],[96.687255,27.361742],[96.659247,27.341433],[96.636406,27.335542],[96.614185,27.348409],[96.5869,27.353577],[96.56747,27.328307],[96.547316,27.306448],[96.510936,27.292495],[96.490058,27.290738],[96.407789,27.29818],[96.142586,27.25751],[96.074166,27.229864],[96.013188,27.190796],[95.974844,27.142892],[95.938361,27.079899],[95.91645,27.051373],[95.888855,27.027034],[95.861466,27.014218],[95.804932,27.004761],[95.777957,26.995149],[95.734962,26.947297],[95.709227,26.907454],[95.686076,26.89128],[95.639981,26.886422],[95.613316,26.867922],[95.603394,26.844254],[95.591302,26.823739],[95.554405,26.816607],[95.531357,26.820276],[95.489809,26.810716],[95.462731,26.777178],[95.439993,26.735372],[95.410641,26.701627],[95.31597,26.669071],[95.278969,26.652948],[95.246933,26.648904],[95.246311,26.679715],[95.2275,26.723847],[95.22719,26.759917],[95.235252,26.790613],[95.20621,26.820585],[95.197425,26.841773],[95.202179,26.866732],[95.22533,26.889625],[95.234322,26.945746],[95.225433,26.974219],[95.198665,26.993495],[95.176444,27.033182],[95.199699,27.046799],[95.238352,27.042768],[95.261193,27.048866],[95.304912,27.079123],[95.356898,27.115064],[95.386044,27.128654],[95.423768,27.141289],[95.448159,27.159118],[95.473274,27.194826],[95.483195,27.230483],[95.501179,27.255856],[95.534252,27.271772],[95.559573,27.271385],[95.59771,27.247872],[95.622412,27.232963],[95.643806,27.230328],[95.799559,27.28588],[95.845551,27.282779],[95.870665,27.287043],[95.903738,27.276087],[95.921722,27.298799],[95.950557,27.31208],[95.968747,27.337479],[96.000063,27.359209],[96.011845,27.404658],[95.985077,27.445173],[95.960996,27.451064],[95.940325,27.446878],[95.900948,27.405278],[95.889165,27.428016],[95.880897,27.45171],[95.89578,27.497547],[95.886788,27.557],[95.847514,27.587309],[95.82364,27.607798],[95.798525,27.62772],[95.787983,27.6957],[95.775891,27.717327],[95.787363,27.741744],[95.813408,27.774429],[95.900741,27.86538],[95.938155,27.919149],[95.951487,27.947855],[95.96637,27.969869],[95.964096,27.993305],[95.716773,27.990204],[95.672331,27.977957],[95.588409,27.930699],[95.543554,27.90207],[95.493014,27.885663],[95.408368,27.870831],[95.382633,27.870444],[95.352764,27.876697],[95.31318,27.895791],[95.247034,27.866155],[94.948138,27.76952],[94.896187,27.745814],[94.82679,27.714147],[94.798483,27.701229],[94.722415,27.686915],[94.66278,27.668699],[94.607073,27.646504],[94.562896,27.618395],[94.525941,27.603897],[94.499896,27.60568],[94.474575,27.593872],[94.44915,27.616196],[94.352929,27.593122],[94.323473,27.606817],[94.289056,27.615162],[94.266009,27.639321],[94.243064,27.647977],[94.218983,27.626634],[94.217226,27.596843],[94.240894,27.574622],[94.255786,27.550767],[94.243064,27.525969],[94.112628,27.422535],[94.066331,27.385822],[94.028504,27.362542],[93.993707,27.33619],[93.959525,27.305927],[93.84659,27.198892],[93.827069,27.16705],[93.825829,27.141522],[93.834924,27.113875],[93.796477,27.080621],[93.772838,27.064569],[93.734775,27.03264],[93.694674,27.005949],[93.632042,26.983366],[93.60207,26.977165],[93.546363,26.972902],[93.524969,26.968096],[93.479804,26.949208],[93.431021,26.967476],[93.400325,26.985537],[93.375004,26.988792],[93.020297,26.953006],[92.988464,26.958303],[92.964589,26.965719],[92.939165,26.987397],[92.902578,27.018377],[92.814831,27.050804],[92.74052,27.062638],[92.698766,27.065919],[92.655461,27.043104],[92.626212,27.018067],[92.605748,27.009437],[92.547354,26.999438],[92.475524,26.976777],[92.36566,26.949983],[92.328866,26.935746],[92.278637,26.932362],[92.257656,26.924558],[92.21032,26.912337],[92.112135,26.920218],[92.080371,26.921571],[92.066969,26.994839],[92.049709,27.026827],[91.999893,27.071527],[91.987697,27.104031],[91.990798,27.140773],[92.002994,27.172606],[92.027075,27.19984],[92.033173,27.227435],[92.050639,27.251413],[92.081852,27.275132],[92.084849,27.304226],[92.023598,27.44678],[91.975088,27.472433],[91.900591,27.45973],[91.856578,27.466239],[91.816232,27.461357],[91.779555,27.456475],[91.727092,27.459942],[91.704924,27.468764],[91.680223,27.472846],[91.657382,27.479151],[91.632887,27.511655],[91.604465,27.532145],[91.573252,27.619711],[91.579867,27.657977],[91.626686,27.716423],[91.634957,27.746571],[91.63577,27.782525],[91.605336,27.810658],[91.566023,27.821074],[91.564355,27.851372],[91.628339,27.852694],[91.680131,27.849823],[91.729871,27.804136],[91.826589,27.807627],[91.856373,27.764539],[91.864914,27.729988],[91.908736,27.7319],[91.952247,27.72482],[91.968001,27.746278],[91.988898,27.769398],[92.064878,27.761721],[92.10616,27.786081],[92.126294,27.812722],[92.239568,27.865277],[92.275225,27.811689],[92.303854,27.78616],[92.329175,27.832928],[92.350053,27.802542],[92.375581,27.821119],[92.381058,27.842462],[92.404416,27.853831],[92.417335,27.828948],[92.439039,27.82329],[92.475109,27.846596],[92.518151,27.839468],[92.574977,27.847806],[92.592912,27.868193],[92.636468,27.89537],[92.683674,27.91045],[92.71077,27.949702],[92.736392,27.985909],[92.701349,28.025241],[92.689257,28.048315],[92.65422,28.052087],[92.65484,28.105831],[92.678611,28.133064],[92.70786,28.155414],[92.770079,28.192182],[92.790232,28.178901],[92.819895,28.179263],[92.85028,28.19195],[92.889554,28.235823],[92.922007,28.258638],[92.960351,28.270214],[93.046399,28.302097],[93.129828,28.325962],[93.207825,28.340539],[93.218073,28.394647],[93.186286,28.431995],[93.218838,28.457436],[93.259068,28.496023],[93.286972,28.520517],[93.302843,28.556921],[93.31717,28.603463],[93.355432,28.624065],[93.446213,28.671894],[93.551736,28.678948],[93.607133,28.672204],[93.64341,28.68024],[93.664908,28.690239],[93.705525,28.691893],[93.781744,28.680504],[93.86308,28.704871],[93.927786,28.682752],[93.961093,28.729943],[93.981591,28.768131],[93.993136,28.801887],[93.992019,28.844649],[94.026849,28.864182],[94.079474,28.883072],[94.135396,28.897788],[94.173658,28.930164],[94.250183,28.933107],[94.291389,28.977256],[94.347311,29.024349],[94.309048,29.059668],[94.270786,29.09793],[94.287505,29.147938],[94.323782,29.146026],[94.346313,29.159074],[94.36254,29.185326],[94.396439,29.207081],[94.422381,29.210492],[94.474987,29.210802],[94.498242,29.21522],[94.528628,29.23124],[94.582681,29.302915],[94.63043,29.319452],[94.668464,29.30661],[94.704224,29.284699],[94.756417,29.230517],[94.761482,29.174706],[94.798792,29.166438],[94.854086,29.170004],[94.891293,29.160495],[94.989065,29.153984],[95.047666,29.140806],[95.099032,29.11378],[95.191533,29.09683],[95.212824,29.081869],[95.224916,29.059364],[95.281553,29.052672],[95.367406,29.036496],[95.429824,29.046525],[95.487577,29.068994],[95.511307,29.131789],[95.522675,29.161193],[95.511927,29.197547],[95.550167,29.212482],[95.553785,29.239043],[95.58169,29.247467],[95.646697,29.22835],[95.717165,29.218284],[95.747365,29.273651],[95.744781,29.340432],[95.776407,29.345548],[95.863134,29.323985],[95.953735,29.359219],[96.014135,29.364252],[96.074536,29.369286],[96.141966,29.368467],[96.166047,29.303174],[96.205424,29.256949],[96.235293,29.241214],[96.26785,29.24173],[96.304126,29.261212],[96.337096,29.279713],[96.366241,29.257233],[96.342367,29.210647],[96.327484,29.180442],[96.210075,29.145767],[96.183514,29.123779],[96.175954,29.017354],[96.195323,28.941106],[96.248588,28.945343],[96.294655,28.992324]]]}},{"type":"Feature","properties":{"name":"Sikkim","code":"IN-SK"},"geometry":{"type":"Polygon","coordinates":[[[88.892331,27.315543],[88.884631,27.286346],[88.861428,27.270378],[88.801174,27.256425],[88.775852,27.240871],[88.754355,27.212604],[88.738438,27.179789],[88.730067,27.150954],[88.693326,27.155113],[88.671725,27.17121],[88.613537,27.168135],[88.542327,27.178083],[88.518039,27.176223],[88.447656,27.114495],[88.423988,27.099897],[88.403628,27.090827],[88.371692,27.084574],[88.34854,27.087959],[88.233095,27.137104],[88.193408,27.143537],[88.148553,27.137853],[88.118167,27.138499],[88.088815,27.15165],[88.081167,27.1894],[88.036208,27.22932],[88.004663,27.249163],[88.029024,27.298076],[88.035122,27.322571],[88.020136,27.35337],[88.014762,27.378072],[88.02582,27.412075],[88.041633,27.438068],[88.02334,27.474655],[88.02334,27.494912],[88.048765,27.545348],[88.11088,27.639503],[88.134858,27.723167],[88.149327,27.748772],[88.159662,27.77412],[88.154598,27.815151],[88.164623,27.845356],[88.143023,27.855717],[88.118218,27.860885],[88.097496,27.904008],[88.099924,27.928322],[88.126693,27.95044],[88.151187,27.94721],[88.174855,27.949768],[88.197851,27.958295],[88.37877,27.982634],[88.399751,27.994726],[88.455768,28.03152],[88.50207,28.028885],[88.530802,28.059012],[88.552817,28.078055],[88.594003,28.106606],[88.631675,28.083352],[88.652035,28.069399],[88.71012,28.061983],[88.735648,28.055265],[88.780141,28.028342],[88.802931,28.011005],[88.819674,27.977337],[88.809752,27.944497],[88.818899,27.915196],[88.842773,27.892407],[88.855072,27.859179],[88.805669,27.655109],[88.783087,27.622036],[88.767377,27.586198],[88.748154,27.560128],[88.741642,27.53168],[88.757559,27.511448],[88.754355,27.464216],[88.759781,27.435071],[88.773578,27.408509],[88.795386,27.385926],[88.819829,27.373627],[88.852023,27.342363],[88.892331,27.315543]]]}},{"type":"Feature","properties":{"name":"West Bengal","code":"IN-WB"},"geometry":{"type":"MultiPolygon","coordinates":[[[[88.733082,27.148972],[88.805256,27.113023],[88.827632,27.097882],[88.840809,27.075248],[88.845615,27.049565],[88.845615,26.994943],[88.851713,26.945437],[88.88644,26.978975],[88.906645,26.981093],[88.926954,26.949416],[88.9253,26.929365],[88.954549,26.912622],[88.975323,26.921717],[88.996614,26.922751],[89.021574,26.912674],[89.04488,26.897119],[89.074335,26.856398],[89.082448,26.836037],[89.128079,26.813455],[89.184613,26.810561],[89.212828,26.813041],[89.240837,26.819759],[89.262954,26.836348],[89.286364,26.844978],[89.341657,26.854331],[89.368895,26.837359],[89.407338,26.813403],[89.442891,26.797022],[89.50542,26.803688],[89.546503,26.797539],[89.586087,26.784051],[89.611357,26.765964],[89.597507,26.720954],[89.628307,26.712531],[89.66324,26.725502],[89.685151,26.724571],[89.738739,26.703281],[89.760288,26.70018],[89.800079,26.70049],[89.822093,26.701007],[89.827674,26.722453],[89.850774,26.723176],[89.874649,26.654446],[89.888498,26.532903],[89.873409,26.510372],[89.858526,26.471046],[89.843436,26.382163],[89.818218,26.364205],[89.825453,26.340382],[89.781528,26.308679],[89.75879,26.263178],[89.732642,26.250646],[89.737913,26.230389],[89.727268,26.206204],[89.687063,26.193001],[89.657829,26.187174],[89.658382,26.207859],[89.634921,26.225842],[89.61332,26.219383],[89.608463,26.180677],[89.586759,26.169205],[89.562781,26.142591],[89.585777,26.122903],[89.566915,26.098977],[89.590789,26.085024],[89.611357,26.072208],[89.559163,26.022237],[89.550689,25.995055],[89.549087,25.968855],[89.528416,25.957125],[89.495343,25.995055],[89.426407,25.995055],[89.391422,26.015467],[89.367754,26.005442],[89.335301,25.998569],[89.315147,26.006786],[89.272979,26.043476],[89.237633,26.0581],[89.22306,26.086574],[89.197842,26.10771],[89.131593,26.133755],[89.111697,26.164502],[89.103377,26.22517],[89.075885,26.271059],[89.068857,26.314261],[89.094799,26.309506],[89.095729,26.334518],[89.071855,26.340616],[89.057282,26.36263],[89.02178,26.386246],[88.986537,26.412704],[88.959303,26.428569],[88.924577,26.432135],[88.899462,26.404488],[88.891866,26.368779],[88.912433,26.348935],[88.941217,26.340099],[88.966021,26.328472],[88.975323,26.299946],[88.998629,26.291523],[89.0116,26.269199],[89.034338,26.265788],[89.019455,26.234472],[88.975323,26.224344],[88.946849,26.232922],[88.902718,26.272919],[88.875794,26.277364],[88.855641,26.265116],[88.840654,26.232043],[88.807995,26.233439],[88.792027,26.2646],[88.747947,26.292505],[88.663404,26.264444],[88.690121,26.299843],[88.712238,26.328265],[88.69627,26.350279],[88.673378,26.360718],[88.66852,26.385729],[88.651932,26.407071],[88.622373,26.424538],[88.597878,26.451461],[88.557984,26.465724],[88.526823,26.475388],[88.49866,26.49487],[88.475405,26.514972],[88.446467,26.535539],[88.411016,26.545099],[88.394997,26.578379],[88.395927,26.599566],[88.385282,26.623544],[88.36027,26.593107],[88.332365,26.514662],[88.313865,26.481537],[88.322546,26.451772],[88.34301,26.477196],[88.37691,26.475336],[88.434581,26.465156],[88.461143,26.45389],[88.475405,26.432031],[88.495456,26.378081],[88.497626,26.352708],[88.475405,26.355808],[88.448637,26.353431],[88.426003,26.357927],[88.366781,26.313434],[88.336602,26.281808],[88.334535,26.230803],[88.308697,26.206102],[88.250303,26.188015],[88.229787,26.184036],[88.205654,26.166414],[88.163796,26.140473],[88.144469,26.095876],[88.141162,26.075464],[88.157905,26.050452],[88.125866,26.0134],[88.106539,25.979966],[88.088039,25.923225],[88.082044,25.863849],[88.087574,25.839974],[88.103335,25.814808],[88.114911,25.787264],[88.146433,25.77574],[88.18271,25.792432],[88.227462,25.804266],[88.259915,25.789021],[88.320273,25.725253],[88.392981,25.680759],[88.41944,25.653784],[88.423781,25.592237],[88.475405,25.562575],[88.512767,25.523714],[88.530286,25.500202],[88.550956,25.496481],[88.593589,25.495086],[88.645421,25.467336],[88.66635,25.462891],[88.687072,25.473898],[88.71415,25.492812],[88.742572,25.495189],[88.772338,25.501959],[88.793112,25.48196],[88.814919,25.458602],[88.816315,25.437208],[88.799313,25.401706],[88.813266,25.380054],[88.81833,25.359642],[88.841998,25.332822],[88.880187,25.323468],[88.902873,25.303418],[88.926489,25.300472],[88.975323,25.302643],[88.982351,25.274892],[88.937754,25.240166],[88.927988,25.21593],[88.927884,25.192727],[88.924163,25.167871],[88.898635,25.169318],[88.830216,25.191332],[88.809132,25.195259],[88.792337,25.166579],[88.724537,25.166475],[88.664593,25.186888],[88.634259,25.192262],[88.599119,25.19314],[88.577725,25.177482],[88.554677,25.171126],[88.523154,25.179808],[88.491838,25.191125],[88.441299,25.18973],[88.434168,25.116659],[88.425796,25.051056],[88.414117,25.021523],[88.391018,24.99509],[88.387865,24.968761],[88.37567,24.94561],[88.340892,24.90414],[88.322753,24.874684],[88.296812,24.869698],[88.25485,24.879955],[88.232836,24.918273],[88.20245,24.9453],[88.16452,24.941114],[88.114911,24.916413],[88.138062,24.863496],[88.13124,24.831767],[88.107779,24.801097],[88.085352,24.784018],[88.07698,24.761177],[88.053209,24.754976],[88.048455,24.711206],[88.027164,24.67573],[88.02179,24.645603],[88.05724,24.634105],[88.067265,24.613667],[88.08499,24.541733],[88.107934,24.507963],[88.138785,24.49525],[88.401301,24.369418],[88.475405,24.315468],[88.49835,24.310972],[88.5631,24.308207],[88.612451,24.292885],[88.634517,24.294125],[88.649503,24.315364],[88.660149,24.338257],[88.681801,24.33389],[88.714564,24.315416],[88.737508,24.287097],[88.743038,24.247539],[88.747482,24.226972],[88.734821,24.198421],[88.69379,24.175321],[88.67808,24.154289],[88.68299,24.124291],[88.675393,24.091838],[88.67901,24.071219],[88.700921,24.04365],[88.725002,24.038379],[88.71384,24.014685],[88.708363,23.98355],[88.717148,23.943139],[88.704435,23.913709],[88.666505,23.8795],[88.633949,23.866141],[88.613175,23.867847],[88.577621,23.85516],[88.577621,23.827616],[88.57235,23.806894],[88.557674,23.785681],[88.552507,23.765424],[88.561188,23.741007],[88.540104,23.649953],[88.56124,23.632486],[88.561085,23.608612],[88.581549,23.588329],[88.609247,23.588794],[88.647643,23.535076],[88.69379,23.499807],[88.719421,23.468104],[88.743709,23.489317],[88.770168,23.488826],[88.767894,23.467277],[88.719266,23.348292],[88.69503,23.312609],[88.686607,23.271604],[88.710016,23.241218],[88.775697,23.221633],[88.800967,23.230754],[88.822671,23.237963],[88.909642,23.212434],[88.954239,23.207422],[88.954704,23.183806],[88.919099,23.153859],[88.864787,23.100271],[88.8513,23.07513],[88.848716,23.023841],[88.839414,22.995368],[88.842773,22.964568],[88.861738,22.942399],[88.893468,22.879638],[88.933103,22.858115],[88.946798,22.834525],[88.941217,22.795664],[88.926231,22.767035],[88.908144,22.740784],[88.92251,22.693706],[88.930003,22.658618],[88.942354,22.637482],[88.952017,22.611903],[88.95641,22.584979],[88.950312,22.561983],[88.927988,22.548134],[88.959045,22.536817],[88.979974,22.490928],[88.998371,22.451241],[89.002505,22.427986],[88.99217,22.406954],[88.989586,22.386903],[89.001523,22.333677],[89.023537,22.294816],[89.018628,22.264689],[89.062295,22.211565],[89.076196,22.17503],[89.078159,22.150845],[89.060693,22.130485],[89.039887,22.100898],[89.04005,22.069525],[89.054047,22.043647],[89.065603,21.967108],[89.060883,21.938463],[89.036876,21.925116],[89.013031,21.929429],[89.009532,21.904608],[88.96046,21.934312],[88.937836,21.948717],[88.934581,21.969306],[88.91391,21.986558],[88.910818,21.946479],[88.924083,21.926337],[88.951915,21.913886],[88.99586,21.884182],[89.01588,21.853339],[89.030935,21.770453],[89.043712,21.733344],[89.067882,21.709133],[89.082774,21.678209],[89.088227,21.633734],[89.06422,21.609198],[89.038829,21.619452],[89.000255,21.60342],[88.975759,21.615912],[88.933849,21.643948],[88.896983,21.650133],[88.881602,21.672024],[88.872081,21.74901],[88.841563,21.716254],[88.842947,21.684149],[88.859874,21.652574],[88.844249,21.622219],[88.823985,21.617255],[88.797862,21.640204],[88.81837,21.65762],[88.810883,21.691718],[88.800466,21.661851],[88.779063,21.65119],[88.781749,21.614244],[88.796641,21.584418],[88.762462,21.555854],[88.727875,21.559882],[88.70753,21.578315],[88.722179,21.609198],[88.687999,21.678127],[88.703624,21.810614],[88.694509,21.83983],[88.714692,21.897854],[88.71697,21.951972],[88.733165,21.9772],[88.758311,21.999457],[88.754649,22.037584],[88.717052,22.058051],[88.714854,22.086982],[88.763031,22.130561],[88.726573,22.121161],[88.701671,22.095852],[88.692882,22.065863],[88.718516,22.048041],[88.723318,22.013088],[88.701671,21.97602],[88.689952,21.94599],[88.667003,21.945014],[88.642589,21.940904],[88.627452,21.970404],[88.646332,22.00023],[88.652599,22.031806],[88.64503,22.075141],[88.639496,22.097235],[88.656993,22.151068],[88.683116,22.184963],[88.660167,22.205024],[88.656016,22.183254],[88.644298,22.162299],[88.63087,22.1258],[88.618337,22.102973],[88.619965,22.078315],[88.625987,22.048041],[88.60255,22.006415],[88.600271,21.947211],[88.567068,21.850816],[88.56544,21.771186],[88.604177,21.778754],[88.632823,21.750067],[88.623383,21.710273],[88.598643,21.70539],[88.59962,21.637274],[88.595063,21.612128],[88.578136,21.571682],[88.54477,21.561998],[88.543956,21.534084],[88.51295,21.524644],[88.487966,21.556545],[88.495616,21.581855],[88.516124,21.612616],[88.518809,21.639146],[88.509532,21.712307],[88.504893,21.741523],[88.512706,21.763414],[88.532888,21.795315],[88.531016,21.824123],[88.51588,21.850816],[88.495616,21.876695],[88.514659,21.916205],[88.514985,21.937201],[88.492361,21.922024],[88.474457,21.890326],[88.492035,21.837144],[88.4935,21.805162],[88.468272,21.777248],[88.45338,21.741767],[88.454763,21.70539],[88.468598,21.677151],[88.468272,21.643948],[88.441905,21.616156],[88.409679,21.59927],[88.383556,21.631415],[88.382823,21.671332],[88.392589,21.698554],[88.364513,21.686957],[88.340668,21.697496],[88.331228,21.719062],[88.327403,21.691107],[88.345714,21.6706],[88.348806,21.650295],[88.33546,21.61579],[88.309744,21.610175],[88.304454,21.63345],[88.302013,21.745185],[88.289806,21.780219],[88.261567,21.798651],[88.264171,21.775295],[88.295421,21.676581],[88.297048,21.653876],[88.28419,21.621243],[88.287608,21.600287],[88.305837,21.571682],[88.278982,21.555162],[88.254405,21.554674],[88.245942,21.579901],[88.237478,21.601711],[88.208263,21.602973],[88.189464,21.641791],[88.181895,21.665229],[88.19044,21.704088],[88.203461,21.724351],[88.21046,21.74726],[88.201427,21.774319],[88.203787,21.805406],[88.154063,21.888088],[88.146739,21.959215],[88.156261,21.990871],[88.206798,22.053371],[88.222423,22.077948],[88.212738,22.100043],[88.20338,22.15176],[88.165294,22.185004],[88.118419,22.200181],[88.081309,22.217353],[88.077322,22.240424],[88.043468,22.224758],[88.009044,22.240424],[87.985118,22.265937],[87.967459,22.298489],[87.964203,22.319281],[87.950694,22.356187],[87.946137,22.394924],[87.927989,22.424221],[87.906586,22.42475],[87.922862,22.397773],[87.935802,22.35517],[87.94752,22.277655],[87.965343,22.244818],[87.991954,22.215888],[88.025401,22.200914],[88.057384,22.198879],[88.09547,22.19123],[88.132579,22.179145],[88.160981,22.156562],[88.173513,22.116889],[88.164317,22.089789],[88.140636,22.060126],[88.111176,22.034857],[88.084727,22.020697],[88.048595,22.020738],[88.049001,21.995429],[88.0324,21.95718],[87.983653,21.854193],[87.957774,21.828925],[87.909028,21.798814],[87.894786,21.778754],[87.867198,21.7508],[87.833995,21.729315],[87.755707,21.691718],[87.703787,21.655504],[87.6421,21.652086],[87.621349,21.650621],[87.477387,21.613593],[87.436555,21.675628],[87.427873,21.703663],[87.431284,21.746451],[87.424463,21.774744],[87.275014,21.813966],[87.251967,21.822105],[87.231503,21.848098],[87.219617,21.884995],[87.214656,21.92414],[87.190678,21.956205],[87.155435,21.972096],[87.120812,21.976928],[87.100761,21.951296],[87.076163,21.932899],[87.059213,21.90719],[87.031412,21.907991],[87.004953,21.936982],[86.995858,21.957032],[87.004747,22.000053],[87.004747,22.02571],[86.999372,22.049895],[86.97126,22.079531],[86.943768,22.096404],[86.892712,22.116583],[86.861396,22.120511],[86.833904,22.121751],[86.781608,22.155185],[86.749052,22.174306],[86.715462,22.183504],[86.686523,22.218024],[86.706677,22.23301],[86.728691,22.246472],[86.750602,22.240503],[86.767758,22.277349],[86.795767,22.285229],[86.833904,22.28833],[86.848374,22.310086],[86.816644,22.336389],[86.797731,22.365379],[86.79587,22.398659],[86.773753,22.432352],[86.729828,22.456097],[86.713602,22.482943],[86.716289,22.505578],[86.7413,22.502374],[86.757216,22.526429],[86.74006,22.55821],[86.702336,22.585883],[86.639601,22.591541],[86.611386,22.604254],[86.594642,22.632546],[86.586891,22.680683],[86.524362,22.729414],[86.498731,22.743134],[86.469585,22.742824],[86.399099,22.784966],[86.395585,22.812665],[86.400236,22.839356],[86.400649,22.862998],[86.411398,22.894882],[86.413878,22.915423],[86.410468,22.935784],[86.441473,22.964025],[86.467208,22.972474],[86.495217,22.976944],[86.468345,22.998467],[86.314039,23.008596],[86.260503,23.01981],[86.218025,23.019887],[86.19291,23.007743],[86.163558,23.011051],[86.142474,23.028259],[86.020207,23.152592],[85.982587,23.175046],[85.959952,23.179128],[85.900111,23.166364],[85.8782,23.188792],[85.871172,23.210702],[85.839133,23.240623],[85.829831,23.260803],[85.832725,23.283127],[85.843991,23.307027],[85.85939,23.3293],[85.880681,23.356301],[85.885022,23.391131],[85.89484,23.416478],[85.847194,23.425883],[85.830658,23.448388],[85.82239,23.470196],[85.849468,23.493192],[85.903005,23.502674],[85.942486,23.502855],[85.996436,23.511511],[86.014419,23.538434],[86.001397,23.572334],[86.007288,23.593625],[86.039121,23.607164],[86.098342,23.578742],[86.129141,23.578354],[86.12356,23.514224],[86.126454,23.492468],[86.149088,23.486577],[86.184848,23.472263],[86.214304,23.449163],[86.242829,23.443582],[86.273008,23.453737],[86.302464,23.478076],[86.323548,23.494096],[86.340188,23.518332],[86.340911,23.542388],[86.348352,23.567942],[86.379875,23.598017],[86.410468,23.616569],[86.458527,23.638609],[86.542449,23.66021],[86.58317,23.677392],[86.646112,23.6969],[86.764038,23.71478],[86.799798,23.725529],[86.817885,23.750127],[86.822432,23.776895],[86.811373,23.806532],[86.815094,23.836685],[86.846307,23.868104],[86.859639,23.888155],[86.869768,23.908386],[86.889818,23.912003],[86.958961,23.873091],[86.979942,23.863867],[87.007847,23.861877],[87.036993,23.839114],[87.079677,23.815213],[87.131871,23.803121],[87.166287,23.810227],[87.16329,23.83777],[87.139415,23.859939],[87.165047,23.878465],[87.186027,23.872781],[87.213003,23.862911],[87.241218,23.850844],[87.248246,23.875959],[87.247626,23.897508],[87.275634,23.915543],[87.285143,23.940684],[87.276151,23.966134],[87.25238,23.987063],[87.231296,24.019206],[87.235533,24.040419],[87.301576,24.056852],[87.32173,24.042667],[87.32545,24.017527],[87.397177,24.023392],[87.417641,24.023934],[87.44658,24.0167],[87.472005,24.034063],[87.491228,24.055922],[87.489988,24.081579],[87.486888,24.124135],[87.517273,24.138914],[87.55169,24.1138],[87.57205,24.117572],[87.58683,24.149224],[87.58931,24.170825],[87.636129,24.178163],[87.661554,24.186198],[87.652769,24.21891],[87.628998,24.219607],[87.623313,24.239994],[87.623727,24.260483],[87.652872,24.276891],[87.691836,24.296553],[87.720568,24.317792],[87.775759,24.419311],[87.778446,24.446002],[87.78041,24.471788],[87.798497,24.494526],[87.797256,24.515041],[87.790848,24.562455],[87.759843,24.581497],[87.767697,24.601599],[87.792915,24.596587],[87.822991,24.581394],[87.849243,24.579534],[87.877251,24.58868],[87.899989,24.620952],[87.873841,24.629789],[87.880662,24.65002],[87.895442,24.670303],[87.879008,24.694384],[87.876838,24.716192],[87.86795,24.736862],[87.853274,24.758437],[87.830433,24.761383],[87.811002,24.785542],[87.841181,24.788306],[87.861955,24.851532],[87.879112,24.878688],[87.880869,24.915508],[87.877458,24.938866],[87.858855,25.008887],[87.849553,25.030643],[87.79736,25.083741],[87.776276,25.096789],[87.776482,25.117925],[87.770385,25.147949],[87.769454,25.173141],[87.78351,25.200297],[87.8171,25.246676],[87.838081,25.27776],[87.829192,25.302151],[87.821234,25.322873],[87.813689,25.347342],[87.796326,25.368116],[87.774829,25.366979],[87.763357,25.388735],[87.749714,25.411317],[87.768317,25.433177],[87.819374,25.457439],[87.849966,25.471107],[87.878182,25.499762],[87.922623,25.514438],[87.94288,25.525367],[87.97492,25.528313],[87.990526,25.507694],[88.067421,25.49108],[88.06494,25.519864],[88.04613,25.542627],[88.052124,25.584563],[88.056775,25.614122],[88.050471,25.64567],[88.04644,25.668873],[88.032901,25.691326],[88.005099,25.710808],[87.94257,25.735329],[87.910531,25.76512],[87.897509,25.786566],[87.88707,25.813308],[87.865056,25.843901],[87.824335,25.86284],[87.800977,25.878782],[87.789195,25.902373],[87.793226,25.923379],[87.814413,25.931802],[87.824541,25.966296],[87.829916,25.986579],[87.831363,26.010557],[87.86733,26.049185],[87.936679,26.099002],[87.970269,26.138302],[87.992387,26.146828],[88.016468,26.150885],[88.038068,26.171116],[88.067731,26.18512],[88.09791,26.211114],[88.11858,26.226487],[88.154444,26.265426],[88.180489,26.285528],[88.208911,26.293589],[88.251079,26.326765],[88.276504,26.334904],[88.297174,26.336222],[88.303685,26.359968],[88.278674,26.383558],[88.254489,26.396038],[88.27423,26.420842],[88.270819,26.444226],[88.237436,26.474638],[88.216456,26.484844],[88.195268,26.50014],[88.20581,26.539724],[88.150206,26.535306],[88.121888,26.5305],[88.087136,26.5391],[88.101681,26.581944],[88.14664,26.661216],[88.163383,26.705141],[88.169067,26.744002],[88.159042,26.802551],[88.155321,26.845598],[88.142816,26.878412],[88.12044,26.90885],[88.096824,26.959337],[88.076877,26.99179],[88.055948,27.018042],[88.027371,27.035353],[87.9913,27.081501],[87.970733,27.10274],[87.985461,27.14837],[87.989337,27.218391],[88.004663,27.249163],[88.036208,27.22932],[88.069591,27.209037],[88.081993,27.169582],[88.100597,27.143382],[88.148553,27.137853],[88.193408,27.143537],[88.233095,27.137104],[88.336552,27.098966],[88.357429,27.085117],[88.403628,27.090827],[88.423988,27.099897],[88.447656,27.114495],[88.518039,27.176223],[88.542327,27.178083],[88.613537,27.168135],[88.66449,27.173355],[88.693326,27.155113],[88.719371,27.146199],[88.733082,27.148972]]],[[[88.872895,21.595526],[88.902029,21.580268],[88.91391,21.548407],[88.879731,21.529975],[88.838715,21.531928],[88.830821,21.577379],[88.841319,21.614],[88.872895,21.595526]]],[[[88.050548,21.70539],[88.090017,21.808661],[88.119314,21.859524],[88.146739,21.869859],[88.167003,21.765448],[88.163422,21.705471],[88.132579,21.684963],[88.144379,21.657782],[88.139415,21.630316],[88.1185,21.627672],[88.091563,21.636542],[88.063487,21.636664],[88.043142,21.65762],[88.043956,21.680854],[88.050548,21.70539]]],[[[88.636241,21.921373],[88.663259,21.921291],[88.667003,21.890326],[88.655284,21.866604],[88.649181,21.842353],[88.646332,21.787909],[88.59962,21.803656],[88.584972,21.826606],[88.598643,21.869859],[88.616466,21.897935],[88.636241,21.921373]]],[[[88.080903,21.849351],[88.071056,21.873603],[88.077322,21.904608],[88.094249,21.937893],[88.118907,21.945014],[88.132579,21.920478],[88.125011,21.888658],[88.104991,21.861151],[88.080903,21.849351]]]]}},{"type":"Feature","properties":{"name":"Assam","code":"IN-AS"},"geometry":{"type":"Polygon","coordinates":[[[89.858701,26.722057],[89.880281,26.716252],[89.912113,26.716717],[89.975262,26.731858],[90.089157,26.741728],[90.127191,26.751392],[90.152202,26.771752],[90.17742,26.832058],[90.210907,26.851489],[90.265994,26.851592],[90.300875,26.868284],[90.328574,26.890659],[90.348831,26.896654],[90.382627,26.891796],[90.475232,26.83242],[90.587783,26.780072],[90.717077,26.767049],[90.944493,26.77887],[91.007395,26.782139],[91.062069,26.804567],[91.091938,26.804773],[91.127078,26.800898],[91.198185,26.802344],[91.232498,26.795161],[91.261954,26.779038],[91.296577,26.774594],[91.330063,26.785498],[91.358382,26.806169],[91.378122,26.842807],[91.406338,26.869524],[91.460598,26.869369],[91.484472,26.852729],[91.507417,26.808029],[91.539353,26.79883],[91.57563,26.810148],[91.637951,26.798985],[91.702133,26.803481],[91.731589,26.816194],[91.795254,26.853504],[91.825123,26.858465],[91.849515,26.834746],[91.863054,26.804773],[91.886928,26.814437],[91.874009,26.844306],[91.895507,26.853504],[91.89313,26.881358],[91.925686,26.878671],[91.957415,26.854279],[92.03586,26.854848],[92.072757,26.887766],[92.080371,26.921571],[92.112135,26.920218],[92.21032,26.912337],[92.257656,26.924558],[92.278637,26.932362],[92.315844,26.933447],[92.36566,26.949983],[92.475524,26.976777],[92.547354,26.999438],[92.605748,27.009437],[92.626212,27.018067],[92.655461,27.043104],[92.678819,27.061088],[92.74052,27.062638],[92.814831,27.050804],[92.902578,27.018377],[92.936167,27.001453],[92.944952,26.978638],[92.988464,26.958303],[93.020297,26.953006],[93.375004,26.988792],[93.400325,26.985537],[93.431021,26.967476],[93.460683,26.947244],[93.524969,26.968096],[93.546363,26.972902],[93.60207,26.977165],[93.632042,26.983366],[93.694674,27.005949],[93.718135,27.019876],[93.759683,27.055636],[93.796477,27.080621],[93.826552,27.095995],[93.825829,27.141522],[93.827069,27.16705],[93.84659,27.198892],[93.959525,27.305927],[93.982512,27.327712],[94.028504,27.362542],[94.066331,27.385822],[94.112628,27.422535],[94.243064,27.525969],[94.256914,27.548086],[94.240894,27.574622],[94.217226,27.596843],[94.218983,27.626634],[94.243064,27.647977],[94.266009,27.639321],[94.289056,27.615162],[94.312001,27.610382],[94.352929,27.593122],[94.44915,27.616196],[94.474575,27.593872],[94.499896,27.60568],[94.525941,27.603897],[94.556637,27.614413],[94.607073,27.646504],[94.66278,27.668699],[94.722415,27.686915],[94.788978,27.699441],[94.82679,27.714147],[94.896187,27.745814],[94.948138,27.76952],[95.247034,27.866155],[95.29406,27.89238],[95.340879,27.881193],[95.366407,27.872976],[95.408368,27.870831],[95.493014,27.885663],[95.543554,27.90207],[95.568978,27.916384],[95.672331,27.977957],[95.716773,27.990204],[95.964096,27.993305],[95.96637,27.969869],[95.951487,27.947855],[95.938155,27.919149],[95.900741,27.86538],[95.813408,27.774429],[95.787363,27.741744],[95.775891,27.717327],[95.787983,27.6957],[95.795114,27.63697],[95.811858,27.61356],[95.837799,27.594027],[95.871595,27.576379],[95.892059,27.514677],[95.879554,27.462613],[95.890406,27.438661],[95.884825,27.409748],[95.93216,27.441323],[95.952934,27.450237],[95.978256,27.449694],[96.004094,27.4229],[96.011122,27.376365],[95.98177,27.350656],[95.9642,27.324508],[95.931644,27.307687],[95.91428,27.28234],[95.878934,27.286087],[95.851855,27.283555],[95.811858,27.286345],[95.643806,27.230328],[95.622412,27.232963],[95.59771,27.247872],[95.575386,27.264589],[95.545931,27.273943],[95.511101,27.26198],[95.488053,27.241542],[95.478545,27.210071],[95.463145,27.176869],[95.423768,27.141289],[95.386044,27.128654],[95.356898,27.115064],[95.304912,27.079123],[95.261193,27.048866],[95.238352,27.042768],[95.215822,27.046489],[95.190603,27.044629],[95.165902,27.023984],[95.15226,27.003778],[95.031233,26.933498],[94.99847,26.923318],[94.966224,26.927142],[94.930981,26.948433],[94.91031,26.946676],[94.873207,26.91505],[94.832589,26.857276],[94.798896,26.814384],[94.76541,26.788029],[94.690479,26.741004],[94.668982,26.732115],[94.587229,26.699921],[94.558084,26.700903],[94.531419,26.688242],[94.510438,26.677132],[94.486564,26.676667],[94.459589,26.647728],[94.428686,26.616877],[94.421245,26.593416],[94.420625,26.567474],[94.396543,26.534401],[94.370809,26.51187],[94.345487,26.489701],[94.316962,26.481485],[94.29226,26.52975],[94.269626,26.55471],[94.247405,26.523291],[94.207201,26.483707],[94.189218,26.447482],[94.183947,26.395598],[94.177435,26.372447],[94.160485,26.351208],[94.134647,26.333742],[94.102918,26.303563],[94.00773,26.184397],[94.00897,26.142642],[94.002666,26.076755],[93.983339,26.053087],[93.969696,26.027042],[93.969076,25.999654],[93.97445,25.977536],[93.98923,25.94622],[93.974037,25.923173],[93.947785,25.886172],[93.90417,25.85682],[93.835854,25.845141],[93.805778,25.834082],[93.779113,25.831033],[93.778803,25.854495],[93.802885,25.880953],[93.810119,25.903639],[93.807949,25.931389],[93.796373,25.951595],[93.768881,25.96069],[93.747281,25.955419],[93.724956,25.943326],[93.697361,25.933404],[93.677621,25.911442],[93.702632,25.881418],[93.696741,25.855476],[93.599693,25.780546],[93.524349,25.689285],[93.477323,25.653111],[93.419135,25.617041],[93.379034,25.580868],[93.345858,25.556993],[93.340587,25.529295],[93.361361,25.507591],[93.384616,25.480874],[93.405906,25.454157],[93.427817,25.442478],[93.443733,25.421704],[93.454482,25.395039],[93.45872,25.36362],[93.454999,25.338092],[93.449211,25.302125],[93.422856,25.276597],[93.394331,25.235049],[93.365702,25.177662],[93.345858,25.124358],[93.328185,25.098572],[93.316403,25.074749],[93.288187,25.059013],[93.262969,25.035992],[93.260075,25.008836],[93.276302,24.980103],[93.26514,24.958374],[93.241782,24.949253],[93.251704,24.927497],[93.227002,24.880161],[93.207159,24.847579],[93.203541,24.823963],[93.181114,24.809442],[93.156412,24.8228],[93.135328,24.819157],[93.117655,24.797195],[93.103186,24.743219],[93.093057,24.716502],[93.088096,24.690276],[93.099052,24.654387],[93.080035,24.62444],[93.095641,24.593641],[93.090577,24.569818],[93.064532,24.558915],[93.052749,24.522664],[93.045721,24.444529],[93.03673,24.414608],[93.011822,24.4128],[92.991875,24.380709],[92.944126,24.385282],[92.863407,24.365619],[92.837259,24.367609],[92.783825,24.461556],[92.75778,24.482976],[92.714579,24.393318],[92.707344,24.369572],[92.679542,24.342158],[92.630863,24.295132],[92.622285,24.265289],[92.624455,24.238521],[92.599651,24.228676],[92.557276,24.191366],[92.524823,24.165631],[92.501879,24.140852],[92.480175,24.129225],[92.453303,24.132326],[92.431289,24.152996],[92.414856,24.195707],[92.424777,24.219685],[92.368864,24.24157],[92.29848,24.23772],[92.230991,24.248029],[92.254349,24.337068],[92.260756,24.36704],[92.257759,24.396005],[92.239466,24.428923],[92.234401,24.479385],[92.221689,24.500417],[92.158851,24.538296],[92.163604,24.5592],[92.173422,24.608396],[92.182931,24.647256],[92.233781,24.777533],[92.236881,24.80859],[92.221792,24.856908],[92.223032,24.891376],[92.252177,24.902977],[92.290245,24.891351],[92.358146,24.853749],[92.380748,24.836702],[92.442037,24.855409],[92.477693,24.86391],[92.49454,24.894864],[92.483791,24.928221],[92.449788,24.946437],[92.412478,24.984083],[92.38695,24.99509],[92.409068,25.025785],[92.45382,25.070098],[92.48896,25.093921],[92.510147,25.112938],[92.533815,25.12503],[92.557483,25.127898],[92.560686,25.150248],[92.586421,25.149266],[92.639235,25.156217],[92.680369,25.18792],[92.805529,25.227711],[92.798088,25.251301],[92.787546,25.276623],[92.792507,25.304451],[92.798295,25.327343],[92.789613,25.348892],[92.764395,25.367263],[92.742277,25.391965],[92.701763,25.425528],[92.670447,25.439094],[92.636754,25.447439],[92.620321,25.46997],[92.587662,25.485215],[92.610089,25.511983],[92.636444,25.534772],[92.652567,25.559913],[92.678819,25.586733],[92.677889,25.610633],[92.655771,25.611486],[92.624042,25.59296],[92.603991,25.58433],[92.521412,25.661586],[92.476867,25.699879],[92.433149,25.729386],[92.413615,25.751839],[92.382403,25.764345],[92.353981,25.752925],[92.331346,25.736569],[92.266751,25.723288],[92.227684,25.713754],[92.204739,25.703754],[92.178384,25.684686],[92.173837,25.755172],[92.170633,25.787548],[92.165465,25.809174],[92.183965,25.846976],[92.197918,25.884984],[92.214661,25.919478],[92.187169,25.942784],[92.174043,25.970224],[92.183965,25.993013],[92.26148,26.055413],[92.268405,26.078409],[92.164122,26.088382],[92.118026,26.07213],[92.054051,26.056834],[92.0309,26.059288],[91.954315,26.042726],[91.922483,26.03823],[91.890857,26.043656],[91.848792,26.079003],[91.825331,26.089261],[91.792878,26.082646],[91.75195,26.048074],[91.735,26.00048],[91.718154,25.967692],[91.693763,25.94144],[91.672472,25.931157],[91.641259,25.932784],[91.632578,25.961051],[91.644257,25.991747],[91.644877,26.015725],[91.606223,26.037713],[91.582348,26.026887],[91.568396,26.000041],[91.540594,25.966839],[91.50256,25.918728],[91.474655,25.896249],[91.496565,25.882891],[91.527365,25.901598],[91.473518,25.861833],[91.41626,25.858758],[91.360553,25.843255],[91.329134,25.821215],[91.314354,25.79871],[91.269086,25.751607],[91.233532,25.731866],[91.208108,25.736181],[91.199323,25.76065],[91.197669,25.795609],[91.194258,25.829354],[91.198702,25.856975],[91.096797,25.839922],[91.073025,25.839767],[91.04636,25.842893],[91.024966,25.839095],[91.029927,25.874364],[91.028997,25.899298],[91.004916,25.91723],[90.981558,25.936686],[90.924611,25.941699],[90.898772,25.9479],[90.868387,25.951595],[90.824358,25.946194],[90.788288,25.927436],[90.768961,25.953662],[90.691757,25.949605],[90.667779,25.941621],[90.644318,25.931467],[90.630985,25.956685],[90.609591,25.969397],[90.593261,25.948675],[90.538381,25.911287],[90.539415,25.935497],[90.551713,25.961258],[90.51523,26.000119],[90.494869,26.009911],[90.462107,26.010867],[90.397098,26.017146],[90.37374,26.014356],[90.336636,25.990507],[90.296122,25.980223],[90.21685,25.974255],[90.135615,25.959785],[90.114428,25.945471],[90.089623,25.920795],[90.056653,25.899737],[90.032159,25.875527],[90.02017,25.852402],[89.989784,25.825323],[89.974178,25.801578],[89.972627,25.78052],[89.962912,25.754139],[89.944619,25.72582],[89.940898,25.70409],[89.949166,25.665798],[89.966633,25.638616],[89.993711,25.61655],[90.002083,25.586811],[89.980792,25.567509],[89.951027,25.559319],[89.919814,25.560533],[89.897283,25.541361],[89.89625,25.498651],[89.888808,25.473303],[89.834031,25.448292],[89.808568,25.439507],[89.82323,25.489143],[89.82509,25.564487],[89.834392,25.634767],[89.824212,25.674093],[89.801526,25.724684],[89.783129,25.814446],[89.786953,25.839147],[89.830051,25.90798],[89.834392,25.931752],[89.810724,25.93878],[89.825607,25.965703],[89.815272,25.995107],[89.789434,25.987976],[89.776411,26.008233],[89.755844,26.032417],[89.748713,26.059031],[89.749849,26.083887],[89.728766,26.114169],[89.718482,26.145537],[89.697656,26.154787],[89.670371,26.154115],[89.657829,26.187174],[89.687063,26.193001],[89.708354,26.201037],[89.735329,26.211708],[89.732642,26.237546],[89.75879,26.263178],[89.774293,26.297362],[89.806539,26.320409],[89.828864,26.327851],[89.815118,26.347901],[89.82659,26.369967],[89.853565,26.451797],[89.869895,26.500062],[89.888498,26.532903],[89.87899,26.636979],[89.853978,26.709429],[89.858701,26.722057]]]}},{"type":"Feature","properties":{"name":"Uttarakhand","code":"IN-UT"},"geometry":{"type":"Polygon","coordinates":[[[80.21622,30.566818],[80.252806,30.565009],[80.325877,30.546509],[80.424992,30.497829],[80.475429,30.480466],[80.508295,30.462328],[80.545088,30.461036],[80.575267,30.466255],[80.596351,30.459796],[80.694743,30.411737],[80.723062,30.392048],[80.754998,30.345797],[80.781663,30.320993],[80.866981,30.288488],[80.943772,30.270143],[80.976018,30.255209],[80.996275,30.22689],[80.996017,30.196969],[80.920827,30.17666],[80.893647,30.198104],[80.867911,30.200173],[80.83644,30.170046],[80.849669,30.143381],[80.829825,30.117129],[80.769674,30.077287],[80.725749,30.022768],[80.680171,29.992072],[80.654126,29.970575],[80.622293,29.958173],[80.586223,29.954142],[80.562865,29.929699],[80.549533,29.89368],[80.527312,29.862416],[80.476152,29.80614],[80.454861,29.790586],[80.395227,29.776582],[80.368975,29.757926],[80.354299,29.730279],[80.354402,29.70488],[80.363911,29.679714],[80.377553,29.652946],[80.386752,29.626823],[80.385201,29.604835],[80.373316,29.58419],[80.350785,29.562073],[80.327221,29.548585],[80.327221,29.52484],[80.29146,29.494738],[80.266242,29.47213],[80.257457,29.450064],[80.228312,29.441718],[80.213739,29.416888],[80.242161,29.367408],[80.249499,29.326997],[80.272754,29.315705],[80.282779,29.291314],[80.278748,29.268085],[80.258181,29.202456],[80.236063,29.213076],[80.213739,29.196565],[80.230482,29.154733],[80.220664,29.126079],[80.180563,29.121324],[80.132607,29.110214],[80.113073,29.072206],[80.104702,29.027609],[80.107906,28.994769],[80.085168,28.967484],[80.052922,28.949113],[80.033905,28.915936],[80.030288,28.87767],[80.036386,28.837026],[80.073054,28.820925],[80.064705,28.793798],[80.028015,28.75225],[80.000626,28.737316],[79.971998,28.732872],[79.93479,28.7476],[79.929933,28.768554],[79.906575,28.776151],[79.895103,28.80509],[79.873192,28.815812],[79.84446,28.804857],[79.837949,28.844751],[79.832058,28.86599],[79.763638,28.884387],[79.743278,28.88524],[79.725604,28.858911],[79.699353,28.850436],[79.632793,28.863329],[79.61233,28.853278],[79.588248,28.849118],[79.574812,28.87108],[79.526237,28.878418],[79.443658,28.849583],[79.430532,28.876326],[79.416683,28.921775],[79.38578,28.954615],[79.361285,28.970325],[79.340615,28.962987],[79.320048,28.964537],[79.29638,28.971565],[79.170599,29.051121],[79.145278,29.077812],[79.13918,29.106906],[79.055878,29.151761],[79.0134,29.14202],[78.950354,29.127008],[78.913768,29.105588],[78.905086,29.158789],[78.885656,29.197365],[78.721531,29.284027],[78.726595,29.304439],[78.74923,29.323843],[78.776618,29.321983],[78.796772,29.320769],[78.809484,29.342137],[78.831395,29.350328],[78.860024,29.35025],[78.906946,29.388362],[78.919039,29.41252],[78.833049,29.443862],[78.806384,29.453086],[78.643086,29.537577],[78.589033,29.580107],[78.554203,29.620905],[78.536116,29.647803],[78.514825,29.689144],[78.478652,29.721959],[78.38057,29.761569],[78.352665,29.787769],[78.32538,29.843088],[78.286519,29.89231],[78.228331,29.947423],[78.193605,29.956208],[78.167663,29.946932],[78.154951,29.925435],[78.156398,29.899907],[78.160739,29.877143],[78.190504,29.7926],[78.197842,29.748159],[78.189057,29.706688],[78.154951,29.674985],[78.107202,29.654521],[78.084361,29.660722],[78.040022,29.688188],[77.982765,29.718755],[77.953723,29.723199],[77.923027,29.700952],[77.831456,29.659895],[77.783811,29.741751],[77.776369,29.767486],[77.767688,29.819369],[77.750944,29.860193],[77.748154,29.919854],[77.74309,29.959955],[77.790632,30.039485],[77.83497,30.131391],[77.86918,30.165756],[77.920547,30.198725],[77.946075,30.228336],[77.811613,30.29226],[77.750634,30.325617],[77.661544,30.394915],[77.636533,30.401426],[77.585063,30.382926],[77.567493,30.406361],[77.575865,30.428737],[77.597776,30.437031],[77.623304,30.441114],[77.644491,30.442173],[77.664955,30.445971],[77.688623,30.455196],[77.768514,30.49819],[77.791665,30.507285],[77.812956,30.521057],[77.813783,30.546663],[77.784741,30.554673],[77.743296,30.600561],[77.763347,30.616452],[77.76469,30.660842],[77.74433,30.685388],[77.739266,30.719469],[77.707019,30.759415],[77.705779,30.791454],[77.729137,30.836387],[77.741746,30.869744],[77.769341,30.876875],[77.793422,30.895737],[77.792906,30.919793],[77.771512,30.941652],[77.750118,30.96904],[77.775542,30.980151],[77.802104,30.992165],[77.806962,31.013069],[77.798487,31.041361],[77.865873,31.102779],[77.897809,31.137996],[77.928918,31.165256],[77.952793,31.176289],[78.008913,31.16908],[78.039712,31.17218],[78.070822,31.185203],[78.117227,31.214193],[78.186163,31.248093],[78.234533,31.261193],[78.284245,31.290338],[78.312977,31.294498],[78.348427,31.289873],[78.368685,31.290028],[78.391112,31.274345],[78.411163,31.267678],[78.433693,31.268066],[78.473691,31.231918],[78.500976,31.219568],[78.53994,31.226518],[78.581695,31.231066],[78.605156,31.230032],[78.633371,31.220808],[78.666547,31.214297],[78.687218,31.215847],[78.722565,31.213806],[78.753467,31.209181],[78.778479,31.209697],[78.800596,31.199879],[78.819716,31.164325],[78.846278,31.135154],[78.869533,31.121977],[78.933198,31.118514],[78.961517,31.121847],[78.993246,31.130787],[78.993349,31.163395],[78.963584,31.203134],[78.936298,31.240367],[78.905189,31.267678],[78.940282,31.301576],[78.959552,31.325117],[78.988801,31.343256],[79.015529,31.383397],[79.049937,31.422953],[79.07021,31.461381],[79.131397,31.438433],[79.157693,31.414926],[79.179218,31.393796],[79.192442,31.369789],[79.238319,31.329656],[79.25411,31.299006],[79.262024,31.278513],[79.24843,31.256704],[79.278316,31.240044],[79.298078,31.203242],[79.303209,31.183104],[79.319417,31.14228],[79.367048,31.111559],[79.382593,31.078335],[79.394978,31.036711],[79.430738,31.023172],[79.46164,31.021105],[79.484275,31.005447],[79.497607,30.981211],[79.529646,30.953564],[79.565923,30.942454],[79.589488,30.940231],[79.630312,30.962504],[79.6885,30.967413],[79.739039,30.979247],[79.76064,30.977232],[79.833504,30.961522],[79.862856,30.941523],[79.880426,30.912843],[79.903164,30.890209],[79.934893,30.872535],[80.005586,30.847266],[80.028634,30.830781],[80.044447,30.8067],[80.062534,30.784789],[80.092196,30.774505],[80.140669,30.793212],[80.169297,30.785254],[80.196066,30.748098],[80.224591,30.734094],[80.207021,30.686138],[80.18201,30.680041],[80.177255,30.649862],[80.19989,30.625884],[80.197823,30.591364],[80.179839,30.559479],[80.21622,30.566818]]]}},{"type":"Feature","properties":{"name":"Nagaland","code":"IN-NL"},"geometry":{"type":"Polygon","coordinates":[[[95.246933,26.648904],[95.223262,26.670363],[95.195564,26.660751],[95.173239,26.633828],[95.141407,26.624991],[95.119082,26.604217],[95.115879,26.57564],[95.109574,26.5513],[95.069887,26.506239],[95.040638,26.475594],[95.061722,26.426605],[95.064202,26.392602],[95.050456,26.359064],[95.043635,26.327696],[95.041775,26.287596],[95.046322,26.24796],[95.058724,26.217677],[95.082806,26.206619],[95.082392,26.179798],[95.08818,26.104093],[95.137479,26.082957],[95.151225,26.049936],[95.10823,25.995107],[95.065856,25.953817],[95.012009,25.931442],[94.994026,25.900436],[95.013456,25.777704],[95.015316,25.755122],[94.999917,25.731557],[94.978626,25.729077],[94.871656,25.598025],[94.86101,25.571412],[94.831038,25.562472],[94.80799,25.542628],[94.782359,25.504594],[94.745772,25.486611],[94.711149,25.482787],[94.659472,25.455502],[94.615962,25.4524],[94.552813,25.490331],[94.535863,25.513688],[94.554983,25.577664],[94.570693,25.621486],[94.570383,25.654662],[94.574827,25.676211],[94.490284,25.623708],[94.435301,25.594407],[94.401401,25.553893],[94.365848,25.527951],[94.325333,25.512035],[94.251746,25.500149],[94.209371,25.495498],[94.187047,25.498599],[94.163586,25.518649],[94.126069,25.516169],[94.096303,25.515704],[94.071499,25.525471],[94.040286,25.548002],[93.996051,25.550585],[93.976001,25.548312],[93.929905,25.554409],[93.803195,25.543557],[93.781284,25.53746],[93.765884,25.516479],[93.792756,25.490434],[93.81322,25.463252],[93.723716,25.364034],[93.698705,25.347084],[93.679688,25.323933],[93.649199,25.261921],[93.615299,25.218719],[93.58636,25.212622],[93.573338,25.232775],[93.546363,25.251689],[93.524039,25.255823],[93.500991,25.273445],[93.480734,25.278974],[93.456859,25.294167],[93.455722,25.322589],[93.45872,25.36362],[93.454482,25.395039],[93.443733,25.421704],[93.427817,25.442478],[93.405906,25.454157],[93.384616,25.480874],[93.361361,25.507591],[93.340587,25.529295],[93.345858,25.556993],[93.379034,25.580868],[93.419135,25.617041],[93.477323,25.653111],[93.524349,25.689285],[93.580779,25.763079],[93.696741,25.855476],[93.702632,25.881418],[93.680928,25.902812],[93.685062,25.926997],[93.724956,25.943326],[93.747281,25.955419],[93.768881,25.96069],[93.796373,25.951595],[93.807949,25.931389],[93.810119,25.903639],[93.802885,25.880953],[93.778803,25.854495],[93.774876,25.834289],[93.805778,25.834082],[93.835854,25.845141],[93.884947,25.851859],[93.934763,25.87408],[93.974037,25.923173],[93.98923,25.94622],[93.980651,25.966994],[93.969696,25.993349],[93.969696,26.027042],[93.983339,26.053087],[94.002666,26.076755],[94.01021,26.131274],[94.001735,26.164915],[94.102918,26.303563],[94.134647,26.333742],[94.160485,26.351208],[94.177435,26.372447],[94.183947,26.395598],[94.189218,26.447482],[94.207201,26.483707],[94.247405,26.523291],[94.269626,26.55471],[94.29102,26.542876],[94.298358,26.501225],[94.327917,26.481898],[94.358199,26.498383],[94.387035,26.525151],[94.420625,26.567474],[94.421245,26.593416],[94.428686,26.616877],[94.459589,26.647728],[94.479122,26.671447],[94.510438,26.677132],[94.531419,26.688242],[94.558084,26.700903],[94.587229,26.699921],[94.668982,26.732115],[94.690479,26.741004],[94.76541,26.788029],[94.798896,26.814384],[94.832589,26.857276],[94.861011,26.901924],[94.901732,26.938098],[94.92478,26.950913],[94.954546,26.932517],[94.980797,26.924248],[95.017901,26.928176],[95.148642,27.000109],[95.165902,27.023984],[95.179855,27.003727],[95.209207,26.988224],[95.231531,26.960319],[95.231635,26.908074],[95.220472,26.882132],[95.198768,26.859136],[95.200215,26.830146],[95.225743,26.806323],[95.22719,26.759917],[95.225743,26.73103],[95.246311,26.679715],[95.24693,26.649045],[95.246933,26.648904]]]}},{"type":"Feature","properties":{"name":"Manipur","code":"IN-MN"},"geometry":{"type":"Polygon","coordinates":[[[94.65036,25.44665],[94.608003,25.394627],[94.550125,25.245282],[94.553329,25.204147],[94.576893,25.173607],[94.612964,25.161359],[94.653271,25.154125],[94.689135,25.138518],[94.706808,25.109941],[94.713836,25.068264],[94.708565,25.02589],[94.689755,24.99509],[94.673528,24.974807],[94.654821,24.889154],[94.639112,24.862799],[94.599011,24.813474],[94.593223,24.783786],[94.589502,24.74725],[94.569452,24.716399],[94.543407,24.70733],[94.516329,24.704953],[94.48708,24.620462],[94.474987,24.597389],[94.430236,24.570904],[94.410805,24.545945],[94.397059,24.495069],[94.370394,24.477732],[94.361196,24.425409],[94.340009,24.406005],[94.33174,24.371098],[94.302802,24.341022],[94.289986,24.31676],[94.286885,24.283067],[94.233969,24.160335],[94.222186,24.122637],[94.218466,24.08667],[94.203686,24.057757],[94.193868,24.009673],[94.144878,23.938876],[94.133613,23.899162],[94.13506,23.877303],[94.131856,23.856969],[94.099713,23.842628],[94.071084,23.876115],[93.997911,23.916965],[93.97507,23.920918],[93.94055,23.928876],[93.912334,23.939005],[93.883189,23.94531],[93.803711,23.936059],[93.782833,23.945465],[93.743042,23.995281],[93.711106,24.005461],[93.660464,24.011223],[93.612404,24.009052],[93.588013,23.995229],[93.576954,23.973008],[93.55525,23.970993],[93.526828,23.975385],[93.495719,23.959133],[93.474842,23.957505],[93.449004,23.968926],[93.439185,23.995229],[93.406526,24.025847],[93.368285,24.07848],[93.32219,24.080056],[93.302966,24.041143],[93.256768,24.017656],[93.253564,24.041685],[93.238475,24.066361],[93.213153,24.049153],[93.187418,24.04029],[93.158893,24.060392],[93.135432,24.059514],[93.114348,24.044088],[93.093264,24.056594],[93.07094,24.071864],[92.995492,24.095274],[92.98588,24.117831],[92.997972,24.160179],[93.00221,24.184803],[93.009341,24.215034],[93.017713,24.239916],[93.013372,24.261956],[93.018643,24.288647],[93.042724,24.315183],[93.041691,24.34084],[93.018643,24.367479],[93.022054,24.390165],[93.011822,24.4128],[93.03673,24.414608],[93.045721,24.444529],[93.052749,24.522664],[93.064532,24.558915],[93.090577,24.569818],[93.095641,24.593641],[93.080035,24.62444],[93.099052,24.654387],[93.097398,24.679683],[93.087063,24.706994],[93.103186,24.743219],[93.111867,24.780477],[93.12396,24.809804],[93.148144,24.823886],[93.173776,24.810605],[93.199407,24.816522],[93.207159,24.847579],[93.227002,24.880161],[93.253357,24.914707],[93.240335,24.939744],[93.26514,24.958374],[93.276302,24.980103],[93.260075,25.008836],[93.260385,25.029403],[93.274958,25.051701],[93.304104,25.061442],[93.320847,25.087332],[93.339554,25.112163],[93.365702,25.177662],[93.394331,25.235049],[93.410764,25.261663],[93.449211,25.302125],[93.472982,25.282075],[93.49417,25.27639],[93.515047,25.259647],[93.546363,25.251689],[93.566723,25.24125],[93.58636,25.212622],[93.611475,25.211381],[93.649199,25.261921],[93.679378,25.314321],[93.698705,25.347084],[93.723716,25.364034],[93.808569,25.446096],[93.811359,25.471417],[93.76144,25.499012],[93.768365,25.524902],[93.803195,25.543557],[93.929905,25.554409],[93.976001,25.548312],[93.996051,25.550585],[94.026747,25.553841],[94.051552,25.541749],[94.084004,25.519528],[94.109946,25.515135],[94.15077,25.52144],[94.171854,25.514412],[94.195109,25.496584],[94.251746,25.500149],[94.325333,25.512035],[94.365848,25.527951],[94.386725,25.541439],[94.422485,25.583762],[94.476332,25.615078],[94.564699,25.684221],[94.570383,25.654662],[94.570693,25.621486],[94.562528,25.595131],[94.537413,25.524902],[94.541031,25.502526],[94.599528,25.460772],[94.649827,25.446739],[94.65036,25.44665]]]}},{"type":"Feature","properties":{"name":"Mizoram","code":"IN-MZ"},"geometry":{"type":"Polygon","coordinates":[[[93.302559,24.035775],[93.302966,23.995281],[93.316092,23.961097],[93.337589,23.928411],[93.355986,23.906991],[93.35826,23.855263],[93.374796,23.739017],[93.406319,23.719122],[93.425956,23.690803],[93.432364,23.647317],[93.400221,23.454022],[93.399808,23.426091],[93.405905,23.36767],[93.407249,23.347258],[93.384201,23.313126],[93.37645,23.279485],[93.380791,23.237265],[93.372729,23.169827],[93.37521,23.142154],[93.333352,23.052289],[93.298832,23.01795],[93.272787,23.00591],[93.246535,23.004488],[93.225555,23.020379],[93.196512,23.053839],[93.152381,23.049938],[93.138221,23.005264],[93.143182,22.977513],[93.151141,22.956223],[93.171088,22.920437],[93.177392,22.900205],[93.161062,22.860983],[93.125302,22.821554],[93.115897,22.798403],[93.079517,22.77272],[93.070835,22.69288],[93.073936,22.671899],[93.104425,22.615933],[93.109076,22.574696],[93.098224,22.535266],[93.099154,22.51196],[93.109593,22.479042],[93.153518,22.427521],[93.16592,22.386593],[93.174292,22.269391],[93.169021,22.246912],[93.129747,22.231616],[93.141735,22.187277],[93.119515,22.180973],[93.090576,22.197148],[93.045824,22.206863],[93.024533,22.201902],[93.02257,22.120976],[92.995181,22.103251],[92.967172,22.062685],[92.968413,22.036175],[92.979575,22.009355],[92.968103,21.987238],[92.937407,22.013024],[92.906194,22.017314],[92.89865,21.995403],[92.889244,21.966722],[92.867024,21.966516],[92.862063,21.995403],[92.853898,22.024135],[92.836121,22.046511],[92.771629,22.104182],[92.708067,22.147952],[92.683779,22.154308],[92.671067,22.133896],[92.674684,22.105577],[92.656184,22.075294],[92.658354,22.046562],[92.650913,22.019174],[92.627555,22.012353],[92.603887,21.995403],[92.583837,21.980313],[92.559962,22.061342],[92.537328,22.128625],[92.5642,22.13834],[92.577015,22.168674],[92.518931,22.495372],[92.504565,22.543793],[92.502911,22.618621],[92.495883,22.695618],[92.480691,22.726159],[92.453715,22.747967],[92.435009,22.793287],[92.426327,22.87106],[92.378681,22.900438],[92.359871,22.926612],[92.352223,22.960331],[92.35305,23.029913],[92.327625,23.171429],[92.328555,23.211194],[92.350673,23.260984],[92.356874,23.289122],[92.347055,23.315426],[92.349536,23.344959],[92.331656,23.368652],[92.326901,23.396015],[92.306748,23.423869],[92.296826,23.44658],[92.291038,23.495285],[92.252797,23.609309],[92.250007,23.642615],[92.261686,23.685119],[92.268095,23.71956],[92.26086,23.775655],[92.267061,23.796532],[92.268508,23.822009],[92.278637,23.842137],[92.299204,23.854255],[92.319978,23.857381],[92.321115,23.883762],[92.314087,23.905802],[92.313776,23.936446],[92.328763,23.979984],[92.328763,24.005822],[92.319047,24.026958],[92.318737,24.057395],[92.327936,24.095041],[92.325352,24.188343],[92.312846,24.213044],[92.29848,24.23772],[92.368864,24.24157],[92.416199,24.239451],[92.417129,24.207541],[92.423331,24.169171],[92.43687,24.145271],[92.463535,24.128579],[92.489476,24.132507],[92.51118,24.149508],[92.557276,24.191366],[92.588488,24.221313],[92.610503,24.233224],[92.624972,24.255212],[92.622595,24.28074],[92.679542,24.342158],[92.701246,24.361924],[92.714579,24.393318],[92.746308,24.471091],[92.777521,24.470083],[92.82868,24.377324],[92.850901,24.365541],[92.930173,24.391638],[92.976372,24.380709],[93.018436,24.399131],[93.018643,24.367479],[93.041691,24.34084],[93.042724,24.315183],[93.018643,24.288647],[93.013372,24.261956],[93.017713,24.239916],[93.009341,24.215034],[93.00221,24.184803],[92.997972,24.160179],[92.998283,24.137674],[92.980713,24.113257],[93.07094,24.071864],[93.093264,24.056594],[93.114348,24.044088],[93.135432,24.059514],[93.158893,24.060392],[93.178116,24.039954],[93.204058,24.044088],[93.227312,24.067213],[93.248603,24.056982],[93.251807,24.035381],[93.293562,24.035639],[93.302559,24.035775]]]}},{"type":"Feature","properties":{"name":"Tripura","code":"IN-TR"},"geometry":{"type":"Polygon","coordinates":[[[92.259737,23.702641],[92.238741,23.716848],[92.209389,23.661606],[92.180761,23.665378],[92.170632,23.703645],[92.150788,23.731653],[92.108414,23.718243],[92.059631,23.659487],[92.019013,23.640057],[91.961652,23.691139],[91.936641,23.72354],[91.916487,23.709872],[91.91442,23.688323],[91.915971,23.65016],[91.942325,23.53443],[91.940775,23.495182],[91.918141,23.459939],[91.889099,23.435935],[91.833805,23.413895],[91.791637,23.368342],[91.762595,23.321549],[91.743681,23.272327],[91.749159,23.232407],[91.763938,23.200626],[91.779028,23.131767],[91.791947,23.101149],[91.791327,23.080375],[91.764248,23.065647],[91.738307,23.024668],[91.714432,23.003119],[91.667614,22.982629],[91.646943,22.976583],[91.625756,22.981544],[91.608289,22.960331],[91.586068,22.944466],[91.576766,22.968806],[91.549791,22.977229],[91.523643,22.995213],[91.518165,23.035081],[91.498115,23.069962],[91.475067,23.143085],[91.463595,23.184116],[91.446748,23.208791],[91.428145,23.229513],[91.394349,23.262664],[91.372128,23.261889],[91.355695,23.224139],[91.355901,23.179646],[91.374608,23.095723],[91.370887,23.062779],[91.337401,23.071074],[91.313527,23.101046],[91.300504,23.142309],[91.27725,23.303256],[91.265778,23.329352],[91.287275,23.355552],[91.25813,23.373639],[91.247898,23.393767],[91.234462,23.436271],[91.229707,23.461179],[91.203352,23.487921],[91.185886,23.511563],[91.177514,23.544275],[91.140824,23.6121],[91.139687,23.65357],[91.166456,23.654087],[91.168936,23.685377],[91.136587,23.69889],[91.132349,23.720646],[91.157567,23.744986],[91.194981,23.755166],[91.225263,23.826144],[91.224023,23.857485],[91.212758,23.88074],[91.216272,23.908387],[91.250378,23.964042],[91.274149,23.988227],[91.304948,23.99386],[91.327066,23.987865],[91.349287,24.036053],[91.350837,24.074242],[91.363033,24.099848],[91.404581,24.103129],[91.480442,24.088014],[91.517545,24.085198],[91.55868,24.089668],[91.581831,24.096101],[91.606015,24.118865],[91.613767,24.140104],[91.624515,24.203459],[91.657175,24.171368],[91.68415,24.145478],[91.72115,24.148992],[91.732002,24.181678],[91.725801,24.202064],[91.732933,24.234284],[91.796598,24.221598],[91.811377,24.192039],[91.844244,24.155323],[91.864501,24.150594],[91.884345,24.175554],[91.905945,24.260639],[91.896437,24.320119],[91.921862,24.34451],[91.953074,24.322987],[91.948837,24.363527],[92.033379,24.36885],[92.062732,24.37102],[92.08826,24.38164],[92.107587,24.405979],[92.111204,24.434298],[92.105933,24.49525],[92.123193,24.525378],[92.14998,24.542183],[92.221689,24.500417],[92.234401,24.479385],[92.234712,24.448172],[92.257759,24.396005],[92.260756,24.36704],[92.254349,24.337068],[92.220242,24.264333],[92.29848,24.23772],[92.310056,24.21537],[92.325352,24.188343],[92.328763,24.103077],[92.318737,24.057395],[92.318117,24.035949],[92.328763,24.005822],[92.328763,23.979984],[92.316154,23.950296],[92.313466,23.912055],[92.320908,23.889085],[92.321115,23.866735],[92.312743,23.84516],[92.292072,23.853506],[92.270678,23.829114],[92.270885,23.805059],[92.26086,23.775655],[92.268095,23.71956],[92.259737,23.702641]]]}},{"type":"Feature","properties":{"name":"Meghalaya","code":"IN-ML"},"geometry":{"type":"Polygon","coordinates":[[[92.384937,25.004773],[92.356254,25.037],[92.328142,25.048007],[92.312122,25.0686],[92.251557,25.080796],[92.220138,25.090382],[92.194093,25.109166],[92.172699,25.131955],[92.150995,25.129733],[92.124123,25.136968],[92.100455,25.159086],[92.066039,25.174537],[92.033999,25.181668],[92.001753,25.18296],[91.975088,25.175364],[91.900571,25.177586],[91.793704,25.165338],[91.745335,25.169369],[91.723734,25.161928],[91.701823,25.147148],[91.677432,25.152626],[91.662033,25.127201],[91.638675,25.124049],[91.613147,25.125134],[91.580177,25.140895],[91.548758,25.161101],[91.523436,25.145185],[91.500905,25.141154],[91.480752,25.135263],[91.431866,25.13795],[91.283968,25.178981],[91.235702,25.201925],[91.203146,25.191332],[91.135346,25.191228],[90.975149,25.167819],[90.94342,25.157432],[90.82198,25.142291],[90.793972,25.145391],[90.766893,25.160533],[90.737955,25.169421],[90.716354,25.153556],[90.670568,25.158776],[90.648968,25.167819],[90.62344,25.171436],[90.583339,25.162031],[90.50138,25.168801],[90.399784,25.149009],[90.364644,25.149991],[90.286923,25.180066],[90.130085,25.211589],[89.908134,25.296907],[89.870204,25.295563],[89.834599,25.282437],[89.807365,25.304503],[89.798529,25.340056],[89.795015,25.374163],[89.799234,25.402893],[89.808568,25.439507],[89.834031,25.448292],[89.875476,25.460436],[89.893562,25.485525],[89.89563,25.527925],[89.903381,25.553531],[89.951027,25.559319],[89.980792,25.567509],[90.002083,25.586811],[90.000533,25.609316],[89.966633,25.638616],[89.949166,25.665798],[89.942345,25.691481],[89.941518,25.715278],[89.9502,25.735949],[89.96746,25.762097],[89.974178,25.801578],[89.989784,25.825323],[90.02017,25.852402],[90.032159,25.875527],[90.056653,25.899737],[90.089623,25.920795],[90.114428,25.945471],[90.135615,25.959785],[90.21685,25.974255],[90.279999,25.975288],[90.323924,25.984797],[90.357513,26.006165],[90.383455,26.016888],[90.445984,26.0111],[90.475232,26.011953],[90.51523,26.000119],[90.545306,25.980663],[90.548923,25.951956],[90.532903,25.921416],[90.578999,25.937203],[90.604113,25.966064],[90.626748,25.964126],[90.633569,25.939115],[90.667779,25.941621],[90.691757,25.949605],[90.752942,25.962137],[90.769685,25.935911],[90.81454,25.943559],[90.868387,25.951595],[90.898772,25.9479],[90.924611,25.941699],[90.963471,25.944618],[90.987449,25.922604],[91.014424,25.915705],[91.030857,25.886844],[91.023726,25.847053],[91.04636,25.842893],[91.070442,25.847337],[91.096797,25.839922],[91.178859,25.869636],[91.194258,25.829354],[91.197669,25.795609],[91.199323,25.76065],[91.208108,25.736181],[91.233532,25.731866],[91.269086,25.751607],[91.314354,25.79871],[91.329134,25.821215],[91.360553,25.843255],[91.41626,25.858758],[91.473518,25.861833],[91.527365,25.888084],[91.50287,25.885139],[91.475275,25.884751],[91.495945,25.912114],[91.522714,25.951595],[91.557957,25.984797],[91.582348,26.026887],[91.606223,26.037713],[91.637849,26.026112],[91.64591,26.001591],[91.638366,25.972704],[91.629684,25.948442],[91.655109,25.930226],[91.693763,25.94144],[91.718154,25.967692],[91.73035,25.989422],[91.741098,26.029807],[91.792878,26.082646],[91.825331,26.089261],[91.848792,26.079003],[91.877524,26.052493],[91.903362,26.040116],[91.954315,26.042726],[92.020668,26.058849],[92.042682,26.057118],[92.118026,26.07213],[92.149652,26.084506],[92.255175,26.085152],[92.26148,26.055413],[92.183965,25.993013],[92.174043,25.970224],[92.179108,25.947745],[92.20784,25.939347],[92.197918,25.884984],[92.183965,25.846976],[92.167015,25.817132],[92.170633,25.787548],[92.173837,25.755172],[92.167532,25.700034],[92.18903,25.693342],[92.227684,25.713754],[92.266751,25.723288],[92.316464,25.727319],[92.341578,25.74476],[92.36721,25.759642],[92.398112,25.761012],[92.433149,25.729386],[92.476867,25.699879],[92.521412,25.661586],[92.593449,25.586656],[92.617634,25.589549],[92.642439,25.60513],[92.663316,25.612856],[92.683573,25.596371],[92.664866,25.573323],[92.642955,25.543609],[92.610089,25.511983],[92.588282,25.498831],[92.61319,25.475267],[92.632207,25.451832],[92.670447,25.439094],[92.690704,25.431755],[92.742277,25.391965],[92.764395,25.367263],[92.789613,25.348892],[92.798295,25.327343],[92.792507,25.304451],[92.786306,25.282462],[92.794057,25.258045],[92.811627,25.234119],[92.680369,25.18792],[92.649157,25.155442],[92.601924,25.148956],[92.564924,25.152419],[92.557483,25.127898],[92.533815,25.12503],[92.510147,25.112938],[92.48896,25.093921],[92.45382,25.070098],[92.409068,25.025785],[92.384937,25.004773]]]}},{"type":"Feature","properties":{"name":"Punjab","code":"IN-PB"},"geometry":{"type":"Polygon","coordinates":[[[75.294659,32.148892],[75.308405,32.193902],[75.34861,32.242012],[75.35295,32.284387],[75.326906,32.312473],[75.298403,32.332427],[75.327113,32.339964],[75.390365,32.335494],[75.414136,32.34601],[75.43677,32.360221],[75.442041,32.336192],[75.464779,32.317743],[75.5024,32.300587],[75.537953,32.345184],[75.5733,32.374639],[75.611954,32.395465],[75.682647,32.399806],[75.705695,32.412802],[75.729362,32.429623],[75.736804,32.4559],[75.797679,32.481118],[75.818039,32.494787],[75.839123,32.506569],[75.866305,32.504864],[75.911677,32.431354],[75.85752,32.389961],[75.779282,32.336579],[75.742695,32.299347],[75.711792,32.279089],[75.622909,32.258522],[75.606269,32.225863],[75.614641,32.196769],[75.637895,32.193358],[75.659806,32.195348],[75.656189,32.174651],[75.639445,32.146849],[75.582188,32.092253],[75.5918,32.0721],[75.66239,32.060446],[75.684301,32.053083],[75.706521,32.049827],[75.752927,32.03236],[75.801813,32.005644],[75.861241,31.98257],[75.89142,31.953941],[75.92749,31.907923],[75.964283,31.848754],[75.942476,31.833122],[75.921599,31.814286],[75.943096,31.771756],[76.07053,31.564172],[76.125927,31.430537],[76.141017,31.369584],[76.158484,31.338553],[76.179464,31.318476],[76.201065,31.307004],[76.223079,31.315634],[76.261113,31.310932],[76.28199,31.31566],[76.290879,31.33925],[76.31434,31.349921],[76.316923,31.401701],[76.345035,31.418186],[76.373561,31.419245],[76.412835,31.355115],[76.433505,31.317804],[76.447458,31.297056],[76.469369,31.307986],[76.491693,31.284525],[76.520529,31.289176],[76.533758,31.2668],[76.554842,31.26543],[76.576753,31.272303],[76.586984,31.249798],[76.582334,31.227422],[76.61427,31.228999],[76.621814,31.208276],[76.602797,31.185668],[76.5998,31.134896],[76.621711,31.116525],[76.611582,31.08893],[76.605691,31.062265],[76.610859,31.041206],[76.625638,31.016608],[76.700259,30.961883],[76.721757,30.941161],[76.768162,30.907597],[76.785525,30.885169],[76.796894,30.861992],[76.822319,30.849073],[76.834721,30.82246],[76.814567,30.789129],[76.77395,30.799025],[76.741497,30.796493],[76.703773,30.781403],[76.695402,30.755875],[76.730748,30.723164],[76.760101,30.692003],[76.780564,30.673451],[76.806816,30.683295],[76.82728,30.680712],[76.848881,30.682288],[76.860663,30.645236],[76.886604,30.633789],[76.896216,30.610535],[76.894459,30.561132],[76.89787,30.535191],[76.910376,30.514158],[76.898077,30.494056],[76.895699,30.455635],[76.906345,30.405612],[76.904898,30.384089],[76.891049,30.361248],[76.869241,30.362359],[76.851051,30.404734],[76.82945,30.427084],[76.798444,30.422846],[76.767129,30.430598],[76.727648,30.420056],[76.716382,30.381247],[76.739017,30.366596],[76.714315,30.337115],[76.649926,30.296807],[76.61675,30.27947],[76.564557,30.2619],[76.539132,30.245131],[76.535411,30.225029],[76.556082,30.220895],[76.577476,30.243658],[76.59763,30.240196],[76.609309,30.217639],[76.63339,30.208441],[76.638661,30.18206],[76.628532,30.158676],[76.589775,30.124027],[76.531381,30.083978],[76.497067,30.085218],[76.462031,30.097026],[76.437536,30.12426],[76.419346,30.177125],[76.394541,30.184566],[76.392061,30.159529],[76.383173,30.125681],[76.357748,30.123717],[76.333357,30.141623],[76.329946,30.116844],[76.308138,30.105915],[76.286538,30.110514],[76.257702,30.118601],[76.228763,30.138652],[76.205819,30.130978],[76.211607,30.108318],[76.244783,30.096354],[76.224629,30.081704],[76.218738,30.059587],[76.21047,30.03349],[76.183702,29.973571],[76.176984,29.945537],[76.185355,29.918381],[76.200135,29.895411],[76.226283,29.878202],[76.184115,29.845414],[76.161274,29.830092],[76.125824,29.81849],[76.08438,29.802109],[76.05203,29.764411],[76.031773,29.754825],[76.003971,29.75653],[75.970588,29.742965],[75.939892,29.738547],[75.90806,29.748159],[75.886665,29.749244],[75.85814,29.796502],[75.829821,29.821074],[75.806257,29.828645],[75.786,29.83097],[75.759231,29.823735],[75.727502,29.810351],[75.718924,29.786063],[75.698563,29.768984],[75.663217,29.775315],[75.641926,29.773067],[75.604409,29.764669],[75.575367,29.769527],[75.548081,29.784539],[75.511185,29.787846],[75.477905,29.800533],[75.45248,29.809214],[75.431499,29.785831],[75.408762,29.761414],[75.384784,29.722269],[75.353675,29.695449],[75.344786,29.670954],[75.321532,29.662583],[75.296727,29.633954],[75.289906,29.611526],[75.303549,29.589176],[75.267995,29.569642],[75.234612,29.561788],[75.228618,29.58468],[75.219523,29.605041],[75.20681,29.628373],[75.192858,29.653307],[75.174461,29.679868],[75.199576,29.70134],[75.204847,29.734077],[75.227171,29.745962],[75.212598,29.787407],[75.197819,29.814408],[75.187897,29.834743],[75.165262,29.827404],[75.15131,29.796373],[75.128676,29.810687],[75.105214,29.821384],[75.101184,29.850659],[75.093226,29.872105],[75.106145,29.89293],[75.105628,29.918071],[75.081753,29.919931],[75.076379,29.896082],[75.04744,29.883887],[75.019535,29.875619],[74.99566,29.872983],[74.974576,29.888124],[74.945741,29.905643],[74.932822,29.93285],[74.90347,29.954839],[74.852413,29.962693],[74.826782,29.981297],[74.806215,29.98525],[74.767251,29.974708],[74.745236,29.972383],[74.719295,29.971453],[74.678057,29.948379],[74.65935,29.923859],[74.632685,29.914815],[74.577805,29.933832],[74.516517,29.94719],[74.385568,29.963081],[74.290587,29.962461],[73.915933,29.979902],[73.887098,29.984242],[73.886684,30.007135],[73.898466,30.034911],[73.969677,30.137437],[73.975981,30.161157],[73.9704,30.196323],[73.946831,30.204077],[73.934639,30.261048],[73.911901,30.303784],[73.891644,30.329778],[73.842345,30.35298],[73.867666,30.387449],[73.906114,30.394838],[73.902083,30.415612],[73.929265,30.419075],[73.98983,30.487804],[74.004402,30.50894],[74.04409,30.518655],[74.061453,30.555604],[74.057112,30.591571],[74.082227,30.625884],[74.111476,30.646244],[74.132663,30.655494],[74.155711,30.659577],[74.170077,30.687172],[74.191161,30.717041],[74.215139,30.737453],[74.235706,30.764118],[74.259167,30.781016],[74.256687,30.815278],[74.279941,30.824683],[74.300198,30.83817],[74.304022,30.874034],[74.329757,30.899614],[74.353632,30.901112],[74.379677,30.894498],[74.401277,30.893103],[74.41337,30.915065],[74.441585,30.946174],[74.477242,30.956096],[74.499463,30.95651],[74.534809,30.97625],[74.564058,31.004362],[74.564265,31.025032],[74.600955,31.056607],[74.658833,31.083789],[74.631961,31.107508],[74.596924,31.115776],[74.553103,31.108955],[74.523544,31.129315],[74.509591,31.156084],[74.509074,31.195668],[74.525094,31.235407],[74.525301,31.280211],[74.532225,31.303207],[74.571603,31.389248],[74.600025,31.42413],[74.617181,31.458908],[74.584522,31.517509],[74.555583,31.612232],[74.499463,31.699875],[74.503287,31.730571],[74.521167,31.753773],[74.53698,31.775736],[74.540804,31.810876],[74.565608,31.840538],[74.641056,31.890561],[74.669995,31.904152],[74.698417,31.950247],[74.763012,31.938982],[74.783683,31.942858],[74.802493,31.968851],[74.811278,32.003732],[74.828641,32.025437],[74.873186,32.011691],[74.908843,32.031896],[74.931374,32.029829],[74.955662,32.032206],[74.978503,32.053393],[75.020154,32.065847],[75.022635,32.094683],[75.102113,32.078095],[75.129812,32.090239],[75.161334,32.087965],[75.173116,32.109721],[75.195751,32.128634],[75.226447,32.14207],[75.249908,32.148892],[75.294659,32.148892]]]}},{"type":"Feature","properties":{"name":"Rajasthan","code":"IN-RJ"},"geometry":{"type":"Polygon","coordinates":[[[71.477115,27.862435],[71.560727,27.868533],[71.70139,27.906773],[71.860864,27.950207],[71.879984,27.974909],[71.89156,28.097097],[71.908303,28.135571],[71.988195,28.228097],[72.110978,28.317627],[72.149942,28.353774],[72.17764,28.397053],[72.197794,28.44488],[72.256499,28.645591],[72.28027,28.687165],[72.354581,28.767186],[72.382176,28.784006],[72.52563,28.84992],[72.658541,28.911001],[72.77254,28.96335],[72.901524,29.022622],[72.930359,29.047685],[72.962915,29.116829],[72.98865,29.15463],[73.050869,29.228217],[73.1289,29.360302],[73.177993,29.443449],[73.232873,29.536596],[73.284756,29.683745],[73.327441,29.80521],[73.370332,29.927322],[73.557815,30.012536],[73.739716,30.048451],[73.778266,30.067313],[73.944354,30.188288],[73.9704,30.196323],[73.975981,30.161157],[73.969677,30.137437],[73.898466,30.034911],[73.886684,30.007135],[73.887098,29.984242],[73.915933,29.979902],[74.290587,29.962461],[74.385568,29.963081],[74.516517,29.94719],[74.514346,29.915384],[74.53512,29.896496],[74.549693,29.869495],[74.5345,29.846499],[74.494296,29.8288],[74.466494,29.798931],[74.459362,29.763093],[74.477966,29.739865],[74.498326,29.736247],[74.523028,29.742629],[74.547832,29.755678],[74.568813,29.7579],[74.591861,29.769036],[74.606227,29.742268],[74.58814,29.691211],[74.574808,29.589693],[74.58535,29.561168],[74.611911,29.53073],[74.610051,29.487787],[74.594858,29.467607],[74.557651,29.467452],[74.537394,29.449107],[74.555584,29.416293],[74.566436,29.395131],[74.589587,29.366812],[74.605193,29.33839],[74.631445,29.331414],[74.642607,29.351697],[74.67537,29.366735],[74.704102,29.370998],[74.743169,29.364771],[74.767251,29.366192],[74.798463,29.391565],[74.821408,29.402934],[74.856754,29.39402],[74.884659,29.386915],[74.90719,29.378465],[74.930962,29.359113],[74.944501,29.321931],[74.956076,29.30015],[74.985739,29.279919],[75.017675,29.290099],[75.042066,29.285706],[75.064907,29.246716],[75.088885,29.235477],[75.121338,29.246484],[75.150173,29.252608],[75.174151,29.272245],[75.197509,29.264157],[75.228308,29.253047],[75.249702,29.256406],[75.269856,29.268911],[75.313781,29.298935],[75.323806,29.260643],[75.329283,29.239843],[75.355535,29.245657],[75.381063,29.258473],[75.394499,29.233875],[75.407005,29.213514],[75.408245,29.190492],[75.386954,29.18349],[75.377859,29.162665],[75.393569,29.13631],[75.392019,29.115097],[75.39822,29.095046],[75.423955,29.063653],[75.452067,29.023862],[75.503226,29.003837],[75.52152,28.977792],[75.516249,28.957509],[75.494855,28.943815],[75.492788,28.907125],[75.501366,28.877953],[75.525241,28.834468],[75.526377,28.804444],[75.550045,28.754111],[75.580018,28.668302],[75.593557,28.642671],[75.6103,28.621225],[75.649264,28.57513],[75.672518,28.555182],[75.698563,28.520559],[75.743625,28.487615],[75.773081,28.469761],[75.76874,28.445396],[75.791374,28.429144],[75.818246,28.430823],[75.858864,28.410928],[75.887079,28.403848],[75.91178,28.384702],[75.957772,28.343464],[76.026192,28.262229],[76.039318,28.241894],[76.047896,28.221404],[76.07084,28.195669],[76.081382,28.174585],[76.054407,28.169134],[76.032496,28.187815],[76.008622,28.161046],[75.973068,28.144148],[75.952501,28.133787],[75.942993,28.110145],[75.973585,28.086529],[75.998803,28.101928],[76.022574,28.108569],[76.026605,28.083015],[75.992809,28.050691],[75.986091,28.027308],[75.967487,28.003872],[75.987331,27.977724],[75.968004,27.954599],[75.935655,27.95571],[75.931521,27.91809],[75.963353,27.900623],[75.973895,27.880185],[75.9802,27.856052],[76.092234,27.854269],[76.120346,27.851866],[76.143187,27.831015],[76.179051,27.807657],[76.209126,27.827397],[76.20799,27.854476],[76.203959,27.878092],[76.185872,27.898349],[76.179671,27.92287],[76.181014,27.943463],[76.165822,27.991522],[76.15776,28.01966],[76.15962,28.044283],[76.166545,28.065083],[76.186802,28.074462],[76.208196,28.069088],[76.231967,28.071103],[76.253775,28.080198],[76.304728,28.048779],[76.332943,28.051802],[76.346482,28.075832],[76.327982,28.097794],[76.306692,28.108414],[76.333977,28.128774],[76.331393,28.151383],[76.305761,28.166912],[76.297286,28.192414],[76.320231,28.196135],[76.343485,28.184146],[76.357438,28.161279],[76.414385,28.163294],[76.444771,28.167738],[76.478774,28.128852],[76.451902,28.122573],[76.469679,28.091412],[76.446838,28.070328],[76.486836,28.04356],[76.51009,28.043121],[76.535411,27.99315],[76.553085,27.971239],[76.583264,27.995139],[76.603521,28.006043],[76.636491,28.011081],[76.657988,28.016972],[76.647653,28.050381],[76.642795,28.073816],[76.659745,28.096347],[76.683206,28.110145],[76.710801,28.128929],[76.736536,28.147817],[76.758137,28.159729],[76.783045,28.186652],[76.796274,28.211612],[76.825109,28.230887],[76.849707,28.232282],[76.878026,28.202878],[76.925258,28.166369],[76.939624,28.146318],[76.940555,28.122987],[76.923501,28.067899],[76.920918,28.033535],[76.933113,27.998498],[76.936214,27.974417],[76.93456,27.949095],[76.942725,27.92349],[76.939831,27.900545],[76.943552,27.865225],[76.919161,27.822824],[76.900867,27.744095],[76.908929,27.722572],[76.898077,27.699498],[76.895699,27.678595],[76.940555,27.680326],[76.973007,27.679293],[76.993678,27.716861],[77.020033,27.736188],[77.071709,27.741124],[77.037913,27.773576],[77.040807,27.807295],[77.065922,27.810137],[77.098995,27.797451],[77.133824,27.794195],[77.158009,27.816959],[77.188085,27.798252],[77.211649,27.812618],[77.233663,27.793291],[77.252784,27.814117],[77.280689,27.80944],[77.293401,27.76877],[77.295468,27.744172],[77.294228,27.722003],[77.314899,27.706371],[77.332882,27.671024],[77.334122,27.647357],[77.317483,27.621984],[77.340324,27.598445],[77.338153,27.576172],[77.340117,27.550463],[77.387762,27.496849],[77.403265,27.473104],[77.427657,27.417552],[77.44254,27.396183],[77.467448,27.382644],[77.494733,27.3782],[77.556434,27.338512],[77.593538,27.332001],[77.607181,27.308773],[77.610488,27.279291],[77.624854,27.256941],[77.635499,27.225444],[77.657307,27.202707],[77.640254,27.177256],[77.617309,27.165706],[77.598809,27.143356],[77.574728,27.123719],[77.51344,27.109224],[77.499797,27.089174],[77.528426,27.071164],[77.543412,27.045171],[77.594158,27.031115],[77.618963,27.029953],[77.643044,27.046618],[77.668159,27.011969],[77.69193,27.018093],[77.713841,27.023364],[77.719112,27.002926],[77.649555,26.97918],[77.628471,26.97316],[77.460833,26.904224],[77.423316,26.88438],[77.402232,26.8642],[77.400475,26.832394],[77.399235,26.810431],[77.394894,26.788546],[77.431894,26.781234],[77.454528,26.807408],[77.466311,26.833401],[77.492252,26.830998],[77.64139,26.883243],[77.665058,26.896782],[77.69224,26.92231],[77.720455,26.933964],[77.76066,26.926729],[77.821845,26.919365],[77.843652,26.909288],[77.8698,26.913086],[77.917446,26.907738],[77.976564,26.904379],[77.997441,26.895077],[78.006433,26.874742],[78.021316,26.899935],[78.058109,26.910063],[78.078883,26.928667],[78.106892,26.947296],[78.15185,26.950939],[78.181202,26.945901],[78.22306,26.937064],[78.246005,26.922905],[78.208074,26.88221],[78.179755,26.875027],[78.187197,26.847741],[78.200116,26.823583],[78.169007,26.822162],[78.164976,26.791931],[78.120018,26.794644],[78.092939,26.779787],[78.099864,26.753458],[78.090149,26.728007],[78.084981,26.701575],[78.059349,26.680155],[78.038472,26.681808],[78.012841,26.69558],[77.978424,26.684289],[77.950002,26.669819],[77.913622,26.66597],[77.889024,26.651655],[77.880652,26.625559],[77.819157,26.605069],[77.831456,26.575768],[77.808925,26.559284],[77.772752,26.548457],[77.74402,26.536158],[77.726657,26.515488],[77.699371,26.502026],[77.645731,26.490502],[77.616792,26.482983],[77.565323,26.447404],[77.526049,26.426268],[77.4999,26.411644],[77.459593,26.41676],[77.431481,26.400146],[77.431274,26.373662],[77.407606,26.372292],[77.380528,26.364153],[77.349625,26.364851],[77.323374,26.351984],[77.305287,26.331339],[77.294435,26.308265],[77.266323,26.284468],[77.230149,26.262454],[77.209686,26.241964],[77.181057,26.237391],[77.152325,26.239587],[77.124729,26.237856],[77.099821,26.221449],[77.094964,26.19866],[77.061891,26.186722],[77.018896,26.171659],[76.998639,26.145045],[76.96939,26.129387],[76.945516,26.1082],[76.907998,26.098588],[76.892702,26.073706],[76.873375,26.05195],[76.815498,26.018826],[76.80754,25.996837],[76.804336,25.974436],[76.779117,25.957925],[76.740153,25.923224],[76.715555,25.916067],[76.651787,25.922656],[76.627499,25.893045],[76.591945,25.880591],[76.559389,25.85434],[76.523112,25.812146],[76.516705,25.785326],[76.517531,25.757395],[76.487456,25.737112],[76.481771,25.70887],[76.49221,25.686753],[76.521459,25.550172],[76.541303,25.49431],[76.546987,25.470797],[76.567554,25.448034],[76.591635,25.443796],[76.63339,25.392662],[76.661915,25.377624],[76.682379,25.377495],[76.705944,25.372638],[76.75917,25.338402],[76.780151,25.33202],[76.811777,25.342769],[76.869655,25.337937],[76.913476,25.309308],[76.946963,25.318558],[77.001533,25.317551],[77.029645,25.327886],[77.05755,25.343776],[77.080598,25.353181],[77.107676,25.354267],[77.141266,25.341968],[77.16483,25.339746],[77.193562,25.348401],[77.212786,25.373723],[77.222501,25.402739],[77.255471,25.433512],[77.281206,25.442659],[77.30198,25.445605],[77.327714,25.443202],[77.351486,25.425373],[77.354896,25.401318],[77.343424,25.379123],[77.344664,25.35791],[77.361408,25.332175],[77.364715,25.311479],[77.357583,25.289594],[77.362958,25.262128],[77.391173,25.22877],[77.397374,25.205025],[77.386522,25.182804],[77.389209,25.161953],[77.37443,25.138492],[77.350659,25.123247],[77.328851,25.108623],[77.294952,25.117227],[77.266013,25.130456],[77.234904,25.12255],[77.200384,25.129345],[77.088039,25.093688],[77.038326,25.087487],[77.017449,25.089141],[76.915026,25.052786],[76.883504,25.046714],[76.860973,25.033795],[76.84733,25.012375],[76.863763,24.967184],[76.878233,24.935403],[76.883194,24.896956],[76.868621,24.872952],[76.84733,24.86241],[76.826556,24.857785],[76.805472,24.85639],[76.780564,24.837141],[76.795241,24.81678],[76.848054,24.759703],[76.877819,24.743916],[76.921434,24.739705],[76.945722,24.744226],[76.966806,24.737483],[77.014555,24.699165],[77.037396,24.670303],[77.046181,24.649581],[77.0591,24.602323],[77.060857,24.577854],[77.051866,24.55261],[76.942932,24.500236],[76.922261,24.496076],[76.90035,24.499151],[76.8988,24.520442],[76.889085,24.550001],[76.855392,24.567338],[76.835031,24.574934],[76.810743,24.571446],[76.813637,24.521165],[76.806403,24.475948],[76.808366,24.452978],[76.816428,24.426055],[76.814567,24.360115],[76.820459,24.3373],[76.831621,24.316165],[76.878026,24.261103],[76.891565,24.240924],[76.891875,24.220227],[76.874305,24.190358],[76.851981,24.172866],[76.82945,24.17452],[76.794724,24.161445],[76.766612,24.160334],[76.742944,24.174726],[76.66915,24.223586],[76.655094,24.248236],[76.668737,24.273842],[76.674111,24.294771],[76.649203,24.309395],[76.621504,24.301101],[76.592979,24.289345],[76.572515,24.273247],[76.555875,24.227798],[76.53045,24.211106],[76.502028,24.210512],[76.483632,24.242422],[76.45614,24.265031],[76.408184,24.259553],[76.381519,24.260018],[76.358575,24.265057],[76.304728,24.283143],[76.253775,24.27888],[76.230314,24.277872],[76.202305,24.292523],[76.188973,24.31725],[76.192487,24.338489],[76.15497,24.343243],[76.132749,24.329394],[76.122827,24.282446],[76.117659,24.261724],[76.119519,24.231777],[76.116005,24.196094],[76.119106,24.160024],[76.116626,24.134031],[76.083243,24.098142],[75.99901,24.051116],[75.9802,24.02595],[76.00025,24.004065],[75.997873,23.983937],[75.973379,23.955386],[75.899378,23.918334],[75.847598,23.904665],[75.812355,23.886914],[75.776491,23.883142],[75.757268,23.903503],[75.728742,23.916241],[75.726985,23.877768],[75.711792,23.831052],[75.705385,23.803457],[75.684817,23.78984],[75.653088,23.810382],[75.597071,23.8179],[75.589009,23.855469],[75.578157,23.875726],[75.524207,23.905001],[75.501366,23.921744],[75.487207,23.979622],[75.503123,24.014271],[75.513045,24.036027],[75.538883,24.041375],[75.566685,24.020834],[75.589319,24.013186],[75.621772,23.995228],[75.644923,23.999517],[75.672828,24.022384],[75.692982,24.021609],[75.722644,24.001042],[75.742695,24.020756],[75.765329,24.055354],[75.794061,24.080443],[75.810804,24.10827],[75.763469,24.141007],[75.746416,24.171884],[75.759231,24.211597],[75.794785,24.251647],[75.802536,24.272214],[75.803983,24.292523],[75.796645,24.314072],[75.76967,24.328541],[75.746416,24.35717],[75.741145,24.399596],[75.734427,24.423962],[75.744969,24.468843],[75.765433,24.493363],[75.792201,24.494164],[75.825377,24.473158],[75.849458,24.472615],[75.872816,24.497446],[75.869406,24.599377],[75.83995,24.632812],[75.813698,24.663895],[75.817626,24.685238],[75.813388,24.717665],[75.781866,24.759083],[75.758818,24.777377],[75.732153,24.77947],[75.648954,24.738335],[75.598518,24.727483],[75.549942,24.725778],[75.448036,24.703144],[75.416513,24.700973],[75.387574,24.704746],[75.341893,24.719732],[75.308613,24.724693],[75.279054,24.724176],[75.242364,24.720197],[75.220763,24.720817],[75.192238,24.731902],[75.17198,24.762546],[75.180662,24.785903],[75.201539,24.80107],[75.207327,24.834893],[75.188103,24.867061],[75.186863,24.892899],[75.212701,24.88489],[75.234819,24.861713],[75.262207,24.845254],[75.297451,24.839389],[75.318845,24.839983],[75.355018,24.847321],[75.384371,24.863806],[75.405765,24.890212],[75.344166,24.891659],[75.321532,24.888249],[75.297658,24.887628],[75.268099,24.893287],[75.245154,24.911425],[75.247841,24.932199],[75.267995,24.936954],[75.29497,24.926954],[75.320292,24.935248],[75.299518,24.975866],[75.29156,24.996278],[75.30975,25.029713],[75.323806,25.053768],[75.271199,25.048265],[75.235129,25.040229],[75.20619,25.040668],[75.157821,25.04581],[75.133326,25.040022],[75.125678,25.018034],[75.100874,24.991266],[75.103147,24.940416],[75.099633,24.905147],[75.078033,24.888869],[75.054985,24.898119],[75.014264,24.87272],[74.981398,24.863031],[74.951942,24.872849],[74.930135,24.887163],[74.909671,24.893313],[74.875874,24.919358],[74.845592,24.93238],[74.824301,24.932509],[74.83412,24.87148],[74.838357,24.848277],[74.831226,24.806316],[74.879388,24.795722],[74.918663,24.787609],[74.939023,24.786989],[74.966515,24.790218],[74.978401,24.763398],[74.967755,24.737405],[74.968169,24.712394],[74.956903,24.683016],[74.932305,24.669089],[74.881145,24.664877],[74.858511,24.671931],[74.839908,24.704436],[74.816757,24.720455],[74.802494,24.761383],[74.791332,24.781563],[74.769214,24.730971],[74.770455,24.70472],[74.78358,24.678907],[74.748957,24.591161],[74.719295,24.54522],[74.711853,24.523852],[74.720225,24.500314],[74.817067,24.474553],[74.844869,24.454993],[74.838357,24.420034],[74.766424,24.35872],[74.759602,24.335698],[74.754021,24.304124],[74.733454,24.27733],[74.74565,24.257279],[74.807248,24.263041],[74.840528,24.255962],[74.869983,24.236118],[74.88497,24.204983],[74.888277,24.155348],[74.893134,24.134496],[74.909361,24.101682],[74.929205,24.077161],[74.951115,24.06109],[74.968169,24.032771],[74.946775,24.001998],[74.908327,23.896733],[74.903056,23.855263],[74.902229,23.824153],[74.90657,23.791313],[74.932202,23.752426],[74.938506,23.721679],[74.939023,23.687366],[74.934992,23.666411],[74.917112,23.639953],[74.893548,23.609567],[74.879905,23.569905],[74.862955,23.538279],[74.822958,23.500116],[74.789885,23.491331],[74.722395,23.452186],[74.699554,23.444822],[74.648188,23.43056],[74.569537,23.36785],[74.521271,23.289742],[74.523028,23.265479],[74.55052,23.244809],[74.581215,23.239305],[74.611498,23.228117],[74.646018,23.227781],[74.669685,23.221219],[74.687462,23.200109],[74.715884,23.179206],[74.667205,23.14727],[74.611911,23.112672],[74.550003,23.098745],[74.476106,23.062365],[74.437968,23.06345],[74.407893,23.072339],[74.387429,23.072597],[74.363348,23.065052],[74.341127,23.046578],[74.316115,23.054872],[74.301543,23.075749],[74.274154,23.09009],[74.256377,23.118408],[74.244905,23.141301],[74.205941,23.172074],[74.184754,23.1775],[74.157262,23.160008],[74.134731,23.161429],[74.108996,23.191117],[74.106102,23.222278],[74.105792,23.247677],[74.083675,23.271526],[74.030035,23.297674],[73.995721,23.330308],[73.959548,23.358833],[73.938464,23.362192],[73.925442,23.340126],[73.904461,23.333382],[73.855575,23.369556],[73.818161,23.424255],[73.789533,23.43981],[73.710674,23.415031],[73.676878,23.436528],[73.627165,23.438699],[73.629646,23.474459],[73.629542,23.498153],[73.61652,23.524973],[73.619104,23.56156],[73.620551,23.582592],[73.594402,23.627395],[73.566394,23.635405],[73.536525,23.611143],[73.51358,23.599852],[73.501695,23.634268],[73.502005,23.659306],[73.51079,23.684498],[73.497974,23.706357],[73.462731,23.714703],[73.43896,23.729405],[73.424387,23.7601],[73.403303,23.783949],[73.361652,23.784233],[73.365062,23.839579],[73.363409,23.876837],[73.368163,23.899627],[73.391314,23.919393],[73.418289,23.935568],[73.418186,23.968615],[73.399375,23.999827],[73.398755,24.02905],[73.388523,24.057472],[73.354107,24.104731],[73.331266,24.093827],[73.31969,24.067524],[73.303671,24.045458],[73.255818,24.014917],[73.229773,24.029515],[73.207966,24.054036],[73.200731,24.078634],[73.169415,24.101914],[73.148228,24.122843],[73.117325,24.138992],[73.101616,24.15943],[73.094381,24.179558],[73.079292,24.204311],[73.080325,24.226842],[73.107507,24.29229],[73.130761,24.313477],[73.137169,24.335931],[73.165695,24.33327],[73.19267,24.336138],[73.21334,24.356136],[73.216027,24.379701],[73.186158,24.384713],[73.165695,24.378383],[73.115155,24.394351],[73.091591,24.410965],[73.098722,24.442514],[73.100996,24.463417],[73.100996,24.485095],[73.091074,24.507212],[73.062032,24.507367],[73.029786,24.497368],[73.004981,24.494164],[72.98431,24.480108],[72.972838,24.458223],[72.971081,24.43254],[72.961366,24.411327],[72.958679,24.390062],[72.924572,24.363397],[72.897391,24.360581],[72.860907,24.371898],[72.835689,24.37691],[72.796208,24.377479],[72.747012,24.380657],[72.717557,24.390243],[72.696163,24.407554],[72.679109,24.444322],[72.658335,24.466801],[72.629913,24.471762],[72.599528,24.480056],[72.555706,24.50667],[72.525114,24.511605],[72.503616,24.500805],[72.484806,24.443754],[72.457004,24.43055],[72.432096,24.46445],[72.418763,24.488816],[72.419694,24.50977],[72.397266,24.525222],[72.373081,24.522044],[72.349207,24.532379],[72.338458,24.552714],[72.314894,24.557571],[72.288952,24.561214],[72.255363,24.584055],[72.255776,24.606535],[72.308589,24.61147],[72.332154,24.621185],[72.327503,24.642165],[72.302491,24.643664],[72.265905,24.635422],[72.20627,24.630073],[72.172784,24.634001],[72.099403,24.656557],[72.068811,24.690328],[72.034498,24.706503],[71.986748,24.695289],[71.957396,24.669786],[71.934762,24.658159],[71.901482,24.661828],[71.883086,24.681853],[71.856834,24.684928],[71.83358,24.671182],[71.830479,24.643767],[71.807845,24.636119],[71.784797,24.64307],[71.768881,24.671001],[71.651885,24.658004],[71.620053,24.662087],[71.59101,24.681905],[71.545845,24.688054],[71.469054,24.686426],[71.438978,24.676194],[71.408696,24.655317],[71.378414,24.646661],[71.35826,24.650485],[71.335936,24.660045],[71.296041,24.658263],[71.266999,24.647359],[71.235063,24.635964],[71.129747,24.66095],[71.086752,24.687434],[71.056632,24.69282],[71.036935,24.72074],[71.00319,24.808203],[70.943039,24.894063],[70.915237,24.946618],[70.893326,25.001886],[70.859891,25.139449],[70.848574,25.163323],[70.768372,25.233086],[70.734886,25.267348],[70.718556,25.310808],[70.710495,25.335871],[70.670394,25.375558],[70.654478,25.39659],[70.646623,25.431369],[70.652824,25.545884],[70.657475,25.63363],[70.653857,25.674455],[70.632308,25.701378],[70.592259,25.708819],[70.554432,25.698794],[70.516657,25.68386],[70.477227,25.676315],[70.360129,25.673473],[70.303698,25.684583],[70.264579,25.697296],[70.234452,25.730989],[70.213988,25.786334],[70.195591,25.806953],[70.15425,25.839406],[70.114976,25.881729],[70.083246,25.929943],[70.064643,25.980327],[70.072911,26.047455],[70.073893,26.083112],[70.132029,26.18047],[70.146912,26.217419],[70.151614,26.254058],[70.144018,26.294313],[70.147945,26.333226],[70.157144,26.354],[70.156989,26.410947],[70.162931,26.493319],[70.158074,26.530113],[70.1296,26.562514],[70.093685,26.580394],[70.056064,26.589076],[69.815562,26.580291],[69.772258,26.59507],[69.700221,26.653],[69.659396,26.677701],[69.50416,26.735165],[69.472844,26.766584],[69.465093,26.80777],[69.48597,26.926833],[69.507571,27.050081],[69.534443,27.125581],[69.575577,27.188419],[69.666114,27.270016],[69.730606,27.310324],[69.848015,27.410369],[69.908063,27.497289],[69.993536,27.571083],[70.016894,27.60059],[70.090688,27.79355],[70.189028,27.89179],[70.267731,27.945272],[70.323852,28.000437],[70.359509,28.016327],[70.398266,28.02165],[70.43692,28.035344],[70.477227,28.037256],[70.506786,28.028962],[70.534898,28.015965],[70.559806,27.998447],[70.592879,27.964496],[70.621198,27.944135],[70.64161,27.911269],[70.637631,27.874217],[70.671738,27.791095],[70.710391,27.74115],[70.761758,27.709783],[70.831573,27.701463],[70.91379,27.717818],[71.027581,27.768048],[71.150675,27.822411],[71.226329,27.845356],[71.31144,27.861711],[71.397791,27.868378],[71.477115,27.862435]]]}},{"type":"Feature","properties":{"name":"Gujarat","code":"IN-GJ"},"geometry":{"type":"Polygon","coordinates":[[[70.996679,24.356602],[71.025101,24.38629],[71.073057,24.402103],[71.07502,24.436417],[71.040087,24.446778],[71.00009,24.452901],[70.977145,24.464942],[70.973218,24.48724],[70.977145,24.515068],[70.977145,24.54039],[70.954821,24.584521],[70.962779,24.615785],[70.977145,24.639686],[71.043343,24.669064],[71.063858,24.682577],[71.086752,24.687434],[71.129747,24.66095],[71.222351,24.636817],[71.251496,24.636817],[71.280022,24.653508],[71.321983,24.662319],[71.35826,24.650485],[71.378414,24.646661],[71.408696,24.655317],[71.438978,24.676194],[71.469054,24.686426],[71.545845,24.688054],[71.57189,24.686245],[71.609614,24.6679],[71.637002,24.657643],[71.750897,24.678132],[71.771464,24.661131],[71.807845,24.636119],[71.828722,24.638264],[71.829652,24.663327],[71.856834,24.684928],[71.883086,24.681853],[71.901482,24.661828],[71.934762,24.658159],[71.957396,24.669786],[71.97879,24.691491],[72.034498,24.706503],[72.061059,24.701645],[72.080696,24.668598],[72.172784,24.634001],[72.20627,24.630073],[72.265905,24.635422],[72.302491,24.643664],[72.327503,24.642165],[72.332154,24.621185],[72.308589,24.61147],[72.261667,24.60824],[72.255363,24.584055],[72.288952,24.561214],[72.314894,24.557571],[72.338458,24.552714],[72.349207,24.532379],[72.373081,24.522044],[72.397266,24.525222],[72.418557,24.517289],[72.418763,24.488816],[72.432096,24.46445],[72.449149,24.434814],[72.471577,24.431403],[72.500929,24.49605],[72.525114,24.511605],[72.555706,24.50667],[72.599528,24.480056],[72.629913,24.471762],[72.658335,24.466801],[72.679109,24.444322],[72.690581,24.416675],[72.717557,24.390243],[72.747012,24.380657],[72.796208,24.377479],[72.835689,24.37691],[72.860907,24.371898],[72.897391,24.360581],[72.924572,24.363397],[72.949687,24.379417],[72.961469,24.401043],[72.96705,24.423962],[72.972218,24.453443],[72.98431,24.480108],[73.004981,24.494164],[73.029786,24.497368],[73.062032,24.507367],[73.091074,24.507212],[73.100996,24.485095],[73.100996,24.463417],[73.098722,24.442514],[73.090144,24.420784],[73.105026,24.398744],[73.165695,24.378383],[73.186158,24.384713],[73.211997,24.387426],[73.21334,24.356136],[73.19267,24.336138],[73.165695,24.33327],[73.141613,24.336706],[73.130761,24.313477],[73.107507,24.29229],[73.080325,24.226842],[73.079292,24.204311],[73.094381,24.179558],[73.101616,24.15943],[73.117325,24.138992],[73.140063,24.128657],[73.161974,24.106823],[73.189466,24.093749],[73.203935,24.062795],[73.229773,24.029515],[73.255818,24.014917],[73.294679,24.038817],[73.31969,24.067524],[73.331266,24.093827],[73.354107,24.104731],[73.388523,24.057472],[73.398755,24.02905],[73.398342,24.007527],[73.406197,23.98572],[73.42387,23.940942],[73.391314,23.919393],[73.368163,23.899627],[73.363409,23.876837],[73.365579,23.851929],[73.356897,23.794362],[73.394931,23.785887],[73.418599,23.770927],[73.430898,23.74284],[73.449708,23.719793],[73.489086,23.710491],[73.50986,23.691397],[73.504485,23.669512],[73.501695,23.634268],[73.500765,23.607319],[73.524432,23.603107],[73.556472,23.628971],[73.57983,23.635173],[73.615383,23.60179],[73.619104,23.56156],[73.61652,23.524973],[73.629542,23.498153],[73.629646,23.474459],[73.618794,23.451876],[73.666129,23.441825],[73.698375,23.416323],[73.789533,23.43981],[73.811857,23.434616],[73.855575,23.369556],[73.885444,23.339222],[73.911592,23.334571],[73.931643,23.34842],[73.959548,23.358833],[73.995721,23.330308],[74.030035,23.297674],[74.083675,23.271526],[74.105792,23.247677],[74.106102,23.222278],[74.108996,23.191117],[74.121915,23.170214],[74.14672,23.15807],[74.171731,23.166493],[74.193125,23.177164],[74.23333,23.1559],[74.252553,23.128821],[74.274154,23.09009],[74.301543,23.075749],[74.316115,23.054872],[74.343917,22.986918],[74.354976,22.898939],[74.365001,22.874961],[74.392493,22.876459],[74.412544,22.879637],[74.451921,22.840932],[74.458122,22.804112],[74.37637,22.651047],[74.350118,22.624588],[74.317872,22.613607],[74.292137,22.613995],[74.19757,22.5556],[74.161189,22.516662],[74.139899,22.50581],[74.119745,22.504389],[74.063108,22.5209],[74.042437,22.51643],[74.024867,22.491341],[74.036029,22.468474],[74.081814,22.42783],[74.113027,22.410674],[74.164393,22.41672],[74.196536,22.414937],[74.221547,22.409433],[74.243562,22.394783],[74.239634,22.365844],[74.211729,22.340497],[74.180103,22.327087],[74.148684,22.321041],[74.126876,22.323005],[74.105792,22.340497],[74.084915,22.349411],[74.059387,22.320628],[74.05639,22.294169],[74.063831,22.258306],[74.064141,22.215388],[74.088222,22.183814],[74.106516,22.152369],[74.114164,22.112449],[74.132457,22.084466],[74.141862,22.062814],[74.129047,22.024651],[74.12884,21.951761],[74.06104,21.940315],[73.974637,21.90117],[73.942701,21.874608],[73.917587,21.866883],[73.870871,21.854661],[73.832941,21.843551],[73.809376,21.836471],[73.797594,21.813423],[73.805035,21.766527],[73.803485,21.739784],[73.815681,21.714153],[73.837178,21.697591],[73.8286,21.650927],[73.792736,21.626742],[73.762041,21.623771],[73.757183,21.596305],[73.792736,21.552587],[73.811237,21.518041],[73.856402,21.520883],[73.923891,21.531322],[73.954897,21.543776],[73.995928,21.555325],[74.018976,21.558891],[74.108996,21.552612],[74.131837,21.567779],[74.155505,21.568839],[74.175555,21.553233],[74.229609,21.552432],[74.265369,21.569536],[74.28542,21.573102],[74.297202,21.553078],[74.299992,21.527911],[74.280769,21.505406],[74.240564,21.486131],[74.108686,21.451559],[74.087395,21.452877],[74.063418,21.462695],[74.04223,21.461791],[74.00709,21.427245],[73.974431,21.406859],[73.946422,21.373502],[73.929472,21.308519],[73.909629,21.286918],[73.853715,21.267772],[73.832011,21.268495],[73.808446,21.285885],[73.792736,21.264878],[73.77744,21.216638],[73.755633,21.197156],[73.733205,21.191265],[73.698065,21.165582],[73.671607,21.171628],[73.646595,21.166512],[73.576936,21.194598],[73.553475,21.195477],[73.559882,21.174186],[73.5974,21.139899],[73.633986,21.119383],[73.664269,21.119254],[73.684629,21.12375],[73.705093,21.118711],[73.725867,21.097188],[73.7423,21.073107],[73.77465,21.062126],[73.798628,21.048612],[73.814337,21.025177],[73.832837,21.003705],[73.859502,20.982285],[73.884617,20.926527],[73.902911,20.883868],[73.911489,20.806276],[73.909008,20.775709],[73.89888,20.750956],[73.839762,20.705326],[73.81103,20.676904],[73.81196,20.65153],[73.806276,20.626442],[73.792323,20.606184],[73.763901,20.59373],[73.736926,20.581044],[73.712845,20.566471],[73.647629,20.559159],[73.623031,20.571148],[73.599467,20.604582],[73.569494,20.624865],[73.538902,20.638766],[73.501488,20.664605],[73.481024,20.673725],[73.464694,20.703052],[73.43896,20.719149],[73.418289,20.683699],[73.371677,20.659489],[73.3724,20.638611],[73.396792,20.635588],[73.411984,20.601844],[73.439476,20.587633],[73.4587,20.538023],[73.44206,20.495545],[73.392864,20.418496],[73.364649,20.38227],[73.367233,20.358913],[73.386663,20.332661],[73.394104,20.270391],[73.389144,20.244372],[73.377878,20.218637],[73.383873,20.194194],[73.363822,20.178304],[73.337777,20.18373],[73.271838,20.193419],[73.247447,20.175332],[73.245586,20.152724],[73.237732,20.131381],[73.216648,20.117971],[73.19298,20.111021],[73.166315,20.114871],[73.170035,20.164532],[73.119186,20.182438],[73.103786,20.151406],[73.065752,20.138254],[73.045599,20.148874],[73.03392,20.192411],[73.040948,20.216389],[73.112158,20.254914],[73.123217,20.278142],[73.099342,20.285429],[73.074124,20.291733],[73.074331,20.313282],[73.071333,20.335632],[73.049939,20.330258],[73.017797,20.304187],[72.997643,20.293594],[72.974492,20.298503],[72.945346,20.255922],[72.91062,20.257549],[72.888709,20.244217],[72.896667,20.221505],[72.921472,20.204994],[72.939352,20.184298],[72.944623,20.137996],[72.897597,20.107145],[72.872586,20.101797],[72.830831,20.104045],[72.80582,20.092546],[72.782566,20.101745],[72.758071,20.091565],[72.732026,20.0757],[72.708102,20.072644],[72.728282,20.129462],[72.734548,20.173529],[72.752289,20.203762],[72.741954,20.225043],[72.741954,20.245551],[72.74822,20.280341],[72.767833,20.311957],[72.781586,20.352281],[72.810313,20.368842],[72.838973,20.376316],[72.866038,20.380827],[72.884081,20.419169],[72.87957,20.439467],[72.863783,20.462021],[72.879161,20.512437],[72.890391,20.55268],[72.891449,20.575141],[72.886241,20.608466],[72.888438,20.628485],[72.905772,20.653306],[72.909434,20.698676],[72.898936,20.732164],[72.940278,20.759426],[72.926443,20.780992],[72.922862,20.80268],[72.900238,20.79914],[72.880138,20.829901],[72.888438,20.851955],[72.836925,20.835842],[72.854259,20.887152],[72.836681,20.929918],[72.886485,20.962104],[72.888438,20.982611],[72.85377,20.974921],[72.832693,20.972357],[72.816091,20.99901],[72.787608,21.006903],[72.766856,21.03856],[72.82309,21.03384],[72.844981,21.038316],[72.815929,21.121487],[72.755626,21.109565],[72.735606,21.110745],[72.730154,21.087836],[72.700369,21.074774],[72.705821,21.10635],[72.720551,21.129706],[72.714041,21.16413],[72.686697,21.158149],[72.671886,21.134426],[72.673025,21.112616],[72.637869,21.085395],[72.615001,21.105862],[72.630382,21.135972],[72.693533,21.178453],[72.721039,21.198798],[72.687673,21.220445],[72.659353,21.244696],[72.645763,21.273383],[72.625173,21.259345],[72.602061,21.277655],[72.597911,21.307563],[72.588634,21.331977],[72.603201,21.352729],[72.63852,21.357164],[72.594086,21.362779],[72.567638,21.37641],[72.635102,21.407457],[72.672862,21.428127],[72.728282,21.465806],[72.752615,21.463568],[72.683279,21.465806],[72.612478,21.421861],[72.583669,21.417426],[72.61964,21.487372],[72.651052,21.507025],[72.690115,21.540676],[72.726817,21.553168],[72.75115,21.565131],[72.773204,21.580512],[72.810395,21.635077],[72.833995,21.644477],[72.858735,21.6376],[72.889659,21.64053],[72.935557,21.658352],[72.965343,21.678778],[73.022472,21.698554],[73.084972,21.729682],[73.108165,21.733344],[73.132009,21.757799],[73.083995,21.746405],[73.046641,21.733344],[73.022472,21.71601],[72.991466,21.708441],[72.950206,21.689154],[72.926931,21.684963],[72.882823,21.69302],[72.858165,21.694973],[72.819184,21.675035],[72.798106,21.673529],[72.755626,21.684963],[72.733246,21.687486],[72.676443,21.678127],[72.653005,21.680569],[72.616059,21.685452],[72.570486,21.670478],[72.550304,21.666693],[72.528494,21.695136],[72.550141,21.751939],[72.556326,21.774319],[72.562755,21.839423],[72.58546,21.858873],[72.598806,21.881008],[72.618419,21.925116],[72.65211,21.941067],[72.690115,21.938788],[72.706798,21.966132],[72.734548,21.986558],[72.713715,21.995795],[72.693533,21.972317],[72.623057,21.96662],[72.602712,21.94359],[72.581798,21.928168],[72.558604,21.915269],[72.533376,21.920315],[72.507091,21.962307],[72.504568,21.994208],[72.517751,22.032131],[72.522227,22.054267],[72.519542,22.077541],[72.53004,22.107489],[72.535899,22.14053],[72.557384,22.176663],[72.590505,22.205024],[72.614106,22.211737],[72.634451,22.210395],[72.669607,22.18891],[72.691661,22.181952],[72.719412,22.182196],[72.74822,22.164049],[72.790212,22.217231],[72.812266,22.234117],[72.847423,22.240424],[72.881114,22.220404],[72.916026,22.22309],[72.922699,22.254584],[72.905772,22.281399],[72.869477,22.262397],[72.838634,22.276557],[72.818207,22.273424],[72.785411,22.256903],[72.756602,22.24372],[72.726573,22.248928],[72.659434,22.273912],[72.635265,22.271633],[72.606619,22.28384],[72.573741,22.288235],[72.553071,22.282457],[72.521169,22.253119],[72.479015,22.233385],[72.457042,22.236721],[72.463878,22.263983],[72.432302,22.255845],[72.391856,22.253485],[72.381033,22.289944],[72.380382,22.312405],[72.404959,22.332953],[72.408051,22.353461],[72.371349,22.355902],[72.34962,22.324368],[72.340505,22.303209],[72.328298,22.260728],[72.288341,22.261298],[72.263194,22.276353],[72.240408,22.301907],[72.208507,22.300442],[72.206309,22.273912],[72.161794,22.280951],[72.166026,22.260321],[72.190684,22.251288],[72.240408,22.288235],[72.243175,22.265937],[72.234141,22.243557],[72.268321,22.226752],[72.306488,22.22956],[72.317231,22.184882],[72.307628,22.079006],[72.295665,22.051174],[72.275157,22.027533],[72.24936,22.008287],[72.220958,22.010972],[72.19988,22.006985],[72.186371,21.986558],[72.163422,21.973212],[72.151703,21.993883],[72.11378,22.010565],[72.128103,21.983547],[72.076508,21.979722],[72.104503,21.959215],[72.073253,21.954495],[72.038422,21.947577],[72.087576,21.919664],[72.1421,21.924994],[72.15919,21.904608],[72.167328,21.879136],[72.162608,21.852851],[72.13087,21.846259],[72.111339,21.869859],[72.077647,21.894436],[72.049327,21.880439],[72.071788,21.870795],[72.104503,21.835761],[72.062836,21.834377],[72.004161,21.857733],[71.994151,21.812201],[72.001475,21.787909],[72.021821,21.800971],[72.022309,21.780911],[72.054942,21.78559],[72.087413,21.784491],[72.117442,21.776597],[72.166026,21.793931],[72.177013,21.766669],[72.200043,21.750067],[72.214366,21.712836],[72.240408,21.691718],[72.263031,21.692328],[72.278331,21.671942],[72.296641,21.642157],[72.295665,21.616034],[72.275157,21.595526],[72.242198,21.48078],[72.2199,21.444729],[72.16684,21.392076],[72.151622,21.360175],[72.116059,21.32274],[72.111501,21.296088],[72.10255,21.2744],[72.090831,21.252916],[72.104503,21.222154],[72.090831,21.191474],[72.066661,21.181342],[71.990733,21.136379],[71.92628,21.130032],[71.806163,21.062079],[71.76295,21.032294],[71.730235,21.030707],[71.699743,21.021306],[71.639985,20.996812],[71.583507,20.958238],[71.549571,20.951239],[71.562348,20.972968],[71.536794,20.964301],[71.493419,20.929145],[71.480724,20.900377],[71.378103,20.859442],[71.318614,20.849311],[71.140636,20.765692],[71.116954,20.766913],[71.09547,20.763739],[71.072602,20.745673],[71.044444,20.740546],[71.024181,20.744534],[70.999153,20.738825],[70.976036,20.73286],[70.972992,20.709621],[70.902531,20.70552],[70.84018,20.70189],[70.819672,20.702948],[70.785167,20.722154],[70.763194,20.724555],[70.740245,20.718492],[70.698578,20.746405],[70.562174,20.799767],[70.541515,20.807847],[70.484141,20.84394],[70.463064,20.848863],[70.417003,20.890448],[70.336681,20.927069],[70.299978,20.958564],[70.26352,20.980414],[70.152192,21.078518],[70.054445,21.153155],[69.968019,21.258055],[69.911632,21.315009],[69.844981,21.389594],[69.814708,21.433661],[69.808604,21.465806],[69.771495,21.47842],[69.629731,21.616034],[69.568207,21.650133],[69.519786,21.704779],[69.49936,21.720201],[69.478526,21.752631],[69.4463,21.766303],[69.397716,21.815253],[69.395193,21.861314],[69.367849,21.856106],[69.336192,21.862454],[69.243907,21.94595],[69.21225,21.967475],[69.150645,22.041205],[69.119314,22.062079],[69.092052,22.099595],[69.048188,22.157904],[69.012543,22.185614],[68.980479,22.235541],[68.953298,22.276028],[68.944021,22.318264],[68.960623,22.349514],[68.967621,22.387193],[68.983246,22.419379],[69.007498,22.443183],[69.047537,22.464016],[69.073578,22.481879],[69.082286,22.45954],[69.056,22.44184],[69.062266,22.407701],[69.088552,22.396877],[69.11378,22.407864],[69.139822,22.407131],[69.168793,22.42064],[69.202159,22.414862],[69.18214,22.366441],[69.169688,22.327948],[69.19044,22.292304],[69.212087,22.281399],[69.286469,22.284613],[69.335704,22.306138],[69.359874,22.329169],[69.435395,22.33039],[69.468923,22.337836],[69.500011,22.366767],[69.525645,22.392076],[69.516938,22.416083],[69.515961,22.448147],[69.541026,22.452094],[69.559825,22.411526],[69.554698,22.377631],[69.601085,22.363837],[69.629731,22.383775],[69.652354,22.389879],[69.674653,22.411078],[69.699392,22.404283],[69.725352,22.464545],[69.788748,22.423163],[69.812999,22.429511],[69.822276,22.452094],[69.851085,22.465237],[69.884776,22.473578],[69.905284,22.486396],[69.962087,22.535346],[69.996267,22.541449],[70.020844,22.555121],[70.059093,22.558417],[70.144705,22.547797],[70.178477,22.561957],[70.207286,22.614976],[70.234874,22.648871],[70.267263,22.705959],[70.319102,22.778266],[70.321544,22.811713],[70.342947,22.843166],[70.375255,22.902655],[70.404633,22.919501],[70.43686,22.954901],[70.462738,22.966539],[70.486339,22.96369],[70.51238,22.995347],[70.527192,23.023586],[70.528494,23.047065],[70.523692,23.07038],[70.50294,23.104397],[70.467133,23.129706],[70.450938,23.105658],[70.410655,23.086005],[70.398936,23.059068],[70.40447,23.033352],[70.401866,22.999254],[70.403494,22.967841],[70.398774,22.945502],[70.363536,22.938707],[70.339529,22.935289],[70.319102,22.945502],[70.29363,22.951402],[70.269298,22.958564],[70.249685,22.987454],[70.222016,22.959174],[70.178477,22.95303],[70.154307,22.956041],[70.12908,22.969306],[70.130626,22.993964],[70.109548,22.959174],[70.132335,22.941067],[70.061778,22.918199],[69.996918,22.893785],[69.940684,22.886135],[69.884288,22.867825],[69.852875,22.863593],[69.806814,22.845282],[69.780121,22.82746],[69.760102,22.808336],[69.728852,22.754828],[69.694347,22.749701],[69.653819,22.760484],[69.585704,22.761176],[69.556977,22.77851],[69.510753,22.780504],[69.489431,22.784735],[69.424653,22.804267],[69.372569,22.818996],[69.338145,22.833075],[69.23878,22.841946],[69.201915,22.85224],[69.13559,22.888373],[69.039887,22.950507],[68.866222,23.019965],[68.691254,23.13052],[68.660655,23.154242],[68.649669,23.180854],[68.622569,23.191555],[68.599946,23.225043],[68.620128,23.245429],[68.623057,23.267646],[68.57781,23.255276],[68.552257,23.259711],[68.561046,23.316107],[68.599132,23.322252],[68.57838,23.343411],[68.561046,23.363918],[68.541026,23.357001],[68.520681,23.369208],[68.515147,23.399319],[68.541026,23.411689],[68.513194,23.418524],[68.490489,23.409329],[68.462576,23.409125],[68.461111,23.433173],[68.44044,23.434272],[68.432953,23.465888],[68.447439,23.487454],[68.48585,23.514106],[68.458669,23.52147],[68.437348,23.548814],[68.447439,23.516343],[68.431163,23.493598],[68.406098,23.508734],[68.410818,23.548814],[68.404959,23.597602],[68.408865,23.621324],[68.471528,23.618638],[68.492686,23.6376],[68.468761,23.640815],[68.488943,23.664781],[68.523936,23.67593],[68.554698,23.706488],[68.583507,23.735297],[68.637869,23.761542],[68.654552,23.799058],[68.680186,23.817776],[68.715587,23.815741],[68.745128,23.833075],[68.768809,23.841132],[68.821625,23.878404],[68.78004,23.874091],[68.740245,23.853461],[68.717784,23.84101],[68.691905,23.836656],[68.654063,23.836249],[68.633474,23.833075],[68.609386,23.795233],[68.587738,23.775702],[68.554698,23.768541],[68.52475,23.752021],[68.47283,23.737494],[68.449718,23.723334],[68.427745,23.714301],[68.34197,23.623969],[68.348888,23.60342],[68.327322,23.5869],[68.294119,23.590399],[68.230805,23.58808],[68.181407,23.594062],[68.1574,23.600816],[68.150076,23.631415],[68.174327,23.631415],[68.184255,23.651923],[68.209321,23.662746],[68.232677,23.645006],[68.261892,23.661444],[68.280447,23.685981],[68.258962,23.674709],[68.224864,23.681871],[68.19752,23.714545],[68.197927,23.753404],[68.197765,23.774807],[68.178233,23.754299],[68.175629,23.798245],[68.179698,23.82746],[68.207288,23.877019],[68.23292,23.889111],[68.256794,23.891928],[68.25266,23.920091],[68.274003,23.937687],[68.286198,23.916371],[68.314052,23.915906],[68.335033,23.940995],[68.330433,23.966574],[68.352396,23.956549],[68.385469,23.960425],[68.431564,23.967143],[68.547836,23.966316],[68.646435,23.965696],[68.724466,23.965179],[68.725086,24.10406],[68.725551,24.208911],[68.725913,24.289216],[68.747307,24.331177],[68.79919,24.329085],[68.813815,24.30844],[68.819654,24.250304],[68.848903,24.244025],[68.880116,24.297355],[68.890296,24.319473],[68.913189,24.317251],[68.94869,24.270277],[68.980781,24.255394],[69.007808,24.264567],[69.048477,24.285237],[69.091886,24.281904],[69.148213,24.25666],[69.206246,24.258572],[69.280815,24.283739],[69.563071,24.276762],[69.59232,24.264618],[69.670558,24.188706],[69.714587,24.168578],[69.769054,24.162557],[69.972039,24.165219],[70.015964,24.174055],[70.052137,24.202064],[70.087174,24.28255],[70.109705,24.3049],[70.144586,24.307897],[70.202205,24.325571],[70.222773,24.326707],[70.2791,24.355078],[70.353204,24.366266],[70.416353,24.401948],[70.520946,24.424919],[70.562907,24.424092],[70.575206,24.400036],[70.551952,24.379366],[70.555362,24.327018],[70.56022,24.287253],[70.584714,24.2579],[70.621508,24.241157],[70.755453,24.231442],[70.776021,24.236687],[70.813589,24.254464],[70.834105,24.261285],[70.857566,24.271672],[70.840926,24.30583],[70.917717,24.361718],[70.955338,24.365904],[70.977145,24.357248],[70.996679,24.356602]]]}},{"type":"Feature","properties":{"name":"Himachal Pradesh","code":"IN-HP"},"geometry":{"type":"Polygon","coordinates":[[[78.380983,32.528041],[78.409198,32.476623],[78.448782,32.426782],[78.441444,32.404948],[78.434519,32.383761],[78.462735,32.281803],[78.461391,32.260151],[78.457981,32.229662],[78.513068,32.20757],[78.534978,32.181344],[78.551825,32.15039],[78.649287,32.036444],[78.678329,32.016755],[78.722151,31.994586],[78.744578,31.9642],[78.720187,31.902912],[78.706648,31.840797],[78.674091,31.78695],[78.695589,31.746694],[78.693212,31.71853],[78.710472,31.69817],[78.724011,31.673313],[78.758117,31.666595],[78.795324,31.633781],[78.818889,31.607374],[78.796978,31.578849],[78.699516,31.510016],[78.695382,31.488105],[78.733003,31.467744],[78.762561,31.44511],[78.760081,31.412037],[78.745508,31.373538],[78.73848,31.334988],[78.745095,31.308116],[78.784472,31.288272],[78.821989,31.293698],[78.848654,31.290908],[78.886972,31.284171],[78.936298,31.240367],[78.963584,31.203134],[78.993349,31.163395],[78.993246,31.130787],[78.961517,31.121847],[78.933198,31.118514],[78.869533,31.121977],[78.846278,31.135154],[78.819716,31.164325],[78.800596,31.199879],[78.778479,31.209697],[78.753467,31.209181],[78.722565,31.213806],[78.687218,31.215847],[78.666547,31.214297],[78.633371,31.220808],[78.605156,31.230032],[78.581695,31.231066],[78.53994,31.226518],[78.518856,31.221557],[78.490951,31.222177],[78.442685,31.261968],[78.411163,31.267678],[78.391112,31.274345],[78.368685,31.290028],[78.348427,31.289873],[78.312977,31.294498],[78.284245,31.290338],[78.234533,31.261193],[78.186163,31.248093],[78.117227,31.214193],[78.070822,31.185203],[78.039712,31.17218],[78.008913,31.16908],[77.963748,31.176134],[77.941114,31.172904],[77.897809,31.137996],[77.865873,31.102779],[77.806032,31.050508],[77.806962,31.013069],[77.802104,30.992165],[77.775542,30.980151],[77.749704,30.979918],[77.76221,30.949972],[77.789082,30.930645],[77.793422,30.895737],[77.787221,30.873775],[77.76035,30.883903],[77.729137,30.836387],[77.705779,30.791454],[77.707019,30.759415],[77.734925,30.735902],[77.740196,30.697687],[77.76035,30.668568],[77.770788,30.635055],[77.74526,30.605858],[77.765827,30.566171],[77.798487,30.553691],[77.815333,30.531418],[77.801794,30.508371],[77.768514,30.49819],[77.688623,30.455196],[77.664955,30.445971],[77.644491,30.442173],[77.623304,30.441114],[77.597776,30.437031],[77.575865,30.428737],[77.567493,30.406361],[77.585063,30.382926],[77.538451,30.403803],[77.513336,30.424939],[77.487911,30.420934],[77.46135,30.417317],[77.434375,30.421218],[77.449671,30.441476],[77.412154,30.43561],[77.380528,30.429254],[77.359134,30.449847],[77.303427,30.460312],[77.276245,30.47398],[77.241001,30.489328],[77.21444,30.475608],[77.201314,30.500154],[77.147777,30.538679],[77.130104,30.568677],[77.145297,30.595859],[77.146227,30.637536],[77.150258,30.663994],[77.140956,30.693036],[77.115118,30.722104],[77.086902,30.738227],[77.043287,30.7605],[77.012695,30.770499],[76.994608,30.802048],[76.964016,30.815949],[76.943965,30.840883],[76.93394,30.870364],[76.905725,30.899303],[76.876476,30.900466],[76.84702,30.898683],[76.820459,30.929404],[76.796274,30.930335],[76.7724,30.912868],[76.721757,30.941161],[76.700259,30.961883],[76.645172,30.999271],[76.615303,31.030148],[76.607552,31.052058],[76.605898,31.0726],[76.623055,31.107275],[76.602487,31.127248],[76.601351,31.177529],[76.621814,31.208276],[76.61427,31.228999],[76.590085,31.226596],[76.586984,31.249798],[76.576753,31.272303],[76.554842,31.26543],[76.533758,31.2668],[76.520529,31.289176],[76.499238,31.286282],[76.475363,31.303361],[76.452832,31.298219],[76.412835,31.355115],[76.373561,31.419245],[76.352994,31.422113],[76.322091,31.412812],[76.322815,31.364158],[76.30111,31.351782],[76.287778,31.324471],[76.261113,31.310932],[76.231141,31.317494],[76.201065,31.307004],[76.179464,31.318476],[76.158484,31.338553],[76.141017,31.369584],[76.125927,31.430537],[76.07053,31.564172],[75.943096,31.771756],[75.923252,31.806276],[75.927593,31.829944],[75.955395,31.831313],[75.92749,31.907923],[75.89142,31.953941],[75.861241,31.98257],[75.801813,32.005644],[75.752927,32.03236],[75.706521,32.049827],[75.684301,32.053083],[75.66239,32.060446],[75.601618,32.068947],[75.580948,32.076699],[75.639445,32.146849],[75.656189,32.174651],[75.659806,32.195348],[75.637895,32.193358],[75.614641,32.196769],[75.606269,32.225863],[75.613401,32.250926],[75.692672,32.272268],[75.727605,32.287926],[75.779282,32.336579],[75.85752,32.389961],[75.905786,32.413319],[75.870646,32.499722],[75.847391,32.516749],[75.867132,32.547471],[75.895554,32.596848],[75.920462,32.61447],[75.926043,32.641186],[75.904856,32.691312],[75.903409,32.736374],[75.9124,32.761902],[75.886665,32.79973],[75.869612,32.827402],[75.82424,32.870449],[75.804913,32.898612],[75.806877,32.923675],[75.846048,32.942227],[75.869612,32.940005],[75.893797,32.930807],[75.919842,32.920265],[75.943613,32.898121],[75.972448,32.911041],[76.05141,32.969461],[76.075491,32.993284],[76.100813,33.01305],[76.152799,33.032299],[76.194657,33.043281],[76.215948,33.051084],[76.237032,33.063486],[76.261733,33.086456],[76.274239,33.116609],[76.294289,33.147899],[76.353304,33.180094],[76.396712,33.197716],[76.512157,33.217223],[76.542439,33.232856],[76.611893,33.193917],[76.739843,33.197406],[76.768679,33.186812],[76.82945,33.125549],[76.903038,33.07377],[76.927532,33.045864],[76.956058,33.02509],[76.999879,33.007236],[77.088453,32.950211],[77.135788,32.92675],[77.219917,32.901997],[77.348695,32.867245],[77.371329,32.867038],[77.389003,32.887683],[77.443986,32.894478],[77.477679,32.901248],[77.497833,32.909258],[77.538968,32.918353],[77.566873,32.929877],[77.607491,32.962407],[77.643354,32.97605],[77.67343,32.999407],[77.69441,33.008089],[77.721075,33.012636],[77.742159,32.986953],[77.765207,32.962562],[77.823808,32.910343],[77.857915,32.873007],[77.893468,32.802959],[77.922717,32.775183],[77.932329,32.710872],[77.949382,32.682708],[77.973877,32.660358],[77.988346,32.633771],[78.008913,32.61031],[78.043226,32.611395],[78.069891,32.63036],[78.093042,32.648989],[78.114643,32.667722],[78.154537,32.674052],[78.178515,32.688754],[78.208074,32.692165],[78.243731,32.69294],[78.268742,32.715704],[78.305123,32.729475],[78.315458,32.760507],[78.353285,32.76862],[78.373439,32.75397],[78.38088,32.729295],[78.384291,32.699374],[78.38057,32.669195],[78.374679,32.648783],[78.332924,32.617906],[78.304089,32.59615],[78.292927,32.575402],[78.286519,32.545094],[78.274013,32.518868],[78.274013,32.491144],[78.302952,32.470654],[78.358866,32.515587],[78.380983,32.528041]]]}},{"type":"Feature","properties":{"name":"Jammu and Kashmir","code":"IN-JK"},"geometry":{"type":"Polygon","coordinates":[[[74.724978,32.46081],[74.689322,32.471352],[74.662553,32.498379],[74.632581,32.568168],[74.636922,32.606254],[74.656042,32.64067],[74.650151,32.701235],[74.649738,32.723146],[74.656972,32.745341],[74.682294,32.787328],[74.689115,32.808825],[74.685291,32.831227],[74.653562,32.837428],[74.626276,32.80265],[74.614081,32.770404],[74.59341,32.757872],[74.52096,32.745289],[74.500909,32.746013],[74.455331,32.778595],[74.418951,32.784615],[74.386394,32.767768],[74.34619,32.76689],[74.316321,32.791075],[74.315939,32.82175],[74.333788,32.849262],[74.336682,32.870139],[74.324486,32.921402],[74.322006,32.972045],[74.311257,32.994292],[74.283972,33.008813],[74.190851,33.022094],[74.153851,33.040181],[74.098453,33.104828],[74.065794,33.132604],[74.029414,33.154153],[74.002335,33.177692],[73.988486,33.20862],[73.991793,33.252571],[74.017838,33.279494],[74.055355,33.292026],[74.085121,33.314324],[74.105481,33.345201],[74.136281,33.418013],[74.157778,33.494236],[74.141552,33.549374],[74.088118,33.58529],[74.024246,33.614254],[73.976704,33.648387],[73.963061,33.676757],[73.963061,33.72156],[73.970709,33.747063],[74.011327,33.81047],[74.034581,33.828608],[74.142275,33.84424],[74.177518,33.857547],[74.212555,33.878424],[74.23953,33.901007],[74.262474,33.929946],[74.272293,33.96214],[74.259684,33.994386],[74.228368,34.012886],[74.192091,34.011853],[74.154264,34.004101],[74.118401,34.002525],[74.065277,34.018338],[74.04502,34.019423],[73.976704,34.004592],[73.945801,34.009786],[73.916242,34.02795],[73.893711,34.054305],[73.88441,34.0842],[73.893298,34.11474],[73.916862,34.135256],[73.976704,34.161559],[73.998304,34.196803],[73.990553,34.218507],[73.95438,34.287185],[73.907457,34.306796],[73.879035,34.30429],[73.8533,34.307416],[73.829116,34.315348],[73.804208,34.327492],[73.78271,34.346819],[73.774856,34.370952],[73.779817,34.396067],[73.79625,34.418546],[73.831596,34.4364],[73.845549,34.456477],[73.846996,34.494175],[73.863119,34.517067],[73.910971,34.544973],[73.925441,34.593393],[73.917483,34.619283],[73.919343,34.642538],[73.948592,34.662743],[74.120881,34.690855],[74.146823,34.701862],[74.221753,34.747751],[74.285832,34.768887],[74.348877,34.773434],[74.412129,34.764494],[74.66493,34.688323],[75.017777,34.629722],[75.111001,34.633649],[75.17632,34.64538],[75.212907,34.644967],[75.236885,34.631892],[75.267478,34.598303],[75.306958,34.574015],[75.348093,34.55722],[75.344128,34.469013],[75.374549,34.370981],[75.469487,34.280052],[75.584564,34.210116],[75.6634,34.19923],[75.69129,34.163725],[75.699541,34.117676],[75.741656,34.066434],[75.784892,34.0311],[75.836681,33.994557],[75.879592,33.963696],[75.977853,33.971267],[76.024367,33.982089],[76.05115,33.952652],[76.073332,33.92202],[76.166381,33.873232],[76.209792,33.794304],[76.235838,33.728794],[76.232681,33.649865],[76.246099,33.574094],[76.305295,33.551994],[76.385747,33.53866],[76.488031,33.502231],[76.577838,33.427705],[76.646566,33.352107],[76.688729,33.270763],[76.739843,33.197406],[76.625949,33.189292],[76.558562,33.23146],[76.512157,33.217223],[76.396712,33.197716],[76.353304,33.180094],[76.294289,33.147899],[76.274755,33.12679],[76.270828,33.103535],[76.237032,33.063486],[76.215948,33.051084],[76.194657,33.043281],[76.152799,33.032299],[76.100813,33.01305],[76.075491,32.993284],[76.05141,32.969461],[75.972448,32.911041],[75.943613,32.898121],[75.919842,32.920265],[75.893797,32.930807],[75.869612,32.940005],[75.846048,32.942227],[75.814629,32.931789],[75.804913,32.898612],[75.82424,32.870449],[75.858554,32.839546],[75.876537,32.81761],[75.903305,32.781617],[75.913227,32.755675],[75.901445,32.702862],[75.924699,32.651961],[75.925733,32.630567],[75.912917,32.610542],[75.865892,32.560571],[75.85504,32.526284],[75.828581,32.497887],[75.797679,32.481118],[75.743005,32.464375],[75.732566,32.437168],[75.705695,32.412802],[75.682647,32.399806],[75.611954,32.395465],[75.5733,32.374639],[75.537953,32.345184],[75.5024,32.300587],[75.480695,32.30746],[75.451447,32.324022],[75.444419,32.353193],[75.422714,32.353994],[75.390365,32.335494],[75.327113,32.339964],[75.298403,32.332427],[75.230167,32.380195],[75.196164,32.3973],[75.125988,32.411744],[75.092191,32.429339],[75.054881,32.455539],[75.023668,32.466262],[74.990699,32.463368],[74.948427,32.44877],[74.906983,32.445178],[74.83815,32.474866],[74.799393,32.47267],[74.763529,32.462671],[74.724978,32.46081]]]}},{"type":"Feature","properties":{"name":"Bihar","code":"IN-BR"},"geometry":{"type":"Polygon","coordinates":[[[87.648745,26.409993],[87.68119,26.424228],[87.710904,26.405676],[87.74222,26.410482],[87.756173,26.446914],[87.785938,26.445984],[87.821595,26.437509],[87.852084,26.46066],[87.894769,26.442935],[87.908515,26.41782],[87.928979,26.396426],[87.961225,26.378959],[88.006648,26.369864],[88.044321,26.405676],[88.074189,26.453942],[88.082251,26.494921],[88.079822,26.517556],[88.087136,26.5391],[88.121888,26.5305],[88.150206,26.535306],[88.194028,26.549517],[88.196198,26.51262],[88.208704,26.488694],[88.237436,26.474638],[88.270819,26.444226],[88.278364,26.423685],[88.257797,26.410869],[88.25945,26.390844],[88.292213,26.376452],[88.303892,26.351751],[88.276504,26.334904],[88.251079,26.326765],[88.220073,26.299454],[88.180489,26.285528],[88.154444,26.265426],[88.11858,26.226487],[88.09791,26.211114],[88.067731,26.18512],[88.047474,26.177111],[88.016468,26.150885],[87.992387,26.146828],[87.970269,26.138302],[87.936679,26.099002],[87.86733,26.049185],[87.839424,26.022314],[87.828986,26.000429],[87.828366,25.975443],[87.8171,25.937073],[87.793226,25.923379],[87.789195,25.902373],[87.800977,25.878782],[87.824335,25.86284],[87.854927,25.849844],[87.878078,25.822558],[87.897509,25.786566],[87.910531,25.76512],[87.932235,25.751297],[88.005099,25.710808],[88.032901,25.691326],[88.04644,25.668873],[88.050471,25.64567],[88.056672,25.621279],[88.052124,25.584563],[88.044063,25.556916],[88.058946,25.529915],[88.06525,25.506531],[88.005822,25.501209],[87.97492,25.528313],[87.94288,25.525367],[87.922623,25.514438],[87.88552,25.503663],[87.863195,25.4786],[87.819374,25.457439],[87.786094,25.446122],[87.764183,25.42235],[87.743823,25.402636],[87.766664,25.381965],[87.788885,25.368917],[87.813689,25.347342],[87.821234,25.322873],[87.829192,25.302151],[87.838081,25.27776],[87.8171,25.246676],[87.783717,25.214094],[87.770178,25.236987],[87.749611,25.248227],[87.72615,25.251611],[87.681191,25.245436],[87.65959,25.255074],[87.598715,25.266701],[87.581559,25.289904],[87.558098,25.311892],[87.535877,25.320031],[87.509109,25.314993],[87.470765,25.284168],[87.455675,25.251663],[87.436141,25.228796],[87.42994,25.20226],[87.406686,25.181047],[87.376507,25.189961],[87.35563,25.197067],[87.315219,25.187223],[87.291861,25.174252],[87.282972,25.149706],[87.265919,25.072165],[87.230573,25.071777],[87.185511,25.061985],[87.150887,25.031625],[87.12815,25.001627],[87.117298,24.970879],[87.121742,24.863754],[87.112027,24.839156],[87.085568,24.797892],[87.071202,24.770452],[87.077507,24.745337],[87.066655,24.699475],[87.069445,24.668055],[87.055699,24.632011],[87.050015,24.597026],[87.029758,24.584029],[86.961132,24.605191],[86.925475,24.613588],[86.90005,24.576407],[86.891989,24.536926],[86.813234,24.55416],[86.781504,24.577492],[86.755356,24.588138],[86.727968,24.560129],[86.702336,24.547778],[86.666679,24.542404],[86.628956,24.55292],[86.607355,24.561292],[86.585651,24.561447],[86.536248,24.515636],[86.503588,24.49065],[86.485192,24.445227],[86.486019,24.410474],[86.462557,24.391767],[86.461937,24.363139],[86.449742,24.343114],[86.416359,24.351873],[86.35507,24.395281],[86.276419,24.434814],[86.298433,24.481607],[86.300293,24.532611],[86.26226,24.553799],[86.223606,24.567932],[86.191359,24.553024],[86.154876,24.556098],[86.12573,24.580696],[86.107747,24.671647],[86.081495,24.701102],[86.048733,24.707071],[86.044082,24.731436],[86.01814,24.742986],[85.959332,24.703221],[85.911583,24.698467],[85.865901,24.751719],[85.830865,24.770917],[85.746012,24.770039],[85.71852,24.753787],[85.70095,24.724538],[85.693715,24.682163],[85.680796,24.658547],[85.655268,24.651829],[85.657439,24.626456],[85.6624,24.605734],[85.6624,24.568888],[85.619818,24.549923],[85.587572,24.557571],[85.56008,24.533283],[85.526387,24.501554],[85.50551,24.503208],[85.482359,24.509305],[85.438951,24.505197],[85.391408,24.50946],[85.295187,24.491141],[85.271312,24.467034],[85.170957,24.430912],[85.160208,24.403084],[85.135507,24.378254],[85.097576,24.344199],[85.088481,24.383318],[85.015411,24.371794],[84.981821,24.352803],[84.96146,24.348385],[84.908854,24.353682],[84.879192,24.426752],[84.843845,24.433496],[84.825551,24.484914],[84.798473,24.496593],[84.776976,24.482304],[84.747623,24.465148],[84.704318,24.443289],[84.675276,24.41143],[84.664734,24.382104],[84.623807,24.380192],[84.602723,24.385747],[84.579572,24.382181],[84.549599,24.352261],[84.539884,24.325983],[84.519213,24.307509],[84.496683,24.301695],[84.471981,24.307354],[84.447177,24.328179],[84.409659,24.36425],[84.380927,24.377789],[84.352815,24.401069],[84.314368,24.443134],[84.318399,24.463365],[84.3246,24.502949],[84.305376,24.530803],[84.275714,24.520312],[84.254527,24.524136],[84.233856,24.521992],[84.212152,24.522586],[84.197993,24.490288],[84.174118,24.47954],[84.169157,24.505507],[84.149004,24.484862],[84.119651,24.474165],[84.09557,24.504138],[84.075726,24.562144],[84.043894,24.623898],[84.021673,24.639039],[83.997798,24.599765],[83.965862,24.57602],[83.938267,24.548683],[83.879769,24.541345],[83.849797,24.535066],[83.819411,24.541319],[83.787889,24.537314],[83.767735,24.513775],[83.695905,24.506282],[83.6372,24.517212],[83.538705,24.531268],[83.525166,24.558501],[83.520205,24.592634],[83.522375,24.61594],[83.523305,24.638367],[83.512453,24.660407],[83.530953,24.703583],[83.529817,24.726321],[83.523615,24.746345],[83.471836,24.770349],[83.444447,24.783423],[83.423983,24.802362],[83.404139,24.831715],[83.381919,24.843626],[83.360214,24.863263],[83.352773,24.888016],[83.363315,24.914939],[83.366622,24.968657],[83.364245,24.998397],[83.33758,25.03855],[83.323317,25.068005],[83.325488,25.089683],[83.329829,25.145778],[83.334273,25.172624],[83.345952,25.198979],[83.371997,25.226833],[83.416128,25.254376],[83.469975,25.27701],[83.515554,25.306802],[83.670066,25.388476],[83.774866,25.444959],[83.801324,25.464131],[83.81135,25.486042],[83.854861,25.501984],[83.886901,25.517022],[83.908398,25.538131],[83.981882,25.589317],[84.003379,25.60823],[84.058156,25.67373],[84.143422,25.736207],[84.179803,25.745948],[84.212876,25.728042],[84.214116,25.699284],[84.214736,25.676857],[84.229929,25.653499],[84.250496,25.643422],[84.276024,25.641484],[84.309407,25.649701],[84.328217,25.674066],[84.312714,25.719722],[84.314678,25.74215],[84.33969,25.752666],[84.372762,25.765068],[84.419168,25.730704],[84.464023,25.711919],[84.486657,25.700731],[84.524174,25.700215],[84.585669,25.735044],[84.599312,25.761193],[84.612438,25.78685],[84.531616,25.862091],[84.50247,25.867672],[84.470121,25.865812],[84.419685,25.889557],[84.396534,25.923689],[84.374313,25.940303],[84.344961,25.940458],[84.298348,25.928624],[84.261451,25.931312],[84.230446,25.956762],[84.210705,26.006992],[84.185177,26.020247],[84.168641,26.042442],[84.150347,26.066006],[84.129677,26.073473],[84.107972,26.086832],[84.087715,26.091741],[84.064874,26.103549],[84.038313,26.161969],[84.022293,26.18388],[83.998005,26.199667],[83.985086,26.227443],[84.001519,26.247985],[84.02312,26.254909],[84.080377,26.25925],[84.107972,26.274546],[84.137531,26.278965],[84.166987,26.274521],[84.187244,26.292788],[84.163266,26.328497],[84.179079,26.368158],[84.186211,26.394617],[84.103528,26.41862],[84.067355,26.436578],[84.04007,26.459677],[84.015988,26.473449],[83.990667,26.4573],[83.969066,26.45314],[83.941471,26.456964],[83.920077,26.473992],[83.919664,26.500166],[83.920077,26.53267],[83.944158,26.549672],[83.95408,26.527477],[83.983536,26.538923],[84.034799,26.555925],[84.060223,26.571815],[84.080377,26.624422],[84.092366,26.644989],[84.137841,26.650441],[84.16492,26.653748],[84.191792,26.6461],[84.229515,26.640596],[84.382994,26.641656],[84.39271,26.661732],[84.306307,26.744363],[84.283362,26.755576],[84.256697,26.754181],[84.247189,26.821619],[84.246362,26.853452],[84.240781,26.8742],[84.216803,26.894586],[84.187761,26.893966],[84.16492,26.880504],[84.122442,26.893578],[84.098567,26.911226],[84.070559,26.923602],[84.027151,26.999618],[84.028908,27.030573],[84.02343,27.059951],[83.998315,27.082068],[83.979712,27.119844],[83.948189,27.144054],[83.938267,27.164389],[83.938991,27.189529],[83.942401,27.222499],[83.924108,27.248337],[83.890725,27.27309],[83.892172,27.313734],[83.849177,27.326653],[83.861733,27.354507],[83.873671,27.380087],[83.842717,27.418069],[83.853517,27.440962],[83.899871,27.443856],[83.922043,27.449696],[83.975835,27.439722],[84.007668,27.440807],[84.028907,27.453726],[84.079601,27.509536],[84.11717,27.513283],[84.130968,27.486411],[84.165746,27.472174],[84.185848,27.438636],[84.225536,27.440393],[84.248893,27.412436],[84.267703,27.388562],[84.289408,27.376108],[84.577039,27.329031],[84.606546,27.310479],[84.631919,27.277044],[84.648197,27.240716],[84.657654,27.203405],[84.659824,27.165113],[84.654398,27.125374],[84.644528,27.103721],[84.630369,27.080829],[84.62148,27.057988],[84.627268,27.03649],[84.760697,26.999025],[84.785501,27.008482],[84.817489,27.0106],[84.851751,26.982127],[84.901567,26.967192],[84.924046,26.955668],[84.944251,26.915723],[84.975774,26.886887],[85.000837,26.882236],[85.016857,26.85924],[85.043987,26.843737],[85.100211,26.863529],[85.122845,26.8657],[85.162016,26.851024],[85.16553,26.820793],[85.165685,26.786273],[85.194934,26.758885],[85.28728,26.736974],[85.337044,26.746792],[85.369238,26.775008],[85.40319,26.787617],[85.439622,26.78772],[85.475692,26.805238],[85.519462,26.826426],[85.598578,26.854383],[85.687772,26.811853],[85.709631,26.76245],[85.702241,26.68845],[85.712887,26.653206],[85.780996,26.599204],[85.809728,26.603028],[85.819753,26.579516],[85.844765,26.568509],[85.866366,26.579929],[85.934682,26.632897],[85.975713,26.64437],[86.01137,26.654447],[86.041704,26.645455],[86.110692,26.606749],[86.144798,26.60153],[86.167794,26.596621],[86.195855,26.582668],[86.225155,26.597396],[86.263086,26.609075],[86.284428,26.61202],[86.308613,26.60215],[86.316002,26.580963],[86.344838,26.582616],[86.383647,26.572849],[86.444832,26.543084],[86.475476,26.531973],[86.510616,26.520139],[86.537746,26.49487],[86.5579,26.484018],[86.625337,26.456319],[86.695204,26.418234],[86.724091,26.421954],[86.738199,26.44371],[86.78724,26.433065],[86.821863,26.438129],[86.846357,26.45265],[86.875968,26.494921],[86.907129,26.51151],[86.935153,26.520289],[86.972448,26.531973],[87.015443,26.568974],[87.041333,26.580187],[87.045002,26.544272],[87.056474,26.494921],[87.066706,26.465621],[87.083294,26.432083],[87.10629,26.404746],[87.135022,26.394204],[87.188455,26.399578],[87.2191,26.408105],[87.236308,26.3833],[87.258425,26.36294],[87.30049,26.34599],[87.326225,26.353328],[87.344932,26.389346],[87.384206,26.418647],[87.416452,26.426967],[87.449628,26.428621],[87.480324,26.423401],[87.552051,26.386711],[87.586984,26.378029],[87.623984,26.392912],[87.648745,26.409993]]]}},{"type":"Feature","properties":{"name":"Uttar Pradesh","code":"IN-UP"},"geometry":{"type":"Polygon","coordinates":[[[82.673891,27.696458],[82.69705,27.669397],[82.709246,27.630924],[82.718857,27.556123],[82.72971,27.518166],[82.752137,27.494964],[82.876264,27.487548],[82.901275,27.480365],[82.947164,27.457317],[83.010468,27.443391],[83.132786,27.444217],[83.169631,27.431195],[83.21924,27.393781],[83.243115,27.362155],[83.259496,27.338126],[83.282441,27.330943],[83.304868,27.331925],[83.341145,27.356936],[83.362746,27.385616],[83.370962,27.410214],[83.353857,27.44029],[83.360989,27.462201],[83.387034,27.470469],[83.480981,27.469746],[83.590432,27.45662],[83.663399,27.43228],[83.801995,27.365928],[83.847988,27.351045],[83.84804,27.329004],[83.883283,27.330063],[83.88411,27.286552],[83.904264,27.261721],[83.929585,27.242368],[83.942401,27.20604],[83.938267,27.164389],[83.948189,27.144054],[83.97196,27.128034],[83.992217,27.091189],[84.015782,27.069562],[84.027977,27.044344],[84.027047,27.002306],[84.059707,26.93895],[84.086578,26.915179],[84.11066,26.905283],[84.149004,26.876344],[84.171948,26.886163],[84.197683,26.895775],[84.226105,26.891511],[84.246362,26.853452],[84.247189,26.821619],[84.240161,26.772216],[84.274681,26.755887],[84.306307,26.744363],[84.381444,26.677442],[84.39395,26.65442],[84.229515,26.640596],[84.191792,26.6461],[84.16492,26.653748],[84.137841,26.650441],[84.106422,26.650983],[84.086165,26.637573],[84.071386,26.591685],[84.054022,26.564761],[83.994388,26.54776],[83.971443,26.520914],[83.950669,26.541378],[83.925865,26.546364],[83.919974,26.501173],[83.920077,26.473992],[83.941471,26.456964],[83.969066,26.45314],[83.990667,26.4573],[84.010717,26.471925],[84.04007,26.459677],[84.067355,26.436578],[84.103528,26.41862],[84.177632,26.40428],[84.185901,26.383041],[84.162956,26.345937],[84.171328,26.312787],[84.186831,26.287879],[84.146006,26.276717],[84.120581,26.280282],[84.096087,26.26509],[84.02312,26.254909],[84.001519,26.247985],[83.985086,26.227443],[83.998005,26.199667],[84.022293,26.18388],[84.038313,26.161969],[84.064874,26.103549],[84.087715,26.091741],[84.107972,26.086832],[84.129677,26.073473],[84.150347,26.066006],[84.168641,26.042442],[84.185177,26.020247],[84.206054,26.015415],[84.219697,25.974436],[84.243571,25.943714],[84.279952,25.927074],[84.332972,25.938572],[84.374313,25.940303],[84.396534,25.923689],[84.41214,25.895939],[84.456582,25.869972],[84.50247,25.867672],[84.531616,25.862091],[84.605513,25.799795],[84.610474,25.773879],[84.600656,25.747008],[84.542158,25.705382],[84.49875,25.699052],[84.464023,25.711919],[84.438081,25.718689],[84.387645,25.759384],[84.355916,25.760547],[84.32615,25.748506],[84.312714,25.719722],[84.324807,25.692076],[84.328011,25.668279],[84.289977,25.643732],[84.258971,25.641717],[84.238921,25.64797],[84.216803,25.670966],[84.213186,25.694582],[84.215046,25.721479],[84.179803,25.745948],[84.143422,25.736207],[84.058156,25.67373],[84.003379,25.60823],[83.981882,25.589317],[83.918113,25.549268],[83.886901,25.517022],[83.854861,25.501984],[83.817654,25.490227],[83.801324,25.464131],[83.774866,25.444959],[83.670066,25.388476],[83.531987,25.315742],[83.483618,25.284193],[83.416128,25.254376],[83.384089,25.235928],[83.357321,25.212828],[83.341404,25.191615],[83.329829,25.145778],[83.325488,25.089683],[83.323317,25.068005],[83.33758,25.03855],[83.359904,25.008965],[83.366622,24.968657],[83.365692,24.931295],[83.359284,24.903364],[83.35484,24.875045],[83.381919,24.843626],[83.404139,24.831715],[83.423983,24.802362],[83.444447,24.783423],[83.471836,24.770349],[83.508836,24.762081],[83.529817,24.726321],[83.530953,24.703583],[83.512247,24.675419],[83.523305,24.638367],[83.522375,24.61594],[83.520205,24.592634],[83.525166,24.558501],[83.523099,24.529666],[83.437832,24.520933],[83.40693,24.502794],[83.394528,24.481452],[83.397938,24.457215],[83.408584,24.432876],[83.436075,24.398046],[83.452405,24.371278],[83.446824,24.345956],[83.420469,24.313917],[83.415818,24.288931],[83.412098,24.26808],[83.380575,24.232165],[83.366726,24.210667],[83.337063,24.140232],[83.314946,24.093568],[83.269161,24.059152],[83.255001,24.034451],[83.253038,24.005615],[83.227716,23.961303],[83.206322,23.944017],[83.183584,23.936446],[83.156196,23.930865],[83.116405,23.915104],[83.08881,23.911047],[83.041474,23.916964],[83.005197,23.917791],[82.975432,23.91376],[82.936468,23.920168],[82.912283,23.93071],[82.839419,23.989647],[82.800869,23.998716],[82.769656,24.041298],[82.749296,24.058299],[82.734826,24.082277],[82.738754,24.107495],[82.71798,24.128812],[82.687077,24.155813],[82.673848,24.180333],[82.708988,24.194234],[82.732863,24.21413],[82.741131,24.277795],[82.757564,24.304512],[82.764799,24.33004],[82.766969,24.386031],[82.756944,24.40696],[82.734103,24.419698],[82.732863,24.440369],[82.742784,24.48618],[82.743301,24.506696],[82.735343,24.527237],[82.734413,24.551628],[82.756014,24.568346],[82.782989,24.559586],[82.808414,24.566408],[82.818025,24.589404],[82.794771,24.616766],[82.783402,24.651571],[82.731726,24.671492],[82.717463,24.710869],[82.692245,24.719809],[82.623929,24.691878],[82.595093,24.687744],[82.549101,24.691878],[82.453396,24.722006],[82.427145,24.718569],[82.423321,24.692731],[82.427765,24.667539],[82.423631,24.647514],[82.395209,24.632166],[82.357072,24.636714],[82.307049,24.632011],[82.326169,24.679915],[82.319038,24.702033],[82.294956,24.709474],[82.268085,24.710869],[82.267155,24.76606],[82.26302,24.791174],[82.24235,24.768824],[82.218785,24.757275],[82.205143,24.778152],[82.216408,24.806264],[82.215375,24.827296],[82.155017,24.816315],[82.129695,24.807633],[82.105511,24.813369],[82.056625,24.849285],[82.033164,24.859491],[81.999781,24.85993],[81.968982,24.864994],[81.881132,24.921528],[81.866559,24.942871],[81.875241,24.970905],[81.861701,24.997699],[81.842064,25.027077],[81.817156,25.035759],[81.792972,25.032012],[81.76579,25.020669],[81.734474,25.0247],[81.719591,25.049117],[81.665124,25.064465],[81.624817,25.07431],[81.599495,25.076377],[81.577894,25.084542],[81.578514,25.10839],[81.567352,25.134487],[81.558464,25.170996],[81.536967,25.199754],[81.444466,25.174691],[81.462036,25.140094],[81.46555,25.117382],[81.418421,25.104127],[81.391446,25.10516],[81.369638,25.11162],[81.370568,25.141127],[81.337909,25.163348],[81.309177,25.171926],[81.281065,25.164588],[81.256984,25.168257],[81.23652,25.165028],[81.241067,25.125624],[81.240447,25.104618],[81.222567,25.068496],[81.180503,25.025139],[81.173371,25.001291],[81.183293,24.980181],[81.181433,24.958141],[81.148256,24.950932],[81.124382,24.939021],[81.09813,24.908609],[81.068675,24.921296],[81.030951,24.952973],[81.004699,24.966435],[80.972453,24.955971],[80.943721,24.953258],[80.915196,24.974445],[80.892975,24.984134],[80.840368,24.970569],[80.805022,24.968812],[80.778667,24.971499],[80.764507,24.999198],[80.786521,25.024519],[80.792413,25.050745],[80.822075,25.083327],[80.827449,25.116038],[80.858868,25.187558],[80.856181,25.207997],[80.835407,25.217738],[80.811843,25.214379],[80.787762,25.174226],[80.761097,25.158387],[80.686579,25.156217],[80.666425,25.149706],[80.717275,25.112163],[80.72637,25.087823],[80.686166,25.079787],[80.657227,25.071803],[80.630872,25.07847],[80.605861,25.101362],[80.586224,25.139112],[80.564623,25.152444],[80.553771,25.125883],[80.538681,25.10529],[80.488245,25.108778],[80.46282,25.117899],[80.46251,25.092991],[80.478323,25.067643],[80.504575,25.056998],[80.47822,25.018344],[80.451968,25.018654],[80.430057,25.0455],[80.4067,25.063768],[80.411351,25.027362],[80.384686,25.014365],[80.351303,25.023202],[80.308308,25.011368],[80.288257,25.016225],[80.271824,25.041082],[80.265313,25.063819],[80.266967,25.084464],[80.289187,25.084877],[80.312028,25.095006],[80.339624,25.124203],[80.360088,25.14676],[80.385926,25.159602],[80.413314,25.171125],[80.420342,25.191331],[80.409904,25.212079],[80.405769,25.235075],[80.384996,25.245901],[80.363395,25.261921],[80.342104,25.277165],[80.322054,25.288276],[80.317093,25.337317],[80.312338,25.368659],[80.290118,25.404496],[80.267897,25.417183],[80.234927,25.409664],[80.205575,25.415865],[80.180874,25.394213],[80.124546,25.350959],[80.087029,25.361631],[80.015302,25.330909],[79.973134,25.29719],[79.93479,25.270422],[79.901097,25.255771],[79.876396,25.254686],[79.852108,25.247839],[79.833815,25.223603],[79.841566,25.203087],[79.8642,25.17743],[79.866991,25.155829],[79.838466,25.147225],[79.814488,25.1349],[79.791853,25.133841],[79.767566,25.156191],[79.736663,25.152341],[79.661112,25.148078],[79.61729,25.157354],[79.578223,25.174639],[79.553728,25.179032],[79.531198,25.168722],[79.505876,25.127562],[79.479521,25.105548],[79.45854,25.105987],[79.448205,25.130223],[79.426915,25.14508],[79.399009,25.141334],[79.393532,25.113945],[79.396219,25.085498],[79.357668,25.071106],[79.337411,25.081105],[79.3309,25.11193],[79.335861,25.138363],[79.368727,25.175001],[79.390328,25.214792],[79.424744,25.257192],[79.439627,25.286338],[79.4049,25.277863],[79.379476,25.279672],[79.358908,25.278716],[79.335861,25.25957],[79.310332,25.243808],[79.290695,25.269698],[79.292866,25.293314],[79.321701,25.339358],[79.317567,25.362173],[79.275916,25.334035],[79.26434,25.308946],[79.26186,25.287191],[79.287285,25.205568],[79.290489,25.177507],[79.268991,25.164123],[79.24553,25.172314],[79.218555,25.174536],[79.192097,25.180324],[79.17153,25.181667],[79.142797,25.150713],[79.119233,25.147845],[79.111895,25.186008],[79.084713,25.195258],[79.051537,25.18128],[79.024045,25.174639],[79.008232,25.202932],[79.017844,25.225902],[79.043992,25.250552],[79.028386,25.271404],[78.99862,25.282695],[78.986425,25.258407],[78.983427,25.237375],[78.961517,25.225747],[78.937849,25.21965],[78.916868,25.196188],[78.891133,25.175389],[78.869843,25.180505],[78.862091,25.206834],[78.867672,25.237736],[78.885035,25.265538],[78.923069,25.291402],[78.937539,25.312796],[78.934231,25.337239],[78.954902,25.385712],[78.959966,25.426536],[78.939399,25.441858],[78.916661,25.437982],[78.913147,25.462891],[78.919349,25.485344],[78.916971,25.51436],[78.901158,25.536194],[78.879351,25.533868],[78.85527,25.502087],[78.851859,25.481262],[78.854753,25.444726],[78.835529,25.419741],[78.806694,25.420645],[78.800286,25.477618],[78.797185,25.499762],[78.781889,25.524024],[78.754811,25.508314],[78.734244,25.501984],[78.722565,25.461728],[78.745199,25.4393],[78.745716,25.416795],[78.731453,25.395918],[78.737448,25.368297],[78.727526,25.346386],[78.698794,25.366721],[78.675229,25.382508],[78.660863,25.405891],[78.631511,25.415503],[78.597094,25.414005],[78.575804,25.394032],[78.579318,25.369925],[78.55503,25.347626],[78.530432,25.315664],[78.515756,25.289232],[78.515859,25.26621],[78.548622,25.237762],[78.573737,25.212156],[78.609807,25.136321],[78.617868,25.108881],[78.619522,25.064672],[78.640192,24.96411],[78.648874,24.940726],[78.697553,24.888636],[78.723702,24.848716],[78.732073,24.81492],[78.731556,24.768592],[78.735794,24.737638],[78.734347,24.71583],[78.719464,24.693609],[78.715123,24.668701],[78.726802,24.643406],[78.750367,24.629841],[78.791501,24.642088],[78.814135,24.646274],[78.842041,24.644646],[78.871083,24.625732],[78.883795,24.598602],[78.893407,24.571291],[78.913147,24.547546],[78.921622,24.523361],[78.913768,24.502794],[78.928547,24.480651],[78.959863,24.477059],[78.978466,24.440033],[78.964617,24.40541],[78.946944,24.384507],[78.901985,24.34637],[78.889066,24.324149],[78.879661,24.296373],[78.866845,24.272136],[78.825814,24.230149],[78.792121,24.217385],[78.762149,24.235653],[78.754087,24.260328],[78.736207,24.28043],[78.688768,24.282911],[78.655902,24.29459],[78.61084,24.332908],[78.590376,24.345362],[78.535806,24.388589],[78.509244,24.403007],[78.477722,24.411637],[78.457361,24.393111],[78.447956,24.363397],[78.442375,24.337378],[78.408062,24.308439],[78.385531,24.30123],[78.356489,24.309163],[78.335715,24.331022],[78.329204,24.353682],[78.350184,24.392568],[78.344397,24.414737],[78.309257,24.430835],[78.277527,24.453107],[78.269879,24.477679],[78.244351,24.487885],[78.227401,24.518194],[78.254273,24.564857],[78.270396,24.603176],[78.272256,24.62444],[78.257994,24.64493],[78.264815,24.669141],[78.261301,24.692653],[78.241147,24.719034],[78.226884,24.752727],[78.227091,24.773294],[78.224921,24.79412],[78.197842,24.83944],[78.173658,24.854478],[78.169213,24.877681],[78.225954,24.926334],[78.25727,24.940209],[78.312667,24.987545],[78.336542,25.022995],[78.340676,25.04581],[78.330341,25.066377],[78.335095,25.087978],[78.338712,25.114721],[78.345533,25.139241],[78.366307,25.186008],[78.36052,25.210451],[78.297681,25.327808],[78.272256,25.356205],[78.256443,25.37672],[78.251172,25.39783],[78.330031,25.464777],[78.346567,25.486429],[78.356696,25.539604],[78.460669,25.574641],[78.481753,25.577664],[78.526401,25.572935],[78.546451,25.572574],[78.572083,25.582444],[78.616111,25.60761],[78.714503,25.62593],[78.747576,25.642725],[78.754501,25.6651],[78.750057,25.686107],[78.731866,25.720782],[78.727836,25.750186],[78.733313,25.774164],[78.748816,25.800544],[78.774551,25.815634],[78.808348,25.84155],[78.823954,25.876535],[78.835219,25.905732],[78.879661,25.95609],[78.890513,25.978931],[78.893407,26.000041],[78.914388,26.042752],[78.94653,26.088253],[78.954075,26.109983],[78.932681,26.124659],[78.918418,26.163442],[78.94529,26.184319],[78.94436,26.219666],[78.935782,26.244781],[78.955832,26.273229],[78.980637,26.284003],[79.008232,26.2893],[79.028386,26.301108],[79.058565,26.343044],[79.049366,26.364541],[79.052054,26.411489],[79.049263,26.44066],[79.040995,26.467997],[79.028076,26.497556],[78.974436,26.571583],[78.959966,26.596671],[78.945704,26.635584],[78.938159,26.66814],[78.935782,26.694443],[78.905086,26.708086],[78.87346,26.700567],[78.842351,26.711936],[78.812172,26.74767],[78.781993,26.763845],[78.761942,26.76524],[78.754501,26.78573],[78.734244,26.785445],[78.710059,26.798881],[78.655282,26.776376],[78.622519,26.777306],[78.601745,26.764336],[78.563505,26.758496],[78.518029,26.783198],[78.461599,26.792267],[78.438344,26.8087],[78.39597,26.824177],[78.371475,26.851049],[78.350598,26.858464],[78.326103,26.859808],[78.286002,26.854847],[78.2582,26.821335],[78.233912,26.819784],[78.200116,26.823583],[78.187197,26.847741],[78.172624,26.868619],[78.197532,26.876138],[78.241354,26.911484],[78.231019,26.934661],[78.200736,26.939183],[78.1688,26.948924],[78.122085,26.949544],[78.094283,26.940036],[78.071028,26.917039],[78.037025,26.911252],[78.021316,26.874872],[78.000748,26.890659],[77.976564,26.904379],[77.917446,26.907738],[77.888817,26.915024],[77.857295,26.904896],[77.832076,26.916187],[77.76066,26.926729],[77.733788,26.933498],[77.704642,26.929752],[77.665058,26.896782],[77.64139,26.883243],[77.510546,26.833324],[77.4783,26.835856],[77.454528,26.807408],[77.431894,26.781234],[77.406986,26.775136],[77.399235,26.810431],[77.400475,26.832394],[77.399545,26.855519],[77.423316,26.88438],[77.460833,26.904224],[77.628471,26.97316],[77.649555,26.97918],[77.699991,26.988715],[77.719215,27.015793],[77.695961,27.02202],[77.67405,27.006259],[77.652553,27.039125],[77.630332,27.039771],[77.594158,27.031115],[77.559742,27.0368],[77.536591,27.066539],[77.511786,27.07256],[77.499487,27.095091],[77.574728,27.123719],[77.598809,27.143356],[77.617309,27.165706],[77.640254,27.177256],[77.657307,27.202707],[77.635499,27.225444],[77.629195,27.246477],[77.615862,27.268413],[77.605527,27.298334],[77.606147,27.32363],[77.570697,27.333061],[77.501967,27.374867],[77.467448,27.382644],[77.44254,27.396183],[77.427657,27.417552],[77.415254,27.45928],[77.387762,27.496849],[77.345595,27.541885],[77.338153,27.576172],[77.340324,27.598445],[77.318309,27.616868],[77.331332,27.642499],[77.332882,27.671024],[77.319653,27.701617],[77.296812,27.715776],[77.295468,27.744172],[77.293401,27.76877],[77.280689,27.80944],[77.306837,27.8321],[77.333502,27.841712],[77.390243,27.860677],[77.424453,27.890753],[77.446777,27.889435],[77.469928,27.888065],[77.488842,27.920027],[77.508169,27.943282],[77.529253,27.952506],[77.526462,27.974468],[77.512303,27.999609],[77.503828,28.020228],[77.479747,28.036454],[77.476439,28.071491],[77.470651,28.09937],[77.503828,28.092859],[77.495766,28.125984],[77.494939,28.151848],[77.538658,28.180993],[77.501554,28.196677],[77.520674,28.217219],[77.528322,28.237837],[77.503621,28.256725],[77.489462,28.286362],[77.466517,28.315223],[77.472098,28.340441],[77.497006,28.393254],[77.475716,28.391316],[77.469721,28.424932],[77.438715,28.428653],[77.417425,28.453948],[77.385075,28.457617],[77.37691,28.484127],[77.352829,28.491853],[77.327404,28.519707],[77.30322,28.562908],[77.301049,28.583553],[77.326164,28.608487],[77.336913,28.633911],[77.318929,28.68104],[77.313142,28.707266],[77.227152,28.783592],[77.220021,28.80509],[77.216713,28.843511],[77.200797,28.876791],[77.213096,28.89728],[77.21692,28.923635],[77.175476,28.963064],[77.189842,28.988205],[77.169378,29.036471],[77.148191,29.099619],[77.137649,29.120988],[77.130724,29.28059],[77.14478,29.301648],[77.145607,29.323843],[77.132894,29.372213],[77.1454,29.395519],[77.130621,29.426395],[77.102715,29.426938],[77.07698,29.423915],[77.107366,29.469235],[77.105196,29.495409],[77.077497,29.492231],[77.072433,29.527888],[77.060444,29.548533],[77.064681,29.569513],[77.09331,29.58114],[77.088969,29.611526],[77.09362,29.640853],[77.113877,29.68222],[77.106643,29.702296],[77.12814,29.714233],[77.139302,29.739942],[77.133928,29.764359],[77.156149,29.769062],[77.180437,29.804253],[77.209686,29.928845],[77.220951,29.96073],[77.240071,29.983467],[77.277278,30.0176],[77.28472,30.038089],[77.305287,30.038089],[77.320273,30.060103],[77.370089,30.096432],[77.403265,30.112839],[77.405746,30.141597],[77.444297,30.173714],[77.509409,30.232367],[77.55137,30.261383],[77.585063,30.325204],[77.587957,30.370446],[77.618963,30.402021],[77.661544,30.394915],[77.750634,30.325617],[77.811613,30.29226],[77.928918,30.24433],[77.939873,30.215081],[77.86918,30.165756],[77.83497,30.131391],[77.790632,30.039485],[77.746397,29.977344],[77.748154,29.919854],[77.747017,29.877996],[77.767688,29.819369],[77.776369,29.767486],[77.783811,29.741751],[77.831456,29.659895],[77.923027,29.700952],[77.953723,29.723199],[77.982765,29.718755],[78.040022,29.688188],[78.076093,29.664055],[78.107202,29.654521],[78.154951,29.674985],[78.189057,29.706688],[78.197842,29.748159],[78.190504,29.7926],[78.160739,29.877143],[78.156398,29.899907],[78.154951,29.925435],[78.167663,29.946932],[78.193605,29.956208],[78.217686,29.953676],[78.286519,29.89231],[78.32538,29.843088],[78.352665,29.787769],[78.38057,29.761569],[78.478652,29.721959],[78.514825,29.689144],[78.536116,29.647803],[78.554203,29.620905],[78.589033,29.580107],[78.643086,29.537577],[78.806384,29.453086],[78.833049,29.443862],[78.906429,29.430452],[78.915111,29.400092],[78.860024,29.35025],[78.838217,29.346039],[78.816306,29.349992],[78.796772,29.320769],[78.776618,29.321983],[78.755948,29.328675],[78.730936,29.320071],[78.726285,29.297876],[78.867672,29.215168],[78.898265,29.177367],[78.913768,29.105588],[78.950354,29.127008],[79.0134,29.14202],[79.036654,29.15388],[79.130395,29.115252],[79.143211,29.08732],[79.15489,29.065125],[79.29638,28.971565],[79.320048,28.964537],[79.340615,28.962987],[79.361285,28.970325],[79.38578,28.954615],[79.409965,28.931258],[79.430532,28.876326],[79.443658,28.849583],[79.526237,28.878418],[79.566544,28.879349],[79.588248,28.849118],[79.61233,28.853278],[79.632793,28.863329],[79.699353,28.850436],[79.725604,28.858911],[79.729945,28.879607],[79.763638,28.884387],[79.812627,28.876868],[79.841049,28.855293],[79.828647,28.82452],[79.873192,28.815812],[79.893553,28.814185],[79.891176,28.79323],[79.918771,28.780156],[79.928899,28.757702],[79.953601,28.736282],[79.98719,28.733569],[80.014269,28.743569],[80.055507,28.779096],[80.069666,28.805167],[80.11421,28.802584],[80.147593,28.76331],[80.181183,28.74729],[80.216426,28.741942],[80.238957,28.726258],[80.257044,28.702745],[80.283399,28.695356],[80.318332,28.640113],[80.349751,28.620218],[80.388302,28.627246],[80.408352,28.626342],[80.468814,28.571849],[80.493412,28.575647],[80.484937,28.639287],[80.497546,28.670137],[80.517596,28.680033],[80.555837,28.678948],[80.556871,28.655022],[80.581365,28.638951],[80.635625,28.627866],[80.668182,28.586344],[80.695777,28.567508],[80.727093,28.559679],[80.781663,28.514746],[80.81701,28.502551],[80.857989,28.502447],[80.880365,28.48188],[80.88667,28.452786],[80.921344,28.436198],[80.960515,28.432271],[80.9878,28.430979],[80.993175,28.407828],[81.047066,28.389088],[81.146344,28.372249],[81.169701,28.361319],[81.190372,28.338116],[81.210732,28.278637],[81.224323,28.250783],[81.282356,28.191588],[81.295947,28.167455],[81.283079,28.146087],[81.307057,28.123814],[81.338115,28.132728],[81.351447,28.15681],[81.373203,28.167843],[81.396044,28.160634],[81.417335,28.147017],[81.448237,28.111412],[81.454025,28.086607],[81.473455,28.066402],[81.561925,28.025991],[81.582183,28.013278],[81.615049,27.981239],[81.665433,27.9708],[81.688946,27.963204],[81.710392,27.94752],[81.750131,27.909667],[81.800154,27.884087],[81.827852,27.865639],[81.855654,27.850937],[81.883198,27.849051],[81.906091,27.863107],[81.946398,27.905352],[81.975905,27.916953],[82.02722,27.912406],[82.050212,27.905586],[82.071662,27.89003],[82.107422,27.863572],[82.151037,27.848275],[82.270409,27.760477],[82.347924,27.726009],[82.401926,27.677175],[82.440683,27.666426],[82.526156,27.675211],[82.652143,27.70415],[82.673891,27.696458]]]}},{"type":"Feature","properties":{"name":"Andhra Pradesh","code":"IN-AP"},"geometry":{"type":"MultiPolygon","coordinates":[[[[80.968272,15.795233],[80.988536,15.770738],[80.97169,15.750474],[80.942638,15.741034],[80.917979,15.755113],[80.8685,15.811957],[80.879161,15.840074],[80.937266,15.818915],[80.968272,15.795233]]],[[[80.277749,13.512516],[80.245453,13.591742],[80.197276,13.643622],[80.183604,13.679185],[80.152517,13.71894],[80.141775,13.649115],[80.13559,13.619086],[80.121267,13.663764],[80.100841,13.686265],[80.091319,13.659125],[80.052989,13.619086],[80.056488,13.59516],[80.069509,13.574408],[80.101329,13.537095],[80.112071,13.511542],[80.153087,13.494208],[80.175955,13.489325],[80.219737,13.487779],[80.243419,13.472154],[80.225625,13.4506],[80.202268,13.448482],[80.152762,13.459411],[80.112041,13.457422],[80.101085,13.479384],[80.110284,13.509227],[80.084549,13.513051],[80.047962,13.534446],[80.034423,13.512561],[80.054887,13.492071],[80.042898,13.471788],[80.019953,13.465225],[79.999799,13.456466],[79.969207,13.427139],[79.960835,13.402309],[79.964763,13.37846],[79.873296,13.317198],[79.816348,13.294925],[79.784309,13.293995],[79.764052,13.298078],[79.754336,13.277045],[79.780381,13.25268],[79.784929,13.224025],[79.764878,13.220821],[79.736663,13.224103],[79.696769,13.235807],[79.691291,13.257072],[79.688501,13.282936],[79.667933,13.291282],[79.600444,13.277459],[79.571712,13.284073],[79.556932,13.307844],[79.533368,13.33115],[79.505153,13.33947],[79.466912,13.337248],[79.444795,13.327352],[79.437146,13.296476],[79.425468,13.268157],[79.427328,13.243559],[79.420197,13.219994],[79.38671,13.203716],[79.350537,13.170023],[79.329453,13.143565],[79.303718,13.129276],[79.277776,13.147983],[79.250801,13.147751],[79.204396,13.087961],[79.179074,13.057679],[79.149825,13.042383],[79.113962,13.039437],[79.092361,13.033933],[79.06642,13.040987],[79.046266,13.050289],[79.020324,13.052718],[79.005131,13.076256],[78.961206,13.093232],[78.936298,13.091656],[78.926377,13.063208],[78.901365,13.037809],[78.878524,13.051943],[78.869739,13.075094],[78.813825,13.07574],[78.776928,13.065895],[78.736207,13.06096],[78.709542,13.035096],[78.682981,13.018301],[78.661587,13.01365],[78.64474,12.991998],[78.637712,12.944197],[78.628204,12.91624],[78.61053,12.849939],[78.582625,12.778213],[78.533636,12.735993],[78.510795,12.743124],[78.497255,12.71863],[78.490641,12.688347],[78.447439,12.643518],[78.425735,12.633829],[78.398554,12.631917],[78.352768,12.641503],[78.299128,12.675015],[78.274427,12.697442],[78.229572,12.759893],[78.245695,12.781701],[78.248072,12.801777],[78.241044,12.828235],[78.242491,12.849888],[78.267502,12.855469],[78.288999,12.844694],[78.312771,12.857433],[78.335405,12.866579],[78.340056,12.900376],[78.364757,12.916938],[78.439998,12.867458],[78.462219,12.863737],[78.463252,12.889937],[78.448576,12.910246],[78.424805,12.924534],[78.415813,12.948202],[78.441548,12.97988],[78.454467,13.000499],[78.462839,13.030833],[78.477308,13.052563],[78.502526,13.066929],[78.516479,13.089098],[78.520096,13.127726],[78.546141,13.164184],[78.55658,13.184984],[78.561851,13.206636],[78.565262,13.23126],[78.568362,13.256297],[78.565572,13.285934],[78.54056,13.287897],[78.516169,13.278854],[78.46563,13.313245],[78.441548,13.314795],[78.421291,13.325414],[78.394729,13.31805],[78.373129,13.347222],[78.353698,13.368874],[78.351528,13.393653],[78.358556,13.457267],[78.36207,13.478738],[78.366928,13.500391],[78.362587,13.528554],[78.365274,13.551964],[78.374679,13.579637],[78.350804,13.591806],[78.327653,13.58775],[78.304192,13.599532],[78.279078,13.588551],[78.253653,13.58576],[78.231742,13.589558],[78.202907,13.598602],[78.176655,13.606741],[78.133867,13.653611],[78.109786,13.662526],[78.083947,13.653534],[78.060176,13.672318],[78.061416,13.698053],[78.084361,13.694875],[78.104721,13.701128],[78.091389,13.732754],[78.08219,13.753812],[78.09604,13.783681],[78.096763,13.809002],[78.091389,13.830112],[78.07971,13.856932],[78.032684,13.884734],[78.002092,13.867138],[77.971603,13.871324],[77.947315,13.859516],[77.931812,13.839026],[77.909178,13.872203],[77.915586,13.892253],[77.93853,13.912898],[77.942561,13.946849],[77.914139,13.954058],[77.896569,13.925636],[77.863909,13.920236],[77.838278,13.935041],[77.816677,13.935248],[77.791562,13.941682],[77.771822,13.917781],[77.78164,13.896542],[77.789185,13.870316],[77.755285,13.844194],[77.734925,13.824221],[77.702989,13.812516],[77.682422,13.78934],[77.674877,13.767119],[77.652966,13.771459],[77.626094,13.781717],[77.604597,13.776317],[77.591678,13.753967],[77.563566,13.739808],[77.524808,13.724873],[77.499487,13.704461],[77.466311,13.704203],[77.44254,13.701955],[77.440679,13.743993],[77.430447,13.77611],[77.424763,13.797453],[77.398615,13.821663],[77.389209,13.843238],[77.353966,13.842334],[77.317069,13.850214],[77.292058,13.848432],[77.268493,13.861454],[77.230769,13.866105],[77.205965,13.886336],[77.182297,13.888739],[77.161833,13.874425],[77.153048,13.896258],[77.131344,13.900418],[77.12721,13.87737],[77.103232,13.862152],[77.116358,13.841688],[77.127107,13.817658],[77.133204,13.784818],[77.119769,13.76332],[77.098581,13.762003],[77.070779,13.768591],[77.048248,13.747611],[77.02303,13.755104],[77.000913,13.777041],[76.980035,13.752804],[76.958538,13.781614],[76.954714,13.807375],[76.958125,13.833368],[76.977968,13.85546],[76.988097,13.875923],[77.006494,13.898325],[77.005254,13.924086],[76.981689,13.950105],[76.962052,13.982067],[76.941795,14.003332],[76.93363,14.041004],[76.942622,14.06108],[76.872962,14.137354],[76.875442,14.162728],[76.896526,14.168619],[76.91668,14.188411],[76.943242,14.174019],[76.967426,14.171022],[76.980449,14.107072],[76.98634,14.084515],[76.999879,14.061855],[77.035846,14.04612],[77.065922,14.040229],[77.087729,14.028343],[77.112327,14.005063],[77.140336,14.006303],[77.168241,14.005657],[77.243999,14.022219],[77.265393,14.016742],[77.289267,14.010747],[77.311281,13.973308],[77.326371,13.949795],[77.329471,13.92176],[77.357894,13.900728],[77.386729,13.890367],[77.398821,13.910882],[77.385282,13.933646],[77.387969,13.962946],[77.362854,13.984986],[77.349005,14.021289],[77.329471,14.04612],[77.353966,14.091388],[77.358307,14.111749],[77.338153,14.117407],[77.349625,14.143246],[77.368539,14.163425],[77.397064,14.172649],[77.439956,14.174148],[77.460523,14.180969],[77.465174,14.206136],[77.456182,14.230346],[77.456492,14.257864],[77.463934,14.284994],[77.423626,14.296957],[77.4105,14.31923],[77.389623,14.333957],[77.363578,14.328506],[77.359444,14.304218],[77.384352,14.261972],[77.378977,14.238382],[77.353863,14.245978],[77.327094,14.281041],[77.304977,14.289903],[77.278208,14.295588],[77.263016,14.316749],[77.23294,14.333105],[77.206688,14.326904],[77.185088,14.326464],[77.159973,14.332175],[77.132894,14.344008],[77.111294,14.329617],[77.086902,14.296053],[77.082458,14.251456],[77.063131,14.230785],[77.024684,14.238408],[76.999259,14.244273],[76.968047,14.245978],[76.908205,14.257864],[76.915337,14.285097],[76.915647,14.311142],[76.882987,14.324346],[76.86242,14.347238],[76.856839,14.368167],[76.86087,14.391577],[76.883504,14.408449],[76.907998,14.410413],[76.917817,14.434365],[76.931563,14.457567],[76.922881,14.478419],[76.891359,14.486687],[76.869034,14.489529],[76.841129,14.479943],[76.813637,14.500123],[76.803302,14.523817],[76.784492,14.546632],[76.761651,14.55552],[76.740567,14.612933],[76.738603,14.643525],[76.743874,14.667891],[76.753486,14.691713],[76.765268,14.719102],[76.761858,14.763673],[76.790693,14.783568],[76.815084,14.858008],[76.818598,14.882684],[76.822216,14.920976],[76.810123,14.948416],[76.789453,14.956813],[76.763821,14.971438],[76.727648,14.980455],[76.735399,15.008852],[76.743874,15.040064],[76.745528,15.063887],[76.764338,15.094118],[76.86335,15.040969],[76.906138,15.035568],[76.937351,15.023347],[76.957608,15.023786],[76.981999,15.032855],[77.007011,15.029522],[77.027164,15.006991],[77.050315,15.009963],[77.080391,15.036654],[77.093414,15.0589],[77.100545,15.084532],[77.113464,15.107424],[77.12814,15.132255],[77.132584,15.154321],[77.132274,15.17481],[77.113464,15.2423],[77.104886,15.308213],[77.07419,15.333612],[77.039567,15.341725],[77.022513,15.364851],[77.014452,15.41725],[77.001223,15.443244],[76.981379,15.479366],[76.968563,15.501509],[76.972387,15.522179],[76.996882,15.50585],[77.009181,15.569334],[76.999672,15.613776],[77.010525,15.644627],[77.038533,15.662481],[77.067162,15.655944],[77.076877,15.69018],[77.063338,15.712736],[77.051659,15.737024],[77.031092,15.748755],[77.025304,15.781285],[77.030472,15.824745],[77.030472,15.849188],[77.034089,15.873734],[77.07357,15.921018],[77.143746,15.960706],[77.226429,15.976389],[77.252887,15.965744],[77.306217,15.957062],[77.428794,15.9559],[77.492198,15.9383],[77.563243,15.932318],[77.641205,15.900662],[77.686046,15.893866],[77.749034,15.897569],[77.794851,15.889268],[77.849864,15.893866],[77.877208,15.911566],[77.903412,15.912787],[77.939952,15.903103],[78.087494,15.832953],[78.114268,15.839871],[78.131928,15.876166],[78.153575,15.897162],[78.185069,15.908718],[78.213145,15.92768],[78.235281,15.950466],[78.244395,15.976426],[78.255951,16.005683],[78.244395,16.03852],[78.280854,16.027615],[78.316335,16.02794],[78.332042,16.052069],[78.353526,16.05268],[78.378835,16.075873],[78.399994,16.083441],[78.464285,16.085761],[78.499766,16.093777],[78.532644,16.072089],[78.559662,16.056708],[78.581554,16.056179],[78.629161,16.071112],[78.656505,16.067572],[78.684174,16.046332],[78.73406,16.0303],[78.760916,16.027696],[78.791108,16.034532],[78.819021,16.048407],[78.839447,16.066718],[78.839122,16.124823],[78.846934,16.150743],[78.874766,16.140326],[78.897716,16.142768],[78.922862,16.189765],[78.997162,16.230292],[79.021658,16.247138],[79.042898,16.245673],[79.091563,16.228827],[79.136322,16.227851],[79.160574,16.219346],[79.184093,16.221015],[79.210053,16.236599],[79.226573,16.289496],[79.233409,16.330512],[79.218761,16.360907],[79.208263,16.388699],[79.214773,16.429714],[79.2199,16.473334],[79.217377,16.504462],[79.247813,16.554023],[79.283621,16.575222],[79.313406,16.579372],[79.337983,16.585232],[79.406261,16.587226],[79.435069,16.603461],[79.477061,16.631781],[79.504324,16.641872],[79.53297,16.630398],[79.557384,16.633734],[79.584972,16.648546],[79.59433,16.669135],[79.62379,16.66828],[79.646251,16.674018],[79.668061,16.686469],[79.720876,16.689032],[79.745616,16.716498],[79.771658,16.727118],[79.7942,16.721788],[79.826264,16.692084],[79.861501,16.70661],[79.882335,16.703233],[79.909679,16.631293],[79.947195,16.628201],[79.97169,16.654853],[80.025808,16.713202],[80.042979,16.738552],[80.046641,16.759467],[80.052989,16.785224],[80.073334,16.822862],[80.045629,16.838976],[80.023724,16.853535],[80.002428,16.871004],[80.012698,16.902147],[80.040619,16.93622],[80.077643,16.972555],[80.110821,16.997847],[80.153134,17.023136],[80.191601,17.031871],[80.220451,17.033251],[80.254109,17.023596],[80.280555,16.997387],[80.301231,16.94128],[80.329119,16.889756],[80.350986,16.862136],[80.393136,16.838522],[80.448136,16.822778],[80.506146,16.792487],[80.560562,16.783592],[80.59791,16.793278],[80.596536,16.81366],[80.569751,16.837984],[80.56563,16.861648],[80.582113,16.887281],[80.586234,16.933936],[80.559448,16.949047],[80.525794,16.952332],[80.474283,16.936564],[80.435821,16.951018],[80.38431,16.975982],[80.386371,17.019332],[80.38431,17.062015],[80.419338,17.053479],[80.442003,17.032466],[80.467415,17.035749],[80.494201,17.059388],[80.501756,17.10797],[80.541657,17.127467],[80.590939,17.139791],[80.641603,17.116903],[80.669698,17.079924],[80.722664,17.065835],[80.829519,17.046021],[80.855771,17.053066],[80.877879,17.082125],[80.881564,17.120864],[80.893078,17.155634],[80.930786,17.19252],[80.99048,17.21818],[81.059128,17.222457],[81.144193,17.249538],[81.188963,17.299415],[81.214333,17.323635],[81.253134,17.335032],[81.290443,17.345004],[81.408339,17.370643],[81.469526,17.420487],[81.496388,17.495938],[81.52922,17.58843],[81.535249,17.637689],[81.573892,17.70453],[81.628586,17.763421],[81.708457,17.799574],[81.775781,17.833207],[81.786569,17.863122],[81.778595,17.894371],[81.825218,17.937949],[81.92361,18.000219],[81.958233,18.002932],[81.99544,18.009986],[82.042362,18.043266],[82.092178,18.04988],[82.131866,18.038848],[82.162872,18.018332],[82.193154,17.998669],[82.215478,17.999212],[82.240076,17.992933],[82.261574,18.02027],[82.276973,18.04045],[82.319348,18.041302],[82.338055,18.066314],[82.33113,18.099231],[82.334644,18.120238],[82.355935,18.131193],[82.352834,18.1553],[82.322862,18.176333],[82.311286,18.205504],[82.350044,18.265914],[82.360792,18.291623],[82.351801,18.317745],[82.367097,18.366605],[82.369887,18.395854],[82.369887,18.418979],[82.409368,18.466548],[82.429212,18.510473],[82.466729,18.51732],[82.487193,18.510498],[82.506313,18.48727],[82.512514,18.462078],[82.510137,18.433888],[82.517372,18.410582],[82.578453,18.354901],[82.594783,18.33299],[82.595403,18.309632],[82.582484,18.281856],[82.5799,18.260255],[82.593543,18.24005],[82.6138,18.237543],[82.635711,18.228862],[82.655865,18.250463],[82.660412,18.27382],[82.680049,18.296532],[82.729865,18.326401],[82.760148,18.337331],[82.781438,18.357846],[82.786813,18.382496],[82.780508,18.40637],[82.795391,18.429341],[82.816062,18.432105],[82.838696,18.422468],[82.861227,18.410117],[82.885515,18.40389],[82.884895,18.378749],[82.894713,18.357536],[82.943289,18.356735],[82.988558,18.375571],[83.019667,18.379008],[83.043851,18.417042],[83.038994,18.439314],[83.032999,18.461897],[83.083539,18.525329],[83.053773,18.542279],[83.036823,18.566128],[83.02163,18.587703],[83.024008,18.612172],[83.025868,18.636124],[83.053256,18.663616],[83.075477,18.690772],[83.097491,18.727539],[83.126534,18.758158],[83.150408,18.766348],[83.172732,18.758468],[83.201671,18.741621],[83.256758,18.765341],[83.297479,18.799189],[83.329209,18.822236],[83.366002,18.83668],[83.392047,18.85332],[83.384916,18.874843],[83.374787,18.895049],[83.352256,18.901534],[83.326831,18.929698],[83.31815,18.952616],[83.299546,18.976516],[83.313706,18.999719],[83.341404,19.004577],[83.367553,18.992769],[83.391427,18.985767],[83.423673,18.964347],[83.449615,18.968455],[83.453645,18.992355],[83.465738,19.018684],[83.456126,19.061085],[83.484238,19.06093],[83.493953,19.039872],[83.499121,19.016049],[83.524856,19.016049],[83.539635,19.051654],[83.572605,19.069947],[83.587074,19.092013],[83.593585,19.117257],[83.623661,19.115009],[83.638337,19.087621],[83.68712,19.033128],[83.701486,19.011889],[83.725774,18.943986],[83.748615,18.935356],[83.751095,18.957448],[83.744687,18.980599],[83.749545,19.001114],[83.771869,19.009693],[83.801841,18.999952],[83.817964,18.96197],[83.825922,18.920473],[83.850107,18.871329],[83.860029,18.850943],[83.878219,18.824794],[83.902404,18.805648],[83.949533,18.808516],[83.997798,18.806992],[84.054642,18.818438],[84.083788,18.813503],[84.130193,18.801824],[84.153138,18.787717],[84.18218,18.788027],[84.2537,18.805338],[84.317779,18.80924],[84.351782,18.827766],[84.368835,18.849392],[84.385888,18.894635],[84.409143,18.901921],[84.462576,18.946312],[84.46423,18.968222],[84.474255,19.000391],[84.467227,19.02579],[84.489241,19.032534],[84.513632,19.029795],[84.55611,19.059276],[84.64148,19.10054],[84.66153,19.090256],[84.687059,19.11196],[84.687989,19.134672],[84.685508,19.157565],[84.708349,19.161673],[84.743696,19.161441],[84.770774,19.146868],[84.777761,19.116197],[84.750662,19.138373],[84.720958,19.114244],[84.735362,19.083197],[84.756847,19.097642],[84.78004,19.097073],[84.75115,19.0539],[84.741059,19.028144],[84.699474,18.977484],[84.679535,18.945705],[84.63087,18.915717],[84.547862,18.796088],[84.54184,18.775784],[84.448253,18.68065],[84.432628,18.645697],[84.370453,18.601304],[84.349457,18.56981],[84.312266,18.546698],[84.288585,18.529771],[84.250011,18.524237],[84.24936,18.501654],[84.271007,18.50019],[84.297699,18.516303],[84.326182,18.537421],[84.349946,18.552924],[84.287934,18.505764],[84.240082,18.460761],[84.188324,18.418036],[84.152843,18.383612],[84.136485,18.353583],[84.113129,18.298285],[84.077403,18.271552],[83.775157,18.139594],[83.613943,18.045152],[83.582286,18.01911],[83.562836,17.9831],[83.53891,17.956285],[83.486583,17.916897],[83.465587,17.902493],[83.451915,17.922919],[83.452403,17.886217],[83.431163,17.854234],[83.417735,17.80622],[83.402354,17.784491],[83.341319,17.717434],[83.319102,17.703192],[83.298595,17.690131],[83.276378,17.71308],[83.246918,17.716254],[83.249278,17.69538],[83.271983,17.688137],[83.292491,17.677476],[83.26824,17.648586],[83.246918,17.634223],[83.212901,17.634914],[83.233897,17.607733],[83.222911,17.586493],[83.196137,17.576809],[83.171397,17.559801],[83.088227,17.530707],[83.053233,17.506496],[83.019867,17.490912],[82.99643,17.473456],[82.975841,17.453681],[82.95281,17.44595],[82.896821,17.409329],[82.869151,17.414008],[82.837657,17.392768],[82.796397,17.383043],[82.758149,17.359198],[82.718516,17.348619],[82.474864,17.205959],[82.451915,17.18244],[82.435069,17.153795],[82.387706,17.126939],[82.342052,17.073188],[82.311697,17.046617],[82.291677,16.99844],[82.252696,16.929185],[82.250743,16.907864],[82.255138,16.885321],[82.29835,16.858466],[82.319591,16.847235],[82.352061,16.845404],[82.361176,16.891343],[82.357432,16.924872],[82.348888,16.956488],[82.361176,16.936021],[82.366547,16.908637],[82.367442,16.860297],[82.365571,16.811591],[82.352061,16.761298],[82.345958,16.706122],[82.338145,16.678412],[82.31422,16.62816],[82.312836,16.60814],[82.286876,16.62816],[82.285492,16.606513],[82.307384,16.579779],[82.259044,16.565497],[82.203461,16.512681],[82.173025,16.500922],[82.122895,16.477362],[82.090668,16.454779],[82.068614,16.444281],[82.037364,16.447659],[82.007823,16.419582],[81.9817,16.407864],[81.956228,16.407172],[81.899913,16.38581],[81.861664,16.375393],[81.783214,16.338568],[81.76295,16.322577],[81.717621,16.312201],[81.696056,16.314927],[81.656261,16.337348],[81.620942,16.339504],[81.584972,16.342108],[81.569184,16.36758],[81.540212,16.373684],[81.549083,16.352362],[81.49586,16.360663],[81.475352,16.358629],[81.416677,16.340155],[81.428233,16.365668],[81.398936,16.382636],[81.375743,16.367499],[81.345225,16.373603],[81.317393,16.367499],[81.259613,16.332709],[81.249848,16.311021],[81.259613,16.288642],[81.230317,16.243598],[81.218516,16.199449],[81.190278,16.138861],[81.180024,16.086737],[81.161957,16.057074],[81.155447,15.9855],[81.135102,15.966498],[81.088227,15.92121],[81.043305,15.89411],[80.998871,15.846747],[81.00294,15.825263],[81.019216,15.792385],[80.99586,15.784329],[80.949474,15.827867],[80.921641,15.838609],[80.904307,15.871283],[80.910167,15.965888],[80.906016,15.999823],[80.896495,16.031073],[80.896495,16.010565],[80.875336,16.017401],[80.891287,15.978258],[80.895763,15.936021],[80.890147,15.89525],[80.855724,15.822699],[80.830251,15.747626],[80.820079,15.726874],[80.80836,15.803941],[80.802745,15.842434],[80.776134,15.884263],[80.736339,15.89761],[80.69044,15.900702],[80.670177,15.907701],[80.618419,15.887681],[80.584321,15.872545],[80.56072,15.880845],[80.52589,15.85692],[80.491873,15.83926],[80.469086,15.834662],[80.445486,15.814399],[80.393321,15.797024],[80.35963,15.775824],[80.279633,15.70067],[80.263194,15.674547],[80.219493,15.56745],[80.201345,15.518297],[80.211192,15.496649],[80.183849,15.452297],[80.14031,15.406399],[80.121267,15.370022],[80.090587,15.304877],[80.082367,15.204088],[80.052989,15.092597],[80.054535,15.014146],[80.061534,14.974677],[80.073416,14.942043],[80.073009,14.920559],[80.105154,14.763861],[80.108165,14.714342],[80.128184,14.688463],[80.151866,14.672797],[80.166352,14.62816],[80.178477,14.60578],[80.160899,14.57982],[80.183279,14.571112],[80.190196,14.547593],[80.188243,14.525702],[80.175955,14.468736],[80.178722,14.38939],[80.174978,14.34455],[80.137055,14.269924],[80.097911,14.254299],[80.071788,14.232245],[80.046641,14.20661],[80.073497,14.20185],[80.106619,14.234036],[80.13559,14.229193],[80.123383,14.193508],[80.125824,14.148505],[80.149669,14.027737],[80.16391,13.987982],[80.237153,13.839667],[80.249278,13.800279],[80.245453,13.755601],[80.227387,13.720526],[80.220958,13.696967],[80.238048,13.660224],[80.259044,13.591742],[80.288097,13.527086],[80.277749,13.512516]],[[82.230361,16.719316],[82.221783,16.750296],[82.199148,16.738462],[82.177961,16.722933],[82.201319,16.706577],[82.224677,16.703658],[82.248654,16.69216],[82.272839,16.692315],[82.29506,16.709626],[82.301054,16.733294],[82.279764,16.727429],[82.230361,16.719316]]]]}},{"type":"Feature","properties":{"name":"Odisha","code":"IN-OR"},"geometry":{"type":"Polygon","coordinates":[[[87.477387,21.613593],[87.404959,21.586656],[87.341807,21.562405],[87.293468,21.553656],[87.256114,21.561998],[87.235199,21.554511],[87.211436,21.554592],[87.113048,21.507961],[87.063731,21.475002],[86.917654,21.327379],[86.866954,21.256049],[86.83725,21.174709],[86.844005,21.082221],[86.952159,20.849107],[86.965668,20.805976],[86.953868,20.780585],[86.916515,20.788072],[86.878754,20.780585],[86.910655,20.756415],[86.957205,20.753241],[86.979991,20.755561],[87.000011,20.728217],[86.988617,20.70425],[86.961192,20.712836],[86.940196,20.697984],[86.961192,20.695054],[86.9817,20.68537],[87.019379,20.680365],[87.043224,20.697984],[87.003591,20.65705],[86.976248,20.637885],[86.923188,20.621731],[86.774181,20.511949],[86.751475,20.489163],[86.733897,20.462226],[86.72462,20.431952],[86.72047,20.368476],[86.741954,20.379543],[86.769786,20.400702],[86.789806,20.4147],[86.796153,20.437323],[86.809825,20.415107],[86.7942,20.37816],[86.768321,20.343451],[86.739268,20.324205],[86.701671,20.303778],[86.754649,20.314439],[86.717459,20.286933],[86.628184,20.235256],[86.583832,20.218207],[86.53419,20.206122],[86.511485,20.197455],[86.490408,20.174058],[86.478852,20.12934],[86.468516,20.10928],[86.41505,20.036322],[86.391449,20.020209],[86.414073,19.998847],[86.348399,20.008857],[86.275401,20.067369],[86.231293,20.064887],[86.209158,20.066636],[86.173025,20.1022],[86.163097,20.134833],[86.154307,20.089993],[86.187755,20.063666],[86.213715,20.042426],[86.268565,20.026435],[86.289073,20.026435],[86.302908,19.999091],[86.326671,19.984849],[86.356456,19.970404],[86.268565,19.910346],[86.111583,19.855699],[86.089041,19.844224],[86.066742,19.851996],[86.04656,19.852525],[86.01352,19.839057],[85.888845,19.802965],[85.846365,19.795844],[85.808604,19.773383],[85.778087,19.764635],[85.744395,19.765692],[85.714854,19.754218],[85.684581,19.747748],[85.624278,19.718573],[85.549164,19.690619],[85.480479,19.666327],[85.456798,19.663316],[85.446788,19.690619],[85.42628,19.697455],[85.450857,19.716295],[85.47755,19.723863],[85.521983,19.739081],[85.514985,19.711127],[85.558849,19.738105],[85.564138,19.76439],[85.567149,19.791653],[85.570323,19.875637],[85.514985,19.889309],[85.476817,19.901028],[85.440115,19.896226],[85.41627,19.879788],[85.374522,19.837795],[85.319591,19.793647],[85.290294,19.789944],[85.268077,19.780015],[85.246837,19.762641],[85.220958,19.736029],[85.20338,19.707261],[85.206554,19.683783],[85.175141,19.636908],[85.150157,19.613471],[85.139334,19.579779],[85.139171,19.557074],[85.108897,19.538967],[85.104503,19.514879],[85.128754,19.509508],[85.128673,19.487982],[85.151378,19.498847],[85.178559,19.504299],[85.202891,19.517157],[85.1963,19.538479],[85.223643,19.549954],[85.203787,19.570502],[85.232595,19.601549],[85.234386,19.625678],[85.247813,19.653144],[85.309093,19.642239],[85.350597,19.677639],[85.37436,19.674709],[85.399181,19.679145],[85.405284,19.645941],[85.384613,19.635972],[85.37794,19.614936],[85.352306,19.599433],[85.330089,19.604967],[85.309093,19.595038],[85.288422,19.601264],[85.305837,19.580146],[85.330577,19.576402],[85.576508,19.690619],[85.540294,19.669582],[85.46339,19.631049],[85.380219,19.593817],[85.336681,19.575181],[85.285411,19.536282],[85.240571,19.518052],[85.180431,19.475002],[85.069509,19.372138],[84.99586,19.32331],[84.872081,19.219875],[84.791026,19.120592],[84.770774,19.146868],[84.743696,19.161441],[84.708349,19.161673],[84.685508,19.157565],[84.687989,19.134672],[84.687059,19.11196],[84.669695,19.090153],[84.64148,19.10054],[84.566963,19.06633],[84.525208,19.032973],[84.50092,19.030286],[84.475599,19.033438],[84.473945,19.007057],[84.46609,18.986774],[84.466917,18.964295],[84.427229,18.904402],[84.398187,18.903756],[84.376793,18.86704],[84.351782,18.827766],[84.317779,18.80924],[84.2537,18.805338],[84.18218,18.788027],[84.162129,18.785314],[84.139185,18.798],[84.103632,18.802651],[84.071386,18.81787],[83.997798,18.806992],[83.949533,18.808516],[83.902404,18.805648],[83.881113,18.820428],[83.867057,18.843424],[83.850107,18.871329],[83.839358,18.901921],[83.817964,18.96197],[83.801841,18.999952],[83.780241,19.009253],[83.756263,19.006282],[83.744687,18.980599],[83.751095,18.957448],[83.748615,18.935356],[83.725774,18.943986],[83.706447,19.001424],[83.68712,19.033128],[83.646399,19.076097],[83.623661,19.115009],[83.598443,19.127205],[83.589554,19.104881],[83.581183,19.080412],[83.553898,19.064263],[83.531367,19.027624],[83.508836,19.006747],[83.493953,19.039872],[83.484238,19.06093],[83.464187,19.073461],[83.466358,19.027082],[83.450338,19.002871],[83.454679,18.976904],[83.423673,18.964347],[83.402279,18.979539],[83.367553,18.992769],[83.341404,19.004577],[83.313706,18.999719],[83.299546,18.976516],[83.31815,18.952616],[83.326831,18.929698],[83.347295,18.904712],[83.371997,18.898201],[83.384916,18.874843],[83.392047,18.85332],[83.366002,18.83668],[83.344505,18.830763],[83.297479,18.799189],[83.272571,18.776658],[83.201671,18.741621],[83.172732,18.758468],[83.150408,18.766348],[83.126534,18.758158],[83.097491,18.727539],[83.075477,18.690772],[83.053256,18.663616],[83.028142,18.640852],[83.024008,18.612172],[83.02163,18.587703],[83.036823,18.566128],[83.047572,18.543313],[83.070516,18.544243],[83.036513,18.469493],[83.033723,18.444714],[83.043851,18.417042],[83.0392,18.390351],[83.006748,18.37999],[82.951971,18.358156],[82.904118,18.35534],[82.884895,18.378749],[82.885515,18.40389],[82.861227,18.410117],[82.838696,18.422468],[82.816062,18.432105],[82.795391,18.429341],[82.780508,18.40637],[82.786813,18.382496],[82.781438,18.357846],[82.760148,18.337331],[82.729865,18.326401],[82.697516,18.30555],[82.669714,18.289297],[82.655865,18.250463],[82.642429,18.229482],[82.622378,18.23589],[82.601708,18.238009],[82.5799,18.260255],[82.582484,18.281856],[82.595403,18.309632],[82.594783,18.33299],[82.578453,18.354901],[82.528637,18.396965],[82.511274,18.422209],[82.512928,18.45399],[82.507967,18.474041],[82.506933,18.495616],[82.478098,18.512204],[82.449056,18.5221],[82.41712,18.480862],[82.374125,18.425697],[82.369887,18.395854],[82.367097,18.366605],[82.352524,18.33038],[82.359655,18.301596],[82.356555,18.277903],[82.317177,18.21739],[82.309529,18.194755],[82.352834,18.1553],[82.355935,18.131193],[82.334644,18.120238],[82.33113,18.099231],[82.338055,18.066314],[82.32989,18.044041],[82.293303,18.043524],[82.267775,18.032801],[82.257543,18.007506],[82.229637,17.994561],[82.208243,17.999522],[82.181062,17.999909],[82.149126,18.0289],[82.092178,18.04988],[82.042362,18.043266],[81.99544,18.009986],[81.958233,18.002932],[81.92361,18.000219],[81.825218,17.937949],[81.758969,17.908933],[81.724965,17.884723],[81.704398,17.861029],[81.655822,17.850875],[81.622749,17.828292],[81.578411,17.79695],[81.557844,17.803384],[81.524254,17.823486],[81.502757,17.824209],[81.491905,17.800619],[81.460175,17.790465],[81.39403,17.806691],[81.390722,17.837025],[81.394236,17.87232],[81.417801,17.885704],[81.439505,17.877359],[81.449323,17.905652],[81.459245,17.937484],[81.474438,17.960015],[81.48219,17.994096],[81.482293,18.028176],[81.482913,18.051431],[81.495935,18.071869],[81.516193,18.117809],[81.523117,18.150339],[81.515262,18.183748],[81.516193,18.207881],[81.529318,18.229456],[81.542548,18.262451],[81.565389,18.266534],[81.593397,18.272244],[81.643833,18.292372],[81.670498,18.324851],[81.691376,18.336866],[81.717111,18.340974],[81.740572,18.357898],[81.772301,18.413217],[81.792352,18.438436],[81.843718,18.47771],[81.869453,18.508199],[81.889607,18.52688],[81.913274,18.544915],[81.94087,18.558532],[81.948311,18.579512],[81.934048,18.600932],[81.908417,18.615944],[81.909657,18.641395],[81.933428,18.646666],[81.961333,18.67731],[81.989549,18.700203],[82.044533,18.708548],[82.069854,18.719762],[82.091558,18.76379],[82.118326,18.755057],[82.138894,18.747254],[82.150159,18.782781],[82.163802,18.83668],[82.164629,18.867169],[82.178891,18.889752],[82.214238,18.913549],[82.22788,18.933961],[82.2254,18.996334],[82.221369,19.024395],[82.206486,19.046538],[82.197701,19.083874],[82.164629,19.115914],[82.167419,19.154929],[82.165972,19.178985],[82.152846,19.201671],[82.145715,19.225313],[82.148195,19.258153],[82.17083,19.30691],[82.158531,19.334712],[82.136517,19.350421],[82.146335,19.370653],[82.168659,19.386595],[82.158841,19.418169],[82.117706,19.43455],[82.08608,19.480568],[82.038125,19.502479],[82.03213,19.594773],[82.039055,19.624358],[82.038745,19.651902],[82.0312,19.6765],[82.028099,19.716265],[82.037815,19.756727],[82.020141,19.781971],[81.978077,19.788198],[81.954512,19.804011],[81.943453,19.832097],[81.845268,19.894729],[81.824184,19.913255],[81.813746,19.935088],[81.815296,19.955888],[81.860151,20.03702],[81.897565,20.061902],[81.929811,20.097792],[81.952032,20.103709],[82.009289,20.044487],[82.015077,20.023119],[82.040295,20.01405],[82.057865,20.042059],[82.081326,20.057872],[82.126801,20.022809],[82.148816,20.005704],[82.160598,19.982889],[82.181062,19.976791],[82.203593,19.980331],[82.228397,19.95873],[82.290306,19.836051],[82.313457,19.826154],[82.3333,19.860545],[82.353351,19.880596],[82.381359,19.885944],[82.475927,19.872379],[82.513961,19.854473],[82.564501,19.849331],[82.575043,19.824888],[82.574319,19.790911],[82.575249,19.76807],[82.601088,19.774607],[82.639328,19.805096],[82.660722,19.81569],[82.682323,19.822666],[82.707851,19.843208],[82.691108,19.878658],[82.685424,19.905995],[82.699066,19.95501],[82.70041,19.980099],[82.695035,20.000537],[82.665373,20.004955],[82.643152,20.002862],[82.618141,19.988935],[82.594266,19.995886],[82.572562,20.019166],[82.550341,20.024489],[82.509827,20.021853],[82.486573,20.026995],[82.464455,20.045779],[82.415569,20.066967],[82.413399,20.093347],[82.433656,20.159002],[82.435826,20.198767],[82.427972,20.241452],[82.427145,20.293981],[82.41898,20.314342],[82.411539,20.345425],[82.421874,20.42803],[82.420324,20.45162],[82.396449,20.4533],[82.382496,20.483995],[82.376399,20.506526],[82.343636,20.529367],[82.340225,20.556342],[82.357485,20.624659],[82.366683,20.657086],[82.366993,20.682304],[82.360276,20.705791],[82.350354,20.72659],[82.344152,20.747933],[82.341982,20.86082],[82.359862,20.882395],[82.394899,20.875212],[82.405027,20.8494],[82.438204,20.839529],[82.463008,20.855394],[82.48771,20.892213],[82.514581,20.923736],[82.537939,20.933064],[82.562124,20.954458],[82.606875,21.024143],[82.627236,21.080936],[82.644082,21.104294],[82.642842,21.136204],[82.668164,21.155479],[82.752603,21.160078],[82.775031,21.148658],[82.797458,21.147262],[82.822263,21.157856],[82.86164,21.161887],[82.96458,21.178527],[82.989074,21.168682],[83.01884,21.147469],[83.0392,21.141526],[83.062558,21.120727],[83.129117,21.117936],[83.156299,21.125998],[83.186168,21.153541],[83.227199,21.249633],[83.257068,21.290329],[83.255208,21.311594],[83.260479,21.332781],[83.279393,21.3588],[83.301097,21.358697],[83.344815,21.340894],[83.370756,21.336657],[83.388326,21.357766],[83.384916,21.389444],[83.341301,21.43616],[83.327348,21.463677],[83.326211,21.487836],[83.3351,21.520005],[83.342541,21.549615],[83.351946,21.577262],[83.444034,21.718597],[83.458916,21.748027],[83.463877,21.790531],[83.486408,21.808462],[83.511213,21.796241],[83.519688,21.826523],[83.546456,21.832208],[83.564853,21.853576],[83.559582,21.875099],[83.570124,21.907578],[83.566403,21.928197],[83.530127,21.949513],[83.512867,21.973052],[83.518034,22.020258],[83.54594,22.044133],[83.571054,22.05837],[83.56537,22.079738],[83.54625,22.101623],[83.556998,22.129425],[83.605367,22.195984],[83.639991,22.223269],[83.664175,22.235026],[83.721639,22.25505],[83.816724,22.332513],[83.841425,22.348584],[83.876979,22.359152],[83.918423,22.36277],[83.945812,22.371193],[83.984362,22.410286],[83.994698,22.431577],[83.997075,22.451756],[83.990564,22.483253],[83.970616,22.516042],[83.970203,22.539348],[84.00741,22.531519],[84.036039,22.51829],[84.067045,22.499583],[84.124302,22.426745],[84.137015,22.400933],[84.178562,22.364372],[84.217423,22.360548],[84.292767,22.328172],[84.408213,22.328741],[84.48459,22.362279],[84.503814,22.384655],[84.505054,22.41057],[84.530066,22.423024],[84.733671,22.427288],[84.757442,22.435427],[84.778526,22.448346],[84.80085,22.45018],[84.878571,22.434031],[84.908337,22.421965],[84.937586,22.441059],[84.983371,22.450335],[85.038252,22.482401],[85.065537,22.5032],[85.087758,22.446615],[85.100367,22.393956],[85.104707,22.357499],[85.104707,22.330834],[85.09892,22.304685],[85.087758,22.280165],[85.040009,22.21637],[85.008899,22.151542],[84.992466,22.127642],[84.986265,22.106661],[85.042592,22.119735],[85.079489,22.119038],[85.109152,22.108496],[85.18708,22.05961],[85.20806,22.036743],[85.232038,22.035322],[85.277824,22.085319],[85.324126,22.126686],[85.379006,22.146969],[85.410012,22.162007],[85.43678,22.164229],[85.461068,22.158131],[85.550675,22.107591],[85.609586,22.09214],[85.655888,22.084699],[85.679143,22.075862],[85.705808,22.087463],[85.734333,22.096145],[85.755934,22.107152],[85.780429,22.125136],[85.801719,22.117022],[85.796552,22.096817],[85.779085,22.071935],[85.777638,22.039663],[85.784666,22.011887],[85.834275,21.986126],[85.877477,21.9961],[85.916234,22.022119],[85.963983,22.085603],[85.974112,22.111441],[85.972561,22.133507],[85.984654,22.172058],[85.986824,22.201694],[85.971321,22.22854],[85.965223,22.263189],[85.989925,22.300784],[85.993232,22.3352],[85.986514,22.393621],[85.974835,22.424601],[85.950237,22.452842],[85.937008,22.486018],[85.965533,22.513096],[85.988271,22.516636],[86.020621,22.547926],[86.049973,22.555807],[86.102476,22.500126],[86.268047,22.422404],[86.289545,22.409046],[86.322721,22.368738],[86.346079,22.343959],[86.383492,22.323237],[86.419149,22.320834],[86.471756,22.335071],[86.497181,22.334684],[86.602187,22.272853],[86.646629,22.234871],[86.686523,22.218024],[86.70461,22.188698],[86.732102,22.178156],[86.766725,22.167717],[86.833904,22.121751],[86.861396,22.120511],[86.892712,22.116583],[86.943768,22.096404],[86.97126,22.079531],[86.996272,22.055476],[87.004747,22.02571],[87.005573,22.004833],[86.993688,21.972483],[87.004953,21.936982],[87.031412,21.907991],[87.059213,21.90719],[87.069135,21.927577],[87.094147,21.942201],[87.112957,21.971398],[87.136625,21.977238],[87.190678,21.956205],[87.214656,21.92414],[87.219617,21.884995],[87.225612,21.863575],[87.239668,21.832595],[87.275014,21.813966],[87.408546,21.786138],[87.431594,21.761592],[87.42746,21.718184],[87.43087,21.689322],[87.468284,21.63005],[87.477387,21.613593]]]}},{"type":"Feature","properties":{"name":"Dadra and Nagar Haveli and Daman and Diu","code":"IN-DH"},"geometry":{"type":"MultiPolygon","coordinates":[[[[71.005951,20.736558],[70.982432,20.71015],[70.976036,20.73286],[70.999153,20.738825],[71.005951,20.736558]]],[[[72.818112,20.37877],[72.82309,20.416815],[72.829438,20.437934],[72.840017,20.458726],[72.863783,20.462021],[72.87957,20.439467],[72.884081,20.419169],[72.881826,20.392104],[72.838973,20.376316],[72.818159,20.378765],[72.818112,20.37877]]],[[[73.065132,20.337338],[73.074331,20.313282],[73.074124,20.291733],[73.099342,20.285429],[73.121356,20.284163],[73.117636,20.260288],[73.046839,20.221324],[73.03361,20.19807],[73.041775,20.157736],[73.065752,20.138254],[73.086113,20.139236],[73.104716,20.163705],[73.154739,20.177838],[73.166315,20.114871],[73.168072,20.077664],[73.16094,20.047485],[73.142854,20.026607],[73.117325,20.046089],[73.093244,20.055856],[73.07247,20.043066],[73.052317,20.051128],[73.031026,20.056476],[73.007771,20.040043],[72.98059,20.062367],[72.970151,20.086785],[72.947207,20.127402],[72.941522,20.177451],[72.929533,20.198457],[72.903798,20.215924],[72.887985,20.23861],[72.91062,20.257549],[72.936355,20.252847],[72.958886,20.287961],[72.985447,20.29424],[73.017797,20.304187],[73.049939,20.330258],[73.065132,20.337338]]]]}},{"type":"Feature","properties":{"name":"Maharashtra","code":"IN-MH"},"geometry":{"type":"Polygon","coordinates":[[[73.700857,15.723212],[73.672374,15.726508],[73.646251,15.736884],[73.646251,15.792141],[73.638845,15.817206],[73.604666,15.880845],[73.587576,15.902899],[73.528982,15.949164],[73.490977,15.993476],[73.487315,16.014228],[73.515961,16.017401],[73.483897,16.028225],[73.46811,16.048489],[73.447032,16.068915],[73.460704,16.14468],[73.470225,16.168891],[73.487966,16.189358],[73.465017,16.182278],[73.448009,16.143297],[73.447032,16.113593],[73.440196,16.162014],[73.440196,16.202338],[73.419688,16.216702],[73.406098,16.2508],[73.378673,16.332709],[73.378673,16.35692],[73.358246,16.367499],[73.364431,16.389309],[73.384939,16.401597],[73.352061,16.418118],[73.333995,16.468166],[73.319184,16.509752],[73.302989,16.533026],[73.303722,16.555569],[73.344005,16.523586],[73.378673,16.518297],[73.356212,16.530748],[73.365001,16.554389],[73.336436,16.565619],[73.317231,16.590277],[73.358246,16.620673],[73.363048,16.596829],[73.366466,16.628079],[73.338878,16.631659],[73.312185,16.644721],[73.321462,16.670844],[73.321625,16.69245],[73.300304,16.713202],[73.289561,16.74022],[73.295258,16.768052],[73.304454,16.793524],[73.286632,16.820868],[73.274669,16.848822],[73.269379,16.875637],[73.269379,16.929185],[73.274913,16.958645],[73.289399,16.983832],[73.26238,16.996975],[73.262706,17.018541],[73.251475,17.042426],[73.277354,17.054674],[73.275727,17.078599],[73.267426,17.101386],[73.261974,17.134955],[73.255138,17.165188],[73.236176,17.199205],[73.236013,17.220608],[73.218028,17.253241],[73.211192,17.275092],[73.187022,17.305976],[73.217133,17.286851],[73.249034,17.284857],[73.207367,17.353746],[73.170584,17.389716],[73.165294,17.413031],[73.185395,17.441881],[73.180675,17.477688],[73.165538,17.503404],[73.131684,17.539374],[73.12794,17.564683],[73.149425,17.567288],[73.200694,17.586493],[73.154063,17.595608],[73.128184,17.611558],[73.120291,17.642035],[73.118907,17.663479],[73.105479,17.68891],[73.117361,17.711249],[73.123302,17.735785],[73.109874,17.758287],[73.106619,17.785549],[73.08546,17.813666],[73.073741,17.857123],[73.065196,17.878363],[73.018565,17.951728],[73.0171,17.972113],[73.018891,17.992499],[73.0088,18.025946],[73.032481,18.041083],[73.043468,18.066962],[73.022716,18.057685],[73.00115,18.052069],[72.980968,18.080552],[72.98463,18.104193],[72.967296,18.19599],[72.954845,18.217515],[72.926931,18.223944],[72.935232,18.244778],[72.933279,18.266588],[72.95753,18.274604],[72.972667,18.244696],[72.995128,18.245063],[73.0324,18.23786],[73.063487,18.210354],[73.047618,18.188788],[73.071544,18.204088],[73.073985,18.224189],[73.065278,18.257554],[73.056977,18.280951],[73.012462,18.279202],[72.977387,18.295071],[72.974783,18.327582],[72.950857,18.332953],[72.933604,18.354926],[72.912608,18.361151],[72.912608,18.385647],[72.904307,18.408515],[72.891449,18.429389],[72.891449,18.480902],[72.895763,18.502997],[72.907237,18.523586],[72.946788,18.532416],[72.990245,18.469957],[73.014985,18.469957],[72.98878,18.489936],[72.977875,18.524115],[72.960297,18.554674],[72.921153,18.554877],[72.905772,18.577135],[72.882172,18.635484],[72.855317,18.681138],[72.851736,18.719672],[72.852387,18.769924],[72.865571,18.799384],[72.887055,18.807034],[72.912608,18.799994],[72.926931,18.826646],[72.974783,18.779486],[72.969574,18.746975],[72.995128,18.731024],[72.988048,18.753852],[72.99171,18.779364],[73.002452,18.801459],[72.987966,18.824937],[72.974783,18.848334],[72.9817,18.871487],[72.961681,18.865139],[72.91627,18.87051],[72.896821,18.894477],[72.912608,18.923489],[72.934581,18.920803],[72.936778,18.947414],[72.96339,18.947984],[72.988292,18.964423],[72.953624,18.964423],[72.992035,18.982489],[73.042166,18.995754],[73.039806,19.017524],[73.011892,19.009426],[72.988292,18.998603],[72.987804,19.036933],[72.991873,19.067206],[72.967296,19.09101],[72.974783,19.163072],[72.950043,19.127916],[72.93393,19.080308],[72.94337,19.055121],[72.934255,19.034084],[72.891449,18.991767],[72.885265,19.025865],[72.851085,18.987128],[72.836274,18.959133],[72.827647,18.918362],[72.812511,18.897447],[72.802013,18.920478],[72.807384,18.942816],[72.775401,18.93651],[72.776052,18.959703],[72.795909,18.984931],[72.804942,19.011054],[72.802745,19.040188],[72.824229,19.053534],[72.821951,19.097113],[72.821056,19.119208],[72.809581,19.146308],[72.82309,19.169257],[72.799571,19.156887],[72.802501,19.211615],[72.819835,19.240627],[72.789399,19.217353],[72.772227,19.265123],[72.775645,19.299018],[72.839366,19.319078],[72.867035,19.316799],[72.885509,19.296047],[72.930349,19.286566],[72.959727,19.294827],[72.988292,19.27912],[73.010509,19.224311],[73.049653,19.217719],[73.028005,19.244086],[73.019298,19.266059],[73.001801,19.286566],[72.970958,19.307034],[72.916759,19.303371],[72.883556,19.316392],[72.855317,19.339504],[72.818533,19.330268],[72.787608,19.345201],[72.763438,19.380194],[72.74822,19.444241],[72.746837,19.467963],[72.769216,19.490465],[72.879161,19.532375],[72.8567,19.541327],[72.835948,19.536689],[72.815929,19.52851],[72.795909,19.526801],[72.775401,19.557196],[72.741954,19.580797],[72.740733,19.560736],[72.749278,19.534247],[72.749197,19.5126],[72.722504,19.536282],[72.710785,19.587592],[72.709646,19.64997],[72.686697,19.724799],[72.707774,19.697455],[72.718598,19.727932],[72.717296,19.751532],[72.73406,19.771918],[72.728282,19.793647],[72.690115,19.748969],[72.679861,19.800482],[72.650076,19.841986],[72.65919,19.866441],[72.666189,19.916571],[72.662771,19.941799],[72.684337,19.964016],[72.70338,19.997626],[72.707774,20.071112],[72.732026,20.0757],[72.758071,20.091565],[72.782566,20.101745],[72.80582,20.092546],[72.830831,20.104045],[72.856256,20.101667],[72.897597,20.107145],[72.947207,20.127402],[72.970151,20.086785],[72.98059,20.062367],[72.997229,20.039811],[73.031026,20.056476],[73.052317,20.051128],[73.07247,20.043066],[73.093244,20.055856],[73.117325,20.046089],[73.142854,20.026607],[73.16094,20.047485],[73.168072,20.077664],[73.166315,20.114871],[73.19298,20.111021],[73.216648,20.117971],[73.237732,20.131381],[73.245586,20.152724],[73.247447,20.175332],[73.271838,20.193419],[73.337777,20.18373],[73.363822,20.178304],[73.383873,20.194194],[73.377878,20.218637],[73.389144,20.244372],[73.394104,20.270391],[73.387283,20.318347],[73.385423,20.341058],[73.363512,20.362995],[73.392864,20.418496],[73.44206,20.495545],[73.453739,20.520298],[73.450638,20.573835],[73.427694,20.58895],[73.408884,20.62471],[73.380048,20.636906],[73.371677,20.659489],[73.404233,20.66985],[73.429038,20.71039],[73.453532,20.717211],[73.475753,20.678712],[73.495907,20.667395],[73.538902,20.638766],[73.569494,20.624865],[73.599467,20.604582],[73.623031,20.571148],[73.647629,20.559159],[73.699822,20.562414],[73.736926,20.581044],[73.763901,20.59373],[73.792323,20.606184],[73.806276,20.626442],[73.81196,20.65153],[73.81103,20.676904],[73.839762,20.705326],[73.889165,20.740646],[73.904978,20.762686],[73.911179,20.790359],[73.902911,20.883868],[73.894539,20.907458],[73.875005,20.962778],[73.84741,20.990347],[73.814337,21.025177],[73.798628,21.048612],[73.77465,21.062126],[73.7423,21.073107],[73.725867,21.097188],[73.705093,21.118711],[73.684629,21.12375],[73.664269,21.119254],[73.633986,21.119383],[73.5974,21.139899],[73.559882,21.174186],[73.553475,21.195477],[73.576936,21.194598],[73.632023,21.165918],[73.653727,21.170233],[73.680289,21.169173],[73.714705,21.180594],[73.744471,21.195089],[73.766898,21.203796],[73.792736,21.264878],[73.808446,21.285885],[73.832011,21.268495],[73.853715,21.267772],[73.909629,21.286918],[73.929472,21.308519],[73.946422,21.373502],[73.960168,21.394379],[73.991897,21.416187],[74.030448,21.452102],[74.053496,21.465718],[74.087395,21.452877],[74.108686,21.451559],[74.240564,21.486131],[74.264956,21.496363],[74.291517,21.513855],[74.300819,21.53698],[74.291311,21.566307],[74.265369,21.569536],[74.239634,21.555377],[74.191575,21.545507],[74.169354,21.560054],[74.146513,21.570699],[74.125119,21.559408],[74.037889,21.55933],[73.995928,21.555325],[73.954897,21.543776],[73.923891,21.531322],[73.856402,21.520883],[73.827256,21.509049],[73.800178,21.540468],[73.763281,21.585659],[73.751602,21.611033],[73.792736,21.626742],[73.8286,21.650927],[73.839142,21.682191],[73.82736,21.707409],[73.803485,21.739784],[73.805035,21.766527],[73.796767,21.794484],[73.809376,21.836471],[73.832941,21.843551],[73.870871,21.854661],[73.8995,21.869828],[73.942701,21.874608],[73.965026,21.887786],[74.06104,21.940315],[74.12884,21.951761],[74.151164,21.947575],[74.18279,21.929256],[74.204908,21.92507],[74.228162,21.926181],[74.249039,21.929773],[74.284386,21.94494],[74.289967,21.966024],[74.32056,21.976127],[74.342367,21.982044],[74.39177,22.021705],[74.428047,22.006151],[74.485614,21.945973],[74.494192,21.917009],[74.486958,21.820141],[74.491609,21.794561],[74.503494,21.772909],[74.509179,21.736064],[74.5345,21.707564],[74.559511,21.692087],[74.591551,21.667877],[74.660901,21.645294],[74.682708,21.626174],[74.708133,21.611162],[74.731077,21.608604],[74.76384,21.608449],[74.85386,21.616459],[74.894065,21.61204],[74.928481,21.591318],[74.956076,21.577934],[75.004962,21.575428],[75.037105,21.560984],[75.067697,21.534732],[75.106248,21.483133],[75.116067,21.459285],[75.129916,21.437684],[75.15317,21.422698],[75.209498,21.40288],[75.31192,21.38146],[75.347474,21.38469],[75.368248,21.379315],[75.479972,21.376292],[75.521106,21.371771],[75.569786,21.380375],[75.592317,21.38084],[75.625183,21.385465],[75.663217,21.380168],[75.706521,21.378153],[75.814008,21.383372],[75.877777,21.399779],[75.907336,21.39177],[75.936792,21.392545],[75.986711,21.378385],[76.039628,21.365699],[76.07084,21.369523],[76.093785,21.358645],[76.108047,21.332419],[76.130475,21.280123],[76.132645,21.237231],[76.142877,21.193125],[76.122103,21.1754],[76.108564,21.153128],[76.143911,21.106877],[76.166855,21.09432],[76.286641,21.074812],[76.31744,21.081866],[76.378832,21.086827],[76.410354,21.096723],[76.436606,21.107808],[76.469472,21.151758],[76.498308,21.180361],[76.523629,21.191575],[76.614063,21.202479],[76.636284,21.219997],[76.653957,21.251313],[76.653337,21.293817],[76.639591,21.320482],[76.63339,21.341049],[76.670907,21.37606],[76.709561,21.39624],[76.749455,21.453032],[76.77705,21.48011],[76.785525,21.501685],[76.786662,21.530702],[76.79369,21.577004],[76.814051,21.600129],[76.84361,21.613358],[76.89973,21.61266],[77.028818,21.693586],[77.069332,21.712293],[77.115531,21.724049],[77.167207,21.728157],[77.191495,21.717667],[77.218987,21.700846],[77.242862,21.716866],[77.285547,21.740689],[77.305287,21.760894],[77.332985,21.774459],[77.46073,21.770041],[77.487395,21.760817],[77.500934,21.737356],[77.53163,21.721879],[77.551783,21.696764],[77.562015,21.6262],[77.560672,21.59708],[77.566253,21.572895],[77.574935,21.548323],[77.456802,21.548504],[77.435615,21.542303],[77.430344,21.522201],[77.432204,21.500858],[77.454632,21.461248],[77.481814,21.423886],[77.488015,21.401045],[77.509099,21.411252],[77.531526,21.416109],[77.55354,21.397299],[77.578035,21.384457],[77.600979,21.388566],[77.627024,21.399469],[77.650382,21.396162],[77.67622,21.395103],[77.702989,21.37792],[77.743916,21.400115],[77.787531,21.423008],[77.85285,21.403578],[77.890884,21.397402],[78.02917,21.437684],[78.085601,21.462411],[78.125495,21.484684],[78.167043,21.522356],[78.192675,21.551114],[78.264195,21.570958],[78.310187,21.586331],[78.333234,21.614572],[78.358039,21.624804],[78.387701,21.623693],[78.413333,21.606304],[78.414263,21.578838],[78.425942,21.550339],[78.428836,21.526232],[78.455088,21.509359],[78.48568,21.526826],[78.513689,21.526593],[78.535186,21.515612],[78.561231,21.496104],[78.626653,21.479413],[78.696003,21.474762],[78.716054,21.476312],[78.738068,21.48396],[78.799563,21.489309],[78.838837,21.501169],[78.865295,21.506052],[78.904156,21.509282],[78.92927,21.525043],[78.92679,21.553207],[78.932061,21.582301],[78.99614,21.603436],[79.081509,21.612867],[79.115926,21.621936],[79.166672,21.640411],[79.194474,21.646974],[79.215765,21.65457],[79.234368,21.682191],[79.236022,21.704024],[79.258656,21.714256],[79.295036,21.697978],[79.331933,21.690278],[79.36914,21.691389],[79.399113,21.690408],[79.426398,21.687255],[79.470943,21.671985],[79.498331,21.639661],[79.533058,21.619275],[79.537399,21.597933],[79.548561,21.570492],[79.551558,21.550029],[79.576983,21.539926],[79.600134,21.547367],[79.633103,21.570777],[79.660285,21.585194],[79.70483,21.584032],[79.758781,21.594083],[79.781311,21.592145],[79.813144,21.579768],[79.828544,21.557005],[79.840326,21.534345],[79.862133,21.528169],[79.896447,21.53251],[79.921975,21.542458],[79.945332,21.556307],[79.977889,21.561966],[80.005277,21.548323],[80.080311,21.571578],[80.088683,21.591783],[80.16413,21.621187],[80.186661,21.63948],[80.248053,21.596796],[80.276062,21.584703],[80.310168,21.580233],[80.32009,21.550804],[80.337453,21.525534],[80.387786,21.492564],[80.411764,21.468742],[80.417552,21.446831],[80.395331,21.414869],[80.402669,21.394328],[80.429644,21.393811],[80.456619,21.402053],[80.484421,21.401821],[80.611958,21.331722],[80.633352,21.327355],[80.662911,21.346346],[80.678414,21.301982],[80.666425,21.279554],[80.637383,21.251701],[80.5485,21.206665],[80.484524,21.167701],[80.459616,21.135868],[80.447317,21.061376],[80.436259,21.024686],[80.435328,20.999235],[80.441013,20.978823],[80.455689,20.950815],[80.48132,20.931978],[80.503231,20.930945],[80.527416,20.93787],[80.54757,20.927276],[80.555838,20.898983],[80.556561,20.878028],[80.556768,20.780825],[80.572994,20.697574],[80.56607,20.672511],[80.517184,20.648223],[80.496203,20.618948],[80.49703,20.596185],[80.523695,20.589958],[80.54726,20.601301],[80.571444,20.61608],[80.600796,20.612437],[80.622397,20.600913],[80.62095,20.541641],[80.634903,20.51234],[80.624051,20.489964],[80.614439,20.464307],[80.611545,20.401236],[80.616506,20.371444],[80.626428,20.342609],[80.595525,20.315815],[80.575061,20.30287],[80.547363,20.277677],[80.521215,20.264965],[80.453829,20.257317],[80.431194,20.246904],[80.423236,20.222409],[80.424063,20.197217],[80.414141,20.165178],[80.506952,20.141949],[80.53062,20.134869],[80.553151,20.073245],[80.557181,20.048337],[80.551807,20.024876],[80.544779,19.99896],[80.538681,19.944752],[80.531137,19.920697],[80.509536,19.919534],[80.467161,19.938551],[80.444837,19.931213],[80.426647,19.901395],[80.437189,19.88088],[80.473362,19.873955],[80.483181,19.846024],[80.463027,19.824113],[80.428197,19.8106],[80.411454,19.783676],[80.431608,19.773289],[80.458686,19.767347],[80.47884,19.766468],[80.486901,19.788198],[80.500751,19.81091],[80.528449,19.815509],[80.5485,19.792306],[80.558112,19.755177],[80.574545,19.72877],[80.59997,19.713655],[80.63852,19.70518],[80.659087,19.696007],[80.685029,19.622239],[80.701359,19.597512],[80.7612,19.580071],[80.806365,19.551365],[80.830963,19.547102],[80.854631,19.526715],[80.878195,19.50713],[80.893905,19.484444],[80.895352,19.452198],[80.880986,19.42791],[80.854218,19.414448],[80.825485,19.411167],[80.802541,19.39432],[80.823315,19.363082],[80.830963,19.334247],[80.784351,19.311612],[80.7612,19.298461],[80.737222,19.278565],[80.716655,19.262701],[80.690093,19.311147],[80.65299,19.322413],[80.617436,19.318563],[80.60028,19.341688],[80.58705,19.381918],[80.553461,19.386905],[80.526382,19.355331],[80.489795,19.33435],[80.456516,19.285128],[80.413934,19.256112],[80.397088,19.234175],[80.37311,19.151364],[80.366599,19.117386],[80.346238,19.081497],[80.290428,19.019305],[80.271824,18.979436],[80.271411,18.946958],[80.283916,18.920267],[80.344171,18.85071],[80.3389,18.813348],[80.274821,18.776942],[80.260559,18.755522],[80.264796,18.731751],[80.251464,18.700513],[80.169712,18.690048],[80.090543,18.69749],[80.066669,18.731002],[80.039384,18.752112],[80.001866,18.785624],[79.967967,18.796476],[79.918564,18.824924],[79.95019,18.855284],[79.964246,18.88554],[79.964866,18.935356],[79.954531,18.968429],[79.941818,19.038141],[79.882081,19.041939],[79.861823,19.081084],[79.872675,19.110281],[79.893656,19.137411],[79.919288,19.158392],[79.943782,19.169218],[79.935411,19.191542],[79.930553,19.211928],[79.931173,19.24929],[79.930553,19.270194],[79.952981,19.297815],[79.955874,19.333342],[79.961145,19.364891],[79.965486,19.401917],[79.963833,19.426024],[79.954014,19.452017],[79.93107,19.482532],[79.908229,19.493332],[79.873916,19.504701],[79.841876,19.546714],[79.811904,19.574206],[79.735423,19.603352],[79.714752,19.595006],[79.636101,19.569814],[79.61295,19.557954],[79.607059,19.531909],[79.590005,19.510515],[79.562513,19.514081],[79.538949,19.533821],[79.511767,19.534829],[79.420403,19.536379],[79.396529,19.540461],[79.370691,19.566765],[79.348883,19.580097],[79.271791,19.589128],[79.245485,19.559524],[79.245741,19.538942],[79.22271,19.513827],[79.213894,19.489588],[79.209931,19.465658],[79.183074,19.467435],[79.150711,19.499977],[79.119855,19.511749],[79.09708,19.531138],[79.068427,19.535985],[79.042672,19.548007],[79.014032,19.545436],[78.988478,19.560255],[78.97733,19.581027],[78.944773,19.594412],[78.923999,19.620301],[78.888756,19.636735],[78.847518,19.724533],[78.826744,19.744506],[78.805557,19.763755],[78.780029,19.776674],[78.740445,19.777243],[78.71781,19.773651],[78.67864,19.792694],[78.616628,19.815199],[78.584589,19.814734],[78.560404,19.815225],[78.533739,19.824656],[78.512655,19.820341],[78.491984,19.802306],[78.414883,19.822253],[78.392869,19.853026],[78.369615,19.87517],[78.329204,19.891293],[78.321762,19.863258],[78.329514,19.838557],[78.363207,19.760448],[78.383257,19.747839],[78.403411,19.719262],[78.392352,19.691977],[78.351528,19.66681],[78.333441,19.643272],[78.328274,19.621723],[78.3106,19.589192],[78.303262,19.551288],[78.306363,19.501678],[78.297578,19.475943],[78.240114,19.460182],[78.211898,19.440132],[78.191848,19.39879],[78.174381,19.374657],[78.181616,19.310114],[78.180066,19.279004],[78.157328,19.262261],[78.129216,19.262985],[78.105755,19.269289],[78.075679,19.265569],[78.050978,19.265414],[78.024933,19.278591],[77.992377,19.322749],[77.963128,19.322645],[77.936359,19.329699],[77.911451,19.330267],[77.883133,19.31541],[77.865149,19.293035],[77.887164,19.282906],[77.868663,19.24836],[77.845409,19.195909],[77.83559,19.170768],[77.83187,19.149271],[77.836727,19.126688],[77.810372,19.107955],[77.788772,19.083409],[77.768101,19.065038],[77.758696,19.028115],[77.763347,18.99928],[77.789805,18.987859],[77.804275,18.964605],[77.826805,18.951117],[77.839518,18.925848],[77.854814,18.896986],[77.897085,18.868022],[77.912072,18.846964],[77.886027,18.826422],[77.864219,18.822546],[77.839311,18.80955],[77.819674,18.780043],[77.789082,18.715085],[77.746604,18.705008],[77.725416,18.700203],[77.705779,18.679067],[77.705262,18.658732],[77.710223,18.637467],[77.702989,18.597444],[77.688519,18.574732],[77.660407,18.565353],[77.619273,18.56264],[77.592298,18.548145],[77.575245,18.522358],[77.554781,18.500344],[77.557365,18.478692],[77.548063,18.442802],[77.537831,18.417248],[77.508479,18.394872],[77.547753,18.352033],[77.557675,18.329889],[77.551163,18.307875],[77.509099,18.314567],[77.476853,18.292631],[77.44688,18.279531],[77.427347,18.316143],[77.406573,18.327719],[77.371949,18.338726],[77.346628,18.351516],[77.343734,18.416628],[77.324304,18.449133],[77.301876,18.460269],[77.281619,18.459675],[77.232733,18.410659],[77.226222,18.385441],[77.231803,18.355986],[77.23108,18.333791],[77.21351,18.310071],[77.176923,18.297049],[77.117908,18.253847],[77.097754,18.230412],[77.092173,18.208682],[77.069539,18.189071],[77.039567,18.191887],[77.015485,18.182146],[76.970114,18.182069],[76.949546,18.179976],[76.914406,18.167677],[76.892909,18.144293],[76.897456,18.105536],[76.896216,18.079594],[76.883504,18.029365],[76.881747,18.002777],[76.885054,17.974459],[76.877613,17.933557],[76.863143,17.90374],[76.839062,17.884232],[76.771263,17.899114],[76.740877,17.898417],[76.742427,17.877074],[76.75483,17.849169],[76.755656,17.825837],[76.734159,17.80819],[76.70553,17.792118],[76.68765,17.755015],[76.675971,17.706852],[76.638454,17.728737],[76.616543,17.745041],[76.601557,17.765479],[76.570861,17.767081],[76.534688,17.775866],[76.512984,17.772817],[76.501408,17.748865],[76.47712,17.736876],[76.466888,17.712537],[76.453969,17.692383],[76.431335,17.683779],[76.410251,17.65391],[76.322194,17.61771],[76.31744,17.592725],[76.336354,17.568308],[76.332116,17.538129],[76.340074,17.515546],[76.31806,17.487383],[76.321471,17.46418],[76.341005,17.423821],[76.36984,17.398344],[76.375008,17.371937],[76.353614,17.357029],[76.330876,17.350207],[76.303798,17.356564],[76.265454,17.357675],[76.245403,17.36708],[76.219978,17.386872],[76.198274,17.387828],[76.166442,17.374134],[76.146288,17.371111],[76.112698,17.381963],[76.061332,17.357649],[76.040558,17.349355],[76.009862,17.353696],[75.96325,17.342585],[75.936482,17.325868],[75.91085,17.347494],[75.8908,17.379224],[75.87757,17.411961],[75.845428,17.402116],[75.815869,17.405785],[75.783933,17.374805],[75.762952,17.385115],[75.752927,17.405527],[75.729983,17.418239],[75.704764,17.415759],[75.677996,17.425267],[75.667041,17.446171],[75.659599,17.467074],[75.633141,17.480303],[75.61309,17.471595],[75.588286,17.425293],[75.560174,17.398912],[75.552836,17.365917],[75.569786,17.334291],[75.578674,17.298764],[75.602548,17.277886],[75.621049,17.242436],[75.622082,17.220939],[75.608233,17.192775],[75.605132,17.158126],[75.615881,17.137352],[75.643476,17.103633],[75.646267,17.080896],[75.624563,17.061207],[75.637482,17.028909],[75.640686,16.999118],[75.627353,16.976974],[75.602859,16.978163],[75.563171,17.009298],[75.532992,16.99687],[75.509117,16.976664],[75.471704,16.963048],[75.447106,16.970334],[75.426125,16.984855],[75.370831,16.984467],[75.338895,16.9693],[75.307063,16.959869],[75.256006,16.959172],[75.24102,16.937287],[75.24257,16.902095],[75.197095,16.877006],[75.166503,16.867937],[75.144489,16.871193],[75.118237,16.8822],[75.098083,16.904653],[75.075552,16.916151],[75.057879,16.943075],[74.999588,16.94509],[74.970339,16.955219],[74.951322,16.920802],[74.928894,16.897987],[74.899336,16.878634],[74.853964,16.865612],[74.85138,16.839412],[74.858821,16.818922],[74.866676,16.776211],[74.839081,16.759081],[74.807145,16.76753],[74.78048,16.757246],[74.757949,16.745335],[74.735935,16.738203],[74.713197,16.716318],[74.688289,16.712675],[74.675267,16.677561],[74.644467,16.65193],[74.671959,16.62542],[74.655319,16.602501],[74.629171,16.598858],[74.581215,16.562038],[74.557444,16.551652],[74.544422,16.575268],[74.528609,16.598806],[74.524578,16.623843],[74.478586,16.630587],[74.454608,16.642214],[74.43001,16.644333],[74.418745,16.605524],[74.400555,16.583717],[74.3773,16.569377],[74.353219,16.543512],[74.331205,16.554985],[74.311051,16.563046],[74.300509,16.538061],[74.278288,16.527777],[74.257928,16.543926],[74.238394,16.519845],[74.225682,16.492534],[74.251416,16.491784],[74.271777,16.489536],[74.275394,16.468943],[74.295651,16.4576],[74.317356,16.451761],[74.320146,16.430238],[74.352496,16.406958],[74.339576,16.3867],[74.310741,16.38192],[74.30578,16.352723],[74.319526,16.32518],[74.319526,16.297429],[74.341127,16.284794],[74.366241,16.292882],[74.451921,16.253944],[74.473935,16.227925],[74.476312,16.20281],[74.470421,16.161236],[74.471971,16.127879],[74.464323,16.101601],[74.415954,16.096356],[74.386912,16.076771],[74.396524,16.055067],[74.419055,16.049512],[74.433007,16.018583],[74.42877,15.993753],[74.413577,15.962644],[74.382261,15.908099],[74.354459,15.872572],[74.365931,15.851307],[74.369549,15.825779],[74.349498,15.789372],[74.331102,15.761932],[74.30423,15.73966],[74.281595,15.729867],[74.255964,15.726017],[74.223511,15.726095],[74.216587,15.75108],[74.194469,15.76958],[74.138142,15.729505],[74.117058,15.690205],[74.094837,15.672816],[74.100625,15.640286],[74.061557,15.639511],[74.002853,15.616954],[73.979392,15.614861],[73.942805,15.632457],[73.924821,15.658347],[73.912832,15.710023],[73.900327,15.730539],[73.876866,15.739815],[73.850511,15.744982],[73.835731,15.777332],[73.813097,15.77188],[73.798938,15.749323],[73.770412,15.736611],[73.722146,15.734311],[73.700857,15.723212]]]}},{"type":"Feature","properties":{"name":"Goa","code":"IN-GA"},"geometry":{"type":"Polygon","coordinates":[[[74.091156,14.8876],[74.035981,14.921291],[74.031016,14.949774],[74.035981,14.979641],[74.020193,15.001776],[73.995779,15.010688],[73.972992,15.056871],[73.913097,15.078925],[73.922537,15.107856],[73.937022,15.130439],[73.958263,15.143134],[73.954112,15.16828],[73.891287,15.343207],[73.869477,15.359565],[73.848399,15.360093],[73.827403,15.36518],[73.782888,15.407904],[73.839366,15.404039],[73.860118,15.407864],[73.884939,15.398017],[73.93336,15.395413],[73.954112,15.366278],[73.937022,15.411322],[73.885916,15.435207],[73.865082,15.434312],[73.841563,15.448879],[73.806163,15.452216],[73.800466,15.475002],[73.817556,15.496649],[73.872244,15.510932],[73.865977,15.531399],[73.796397,15.500393],[73.766287,15.49726],[73.756114,15.537584],[73.741222,15.559963],[73.735118,15.586005],[73.746593,15.608385],[73.760427,15.632025],[73.787364,15.641791],[73.838145,15.654283],[73.801036,15.661851],[73.776622,15.650865],[73.733246,15.625067],[73.707042,15.643704],[73.690766,15.693793],[73.700857,15.723212],[73.722146,15.734311],[73.770412,15.736611],[73.792736,15.741598],[73.813097,15.77188],[73.835731,15.777332],[73.840279,15.754129],[73.876866,15.739815],[73.900327,15.730539],[73.912832,15.710023],[73.924821,15.658347],[73.942805,15.632457],[73.964406,15.618814],[73.990347,15.613543],[74.061557,15.639511],[74.100625,15.640286],[74.1276,15.63517],[74.14796,15.640131],[74.172352,15.653386],[74.197776,15.645324],[74.226818,15.629847],[74.246042,15.587163],[74.254104,15.532825],[74.254517,15.50032],[74.236534,15.472467],[74.251003,15.442675],[74.259065,15.420093],[74.257204,15.394177],[74.291517,15.348779],[74.30423,15.28917],[74.289657,15.26664],[74.251416,15.257519],[74.244182,15.231319],[74.278598,15.209046],[74.292758,15.188272],[74.288417,15.16755],[74.264749,15.120757],[74.259685,15.097683],[74.267126,15.049857],[74.264336,15.022236],[74.255034,15.000248],[74.247592,14.977665],[74.241185,14.956038],[74.209869,14.933482],[74.183204,14.926764],[74.160673,14.929192],[74.125326,14.904801],[74.091156,14.8876]]]}},{"type":"Feature","properties":{"name":"Karnataka","code":"IN-KA"},"geometry":{"type":"Polygon","coordinates":[[[74.854259,12.765286],[74.854747,12.787014],[74.844005,12.80801],[74.824962,12.838202],[74.85141,12.825507],[74.881114,12.848049],[74.901134,12.85342],[74.932872,12.866441],[74.894786,12.871161],[74.850597,12.857164],[74.817556,12.861762],[74.770274,13.052436],[74.783376,13.084662],[74.76295,13.118801],[74.761892,13.143134],[74.74879,13.170844],[74.737804,13.221381],[74.733409,13.262763],[74.715099,13.331041],[74.696137,13.365953],[74.694591,13.393134],[74.68336,13.442816],[74.680919,13.468248],[74.690766,13.439114],[74.693696,13.415269],[74.702403,13.442613],[74.677094,13.52676],[74.677989,13.54914],[74.671397,13.603949],[74.667979,13.625149],[74.680919,13.646959],[74.709972,13.64057],[74.735606,13.653795],[74.712901,13.656195],[74.688324,13.68594],[74.687755,13.711819],[74.660492,13.660061],[74.646983,13.692084],[74.623057,13.774156],[74.614594,13.835517],[74.595958,13.871487],[74.583995,13.903876],[74.550792,13.945502],[74.536388,13.969875],[74.504731,14.01024],[74.495372,14.030585],[74.496267,14.06151],[74.479177,14.095649],[74.473155,14.161689],[74.438731,14.22012],[74.429047,14.240424],[74.43336,14.263373],[74.471039,14.248684],[74.494965,14.247463],[74.436371,14.27969],[74.415375,14.301093],[74.412608,14.344794],[74.396983,14.372748],[74.394216,14.410793],[74.381602,14.43122],[74.374278,14.467271],[74.353852,14.505072],[74.351899,14.530219],[74.377452,14.484605],[74.388845,14.462714],[74.427745,14.476264],[74.385427,14.524115],[74.379242,14.544582],[74.358735,14.544582],[74.358735,14.571234],[74.340994,14.551174],[74.339041,14.523993],[74.309825,14.519436],[74.295909,14.565009],[74.295177,14.587307],[74.339041,14.605943],[74.312266,14.615465],[74.28712,14.605943],[74.266856,14.631293],[74.269216,14.658922],[74.263194,14.701606],[74.23406,14.734076],[74.208751,14.731838],[74.180675,14.742174],[74.157725,14.748969],[74.111339,14.780341],[74.091319,14.811428],[74.114024,14.808417],[74.118663,14.831855],[74.140473,14.838772],[74.169688,14.844468],[74.190684,14.863105],[74.21811,14.865383],[74.211192,14.887356],[74.166189,14.876532],[74.14088,14.852688],[74.111827,14.846177],[74.091156,14.8876],[74.125326,14.904801],[74.14765,14.92343],[74.183204,14.926764],[74.209869,14.933482],[74.241185,14.956038],[74.247592,14.977665],[74.255034,15.000248],[74.264336,15.022236],[74.267126,15.049857],[74.260305,15.083085],[74.262475,15.112773],[74.288417,15.16755],[74.292758,15.188272],[74.278598,15.209046],[74.249143,15.225453],[74.240874,15.247313],[74.282216,15.263358],[74.30423,15.28917],[74.300199,15.329013],[74.263509,15.377408],[74.257204,15.402678],[74.258134,15.428154],[74.239221,15.454225],[74.245422,15.48766],[74.257824,15.518588],[74.246042,15.587163],[74.237981,15.616024],[74.197776,15.645324],[74.172352,15.653386],[74.14796,15.640131],[74.1276,15.63517],[74.100625,15.640286],[74.094217,15.664832],[74.117058,15.690205],[74.125016,15.713666],[74.186097,15.76573],[74.209559,15.768805],[74.215346,15.739014],[74.255964,15.726017],[74.281595,15.729867],[74.30423,15.73966],[74.331102,15.761932],[74.349498,15.789372],[74.369549,15.825779],[74.365931,15.851307],[74.354459,15.872572],[74.382261,15.908099],[74.400865,15.944893],[74.421949,15.9767],[74.433007,16.018583],[74.43125,16.040752],[74.396524,16.055067],[74.386912,16.076771],[74.415954,16.096356],[74.457502,16.097416],[74.471971,16.127879],[74.470421,16.161236],[74.476312,16.20281],[74.473935,16.227925],[74.458949,16.24937],[74.366241,16.292882],[74.341127,16.284794],[74.320973,16.289368],[74.321076,16.31624],[74.308364,16.344455],[74.304333,16.36944],[74.339576,16.3867],[74.352496,16.406958],[74.332342,16.416078],[74.318906,16.437472],[74.310844,16.458866],[74.290277,16.457678],[74.274257,16.477832],[74.251416,16.491784],[74.228782,16.4838],[74.238394,16.519845],[74.248316,16.545089],[74.271674,16.532144],[74.292448,16.528371],[74.307434,16.558964],[74.331205,16.554985],[74.353219,16.543512],[74.3773,16.569377],[74.400555,16.583717],[74.418745,16.605524],[74.427426,16.639243],[74.454608,16.642214],[74.478586,16.630587],[74.511659,16.627719],[74.528609,16.598806],[74.544422,16.575268],[74.548763,16.553357],[74.573257,16.557233],[74.614082,16.590564],[74.636096,16.60046],[74.665758,16.606222],[74.644467,16.65193],[74.667515,16.667975],[74.684878,16.708438],[74.713197,16.716318],[74.735935,16.738203],[74.757949,16.745335],[74.78048,16.757246],[74.807145,16.76753],[74.839081,16.759081],[74.863472,16.763111],[74.858821,16.818922],[74.85138,16.839412],[74.845799,16.861245],[74.899336,16.878634],[74.92228,16.889331],[74.948015,16.914704],[74.960004,16.951136],[74.999588,16.94509],[75.043409,16.952816],[75.061186,16.931809],[75.093226,16.908581],[75.118237,16.8822],[75.144489,16.871193],[75.166503,16.867937],[75.197095,16.877006],[75.24257,16.902095],[75.24102,16.937287],[75.256006,16.959172],[75.307063,16.959869],[75.338895,16.9693],[75.360599,16.981987],[75.426125,16.984855],[75.447106,16.970334],[75.471704,16.963048],[75.509117,16.976664],[75.532992,16.99687],[75.553766,17.014905],[75.589526,16.986405],[75.616708,16.974675],[75.638102,16.990514],[75.640272,17.018936],[75.622909,17.049166],[75.642443,17.075056],[75.643476,17.103633],[75.625183,17.129342],[75.605132,17.158126],[75.605029,17.17921],[75.61309,17.20311],[75.622392,17.230602],[75.616398,17.258663],[75.587356,17.285095],[75.574953,17.318271],[75.552836,17.365917],[75.551492,17.389301],[75.573506,17.408421],[75.601928,17.454878],[75.621772,17.47635],[75.643373,17.476582],[75.667041,17.446171],[75.677996,17.425267],[75.704764,17.415759],[75.729983,17.418239],[75.752927,17.405527],[75.762952,17.385115],[75.783933,17.374805],[75.815869,17.405785],[75.845428,17.402116],[75.870026,17.416147],[75.886976,17.394649],[75.89266,17.363902],[75.919738,17.341629],[75.952191,17.336617],[75.996736,17.349277],[76.021024,17.346332],[76.061332,17.357649],[76.094715,17.377751],[76.127064,17.381317],[76.15652,17.370904],[76.184115,17.384391],[76.210367,17.388913],[76.245403,17.36708],[76.265454,17.357675],[76.291189,17.35814],[76.330876,17.350207],[76.353614,17.357029],[76.375008,17.371937],[76.36984,17.398344],[76.347413,17.413434],[76.336457,17.445861],[76.316303,17.473869],[76.328086,17.500844],[76.338834,17.52291],[76.336147,17.551616],[76.331703,17.576292],[76.311549,17.601071],[76.390614,17.636779],[76.413455,17.664788],[76.453969,17.692383],[76.466888,17.712537],[76.47712,17.736876],[76.501408,17.748865],[76.512984,17.772817],[76.534688,17.775866],[76.570861,17.767081],[76.592669,17.770595],[76.616543,17.745041],[76.638454,17.728737],[76.660675,17.709772],[76.68765,17.755015],[76.696228,17.776667],[76.714832,17.799534],[76.743977,17.813616],[76.756897,17.835372],[76.742427,17.877074],[76.740877,17.898417],[76.761961,17.900665],[76.825316,17.88449],[76.851568,17.890743],[76.877613,17.933557],[76.882987,17.954899],[76.881747,18.002777],[76.883504,18.029365],[76.896216,18.079594],[76.897456,18.105536],[76.892909,18.144293],[76.914406,18.167677],[76.949546,18.179976],[76.970114,18.182069],[76.997502,18.177857],[77.027681,18.188606],[77.050005,18.192172],[77.080288,18.191345],[77.094034,18.219095],[77.104576,18.24098],[77.176923,18.297049],[77.203898,18.30803],[77.227359,18.322086],[77.231803,18.355986],[77.226222,18.385441],[77.232733,18.410659],[77.264773,18.45306],[77.290921,18.460811],[77.313348,18.456238],[77.336603,18.435981],[77.342804,18.371282],[77.356137,18.345599],[77.406573,18.327719],[77.427347,18.316143],[77.429414,18.295809],[77.461453,18.281933],[77.493182,18.308986],[77.551163,18.307875],[77.583306,18.291545],[77.575658,18.261909],[77.568527,18.233745],[77.590748,18.175454],[77.600979,18.125121],[77.572454,18.10396],[77.559122,18.078354],[77.594778,18.044609],[77.611211,18.017221],[77.62134,17.986835],[77.625784,17.957457],[77.62413,17.932265],[77.559225,17.869866],[77.530286,17.855319],[77.507859,17.834726],[77.500314,17.812298],[77.526049,17.786434],[77.533697,17.76318],[77.516127,17.740649],[77.480883,17.726541],[77.452358,17.689334],[77.423936,17.65267],[77.411534,17.630785],[77.456699,17.599055],[77.484914,17.581098],[77.515507,17.576369],[77.535867,17.573734],[77.582583,17.578772],[77.588784,17.554174],[77.620203,17.552779],[77.642321,17.566086],[77.674257,17.577067],[77.682008,17.554975],[77.653173,17.500069],[77.599326,17.486917],[77.578345,17.455498],[77.548269,17.436119],[77.525635,17.430435],[77.507755,17.396329],[77.496386,17.374573],[77.37443,17.222567],[77.365335,17.194093],[77.370399,17.169159],[77.405953,17.152855],[77.428587,17.135983],[77.433548,17.096838],[77.465174,17.042578],[77.46414,17.011546],[77.442126,16.974726],[77.433444,16.934755],[77.434375,16.812773],[77.418975,16.789647],[77.40957,16.737842],[77.415461,16.717326],[77.435615,16.705544],[77.441299,16.684124],[77.417011,16.663479],[77.438819,16.65056],[77.439439,16.622138],[77.431998,16.593613],[77.396961,16.571702],[77.383112,16.542763],[77.344974,16.510259],[77.311591,16.485454],[77.273558,16.465145],[77.28472,16.4152],[77.393964,16.381068],[77.473132,16.381068],[77.493286,16.378174],[77.53318,16.361043],[77.55261,16.332156],[77.546409,16.307532],[77.501347,16.275467],[77.488532,16.250455],[77.490185,16.222757],[77.483984,16.199451],[77.479023,16.164414],[77.485121,16.110774],[77.4814,16.068606],[77.480883,16.045894],[77.483674,16.002073],[77.457009,15.966752],[77.432928,15.954711],[77.306217,15.957062],[77.263636,15.962101],[77.23542,15.974632],[77.163073,15.967114],[77.07357,15.921018],[77.034089,15.873734],[77.030472,15.849188],[77.030472,15.824745],[77.025304,15.781285],[77.027681,15.760925],[77.046698,15.7409],[77.063338,15.712736],[77.076877,15.69018],[77.084939,15.667287],[77.05693,15.659871],[77.028715,15.659949],[77.0036,15.631785],[77.009181,15.569334],[77.010111,15.524402],[77.000913,15.503886],[76.980449,15.519182],[76.971767,15.497685],[76.986547,15.461873],[77.007631,15.433477],[77.022513,15.364851],[77.039567,15.341725],[77.07419,15.333612],[77.104886,15.308213],[77.113464,15.2423],[77.128657,15.194267],[77.132584,15.154321],[77.12814,15.132255],[77.113464,15.107424],[77.100545,15.084532],[77.093414,15.0589],[77.080391,15.036654],[77.05693,15.014303],[77.034192,15.005208],[77.012695,15.024949],[76.981999,15.032855],[76.957608,15.023786],[76.937351,15.023347],[76.906138,15.035568],[76.879473,15.037816],[76.776224,15.090242],[76.745528,15.063887],[76.743874,15.040064],[76.743357,15.018386],[76.719483,14.989731],[76.757517,14.974151],[76.782425,14.959346],[76.802785,14.952834],[76.822009,14.929322],[76.819115,14.900021],[76.815084,14.858008],[76.799685,14.794834],[76.768989,14.775868],[76.765682,14.731814],[76.762168,14.707139],[76.743874,14.667891],[76.738603,14.643525],[76.740567,14.612933],[76.752866,14.565597],[76.77705,14.550197],[76.797824,14.533351],[76.813637,14.500123],[76.829967,14.478651],[76.855392,14.48723],[76.891359,14.486687],[76.917197,14.483845],[76.931563,14.457567],[76.917817,14.434365],[76.907998,14.410413],[76.883504,14.408449],[76.86087,14.391577],[76.856839,14.368167],[76.86242,14.347238],[76.882987,14.324346],[76.915647,14.311142],[76.915337,14.285097],[76.908205,14.257864],[76.968047,14.245978],[76.999259,14.244273],[77.024684,14.238408],[77.045458,14.231664],[77.072743,14.232594],[77.080288,14.278328],[77.099201,14.311271],[77.124316,14.340985],[77.159973,14.332175],[77.185088,14.326464],[77.206688,14.326904],[77.23294,14.333105],[77.256814,14.333957],[77.262602,14.309101],[77.304977,14.289903],[77.327094,14.281041],[77.343424,14.256985],[77.367299,14.238253],[77.387969,14.252774],[77.366679,14.287113],[77.357583,14.313158],[77.37443,14.334474],[77.400682,14.327627],[77.415151,14.303933],[77.451841,14.293779],[77.456492,14.257864],[77.456182,14.230346],[77.465174,14.206136],[77.460523,14.180969],[77.439956,14.174148],[77.397064,14.172649],[77.37536,14.167585],[77.349625,14.143246],[77.329161,14.125908],[77.351589,14.115935],[77.353966,14.091388],[77.332055,14.06325],[77.333812,14.039763],[77.352519,13.999637],[77.381148,13.975245],[77.384662,13.945919],[77.398821,13.910882],[77.386729,13.890367],[77.357894,13.900728],[77.332365,13.908169],[77.331022,13.929925],[77.311281,13.973308],[77.298156,14.000644],[77.272937,14.014235],[77.25144,14.022219],[77.180643,14.00682],[77.140336,14.006303],[77.112327,14.005063],[77.087729,14.028343],[77.065922,14.040229],[77.035846,14.04612],[77.00484,14.058445],[76.98634,14.084515],[76.980449,14.107072],[76.973628,14.156087],[76.949546,14.169833],[76.927532,14.186783],[76.906345,14.179832],[76.882987,14.166216],[76.868104,14.145623],[76.932803,14.080071],[76.940761,14.056352],[76.93239,14.021703],[76.947376,13.999714],[76.976005,13.957779],[77.000499,13.930675],[77.010421,13.904991],[76.991921,13.883571],[76.982929,13.862048],[76.963706,13.840525],[76.954507,13.820345],[76.958538,13.781614],[76.969183,13.753709],[76.990681,13.77655],[77.02303,13.755104],[77.048248,13.747611],[77.05817,13.768126],[77.088453,13.763708],[77.109537,13.76146],[77.132688,13.776188],[77.12783,13.800372],[77.125866,13.830887],[77.102612,13.849672],[77.124006,13.870239],[77.12783,13.890677],[77.14354,13.910702],[77.152738,13.888145],[77.182297,13.888739],[77.205965,13.886336],[77.230769,13.866105],[77.258261,13.86688],[77.281619,13.852462],[77.30198,13.84807],[77.335156,13.847269],[77.384042,13.846726],[77.398615,13.821663],[77.424763,13.797453],[77.430447,13.77611],[77.438405,13.753864],[77.440576,13.717897],[77.460833,13.703298],[77.487705,13.702058],[77.524808,13.724873],[77.551163,13.736862],[77.583823,13.738102],[77.591368,13.76115],[77.614002,13.779443],[77.64046,13.781717],[77.663095,13.76022],[77.682422,13.78934],[77.702989,13.812516],[77.729034,13.820733],[77.755285,13.844194],[77.775852,13.857087],[77.791562,13.877448],[77.776163,13.903234],[77.773269,13.924396],[77.799624,13.941217],[77.838278,13.935041],[77.863909,13.920236],[77.888507,13.919332],[77.9037,13.941604],[77.926128,13.961577],[77.94132,13.920417],[77.915586,13.892253],[77.909178,13.872203],[77.912278,13.850369],[77.947315,13.859516],[77.971603,13.871324],[77.992067,13.866983],[78.032684,13.884734],[78.07971,13.856932],[78.091389,13.830112],[78.096763,13.809002],[78.09604,13.783681],[78.08219,13.753812],[78.091389,13.732754],[78.105445,13.708569],[78.084361,13.694875],[78.061416,13.698053],[78.060176,13.672318],[78.083947,13.653534],[78.109786,13.662526],[78.133867,13.653611],[78.168593,13.614311],[78.189057,13.600333],[78.212518,13.596225],[78.253653,13.58576],[78.279078,13.588551],[78.304192,13.599532],[78.327653,13.58775],[78.350804,13.591806],[78.373025,13.586225],[78.365274,13.551964],[78.362587,13.528554],[78.366928,13.500391],[78.36207,13.478738],[78.358556,13.457267],[78.361346,13.413393],[78.349874,13.387323],[78.359486,13.362415],[78.377366,13.337377],[78.409922,13.326655],[78.430593,13.318903],[78.452297,13.315647],[78.505627,13.282316],[78.529708,13.280843],[78.553583,13.301798],[78.568362,13.274823],[78.565675,13.239683],[78.564952,13.217876],[78.55658,13.184984],[78.546141,13.164184],[78.52361,13.138707],[78.518856,13.103722],[78.511518,13.077212],[78.477308,13.052563],[78.462839,13.030833],[78.457051,13.008173],[78.441548,12.97988],[78.415813,12.948202],[78.415917,12.92686],[78.448576,12.910246],[78.463252,12.889937],[78.4678,12.867664],[78.439998,12.867458],[78.377986,12.911124],[78.352768,12.91624],[78.340366,12.876269],[78.318972,12.858259],[78.29303,12.847872],[78.267502,12.855469],[78.247245,12.855753],[78.241044,12.828235],[78.248072,12.801777],[78.245695,12.781701],[78.229572,12.759893],[78.163839,12.775293],[78.133247,12.790512],[78.089012,12.826039],[78.056249,12.845935],[78.029584,12.848699],[78.013564,12.827589],[78.002092,12.807151],[77.975737,12.808805],[77.947935,12.835703],[77.926438,12.860921],[77.904837,12.871463],[77.845822,12.87154],[77.801277,12.856554],[77.789805,12.810743],[77.77823,12.788057],[77.760246,12.762761],[77.757456,12.739404],[77.765311,12.718733],[77.74433,12.706899],[77.701128,12.68212],[77.678597,12.676177],[77.650796,12.681604],[77.609351,12.672793],[77.585787,12.624088],[77.571834,12.581765],[77.568733,12.55957],[77.576278,12.539157],[77.574728,12.500064],[77.602426,12.495258],[77.618859,12.46663],[77.604597,12.405781],[77.590644,12.378237],[77.572144,12.357954],[77.529046,12.308215],[77.490082,12.28894],[77.466311,12.26473],[77.476543,12.241708],[77.478403,12.214552],[77.667849,12.203881],[77.698648,12.198015],[77.724486,12.184812],[77.765,12.129079],[77.765827,12.100683],[77.745467,12.074922],[77.717148,12.039033],[77.682628,11.996762],[77.670846,11.971311],[77.642321,11.954129],[77.517677,11.940357],[77.489772,11.92612],[77.468998,11.894701],[77.442746,11.828581],[77.418975,11.79574],[77.378977,11.790831],[77.353863,11.7837],[77.324821,11.787705],[77.298259,11.806437],[77.272007,11.816282],[77.247719,11.812406],[77.220951,11.802277],[77.172892,11.804189],[77.14509,11.800391],[77.121939,11.792536],[77.114808,11.765794],[77.082561,11.756776],[77.026544,11.814034],[76.997399,11.825919],[76.968047,11.814576],[76.93146,11.812018],[76.907688,11.800184],[76.868311,11.745614],[76.84423,11.704712],[76.832448,11.641874],[76.766922,11.640453],[76.605381,11.631177],[76.583367,11.631409],[76.556805,11.638773],[76.547194,11.663526],[76.549261,11.684481],[76.532207,11.709079],[76.503579,11.719156],[76.465338,11.71497],[76.439397,11.697633],[76.421413,11.677401],[76.400949,11.686341],[76.396402,11.725745],[76.382139,11.74918],[76.350203,11.743315],[76.316613,11.746854],[76.288088,11.768507],[76.265764,11.799538],[76.240649,11.810442],[76.218842,11.80437],[76.190316,11.84119],[76.167062,11.86261],[76.13895,11.867183],[76.115489,11.857494],[76.086343,11.871136],[76.084173,11.926688],[76.083553,11.950046],[76.055751,11.96374],[76.020714,11.951674],[75.98299,11.930874],[75.960563,11.928626],[75.904959,11.942553],[75.882635,11.942915],[75.846048,11.951105],[75.815249,11.967203],[75.782692,12.000224],[75.768843,12.027354],[75.765019,12.059058],[75.744555,12.07531],[75.722024,12.074354],[75.701664,12.077454],[75.671485,12.098435],[75.639755,12.099236],[75.618568,12.119028],[75.59335,12.142903],[75.552732,12.154891],[75.441628,12.278036],[75.419407,12.293203],[75.39822,12.292196],[75.38158,12.313848],[75.375172,12.343407],[75.357809,12.377901],[75.339722,12.404618],[75.340652,12.428673],[75.36246,12.450687],[75.366801,12.473787],[75.320085,12.47035],[75.29311,12.494328],[75.270889,12.513164],[75.251355,12.536909],[75.250632,12.56236],[75.270889,12.60073],[75.22531,12.61259],[75.20247,12.601298],[75.176425,12.599748],[75.155031,12.629074],[75.131569,12.631555],[75.110485,12.630005],[75.096946,12.653492],[75.101287,12.674782],[75.072142,12.698993],[75.04806,12.702455],[75.024806,12.686487],[75.002998,12.696435],[75.003102,12.716795],[74.974887,12.721834],[74.952872,12.74483],[74.949462,12.766224],[74.920109,12.779944],[74.897889,12.778755],[74.854259,12.765286]]]}},{"type":"Feature","properties":{"name":"Kerala","code":"IN-KL"},"geometry":{"type":"Polygon","coordinates":[[[75.222179,12.02204],[75.193696,12.022284],[75.180512,12.077297],[75.143809,12.161322],[75.13087,12.207831],[75.139659,12.241767],[75.11964,12.239],[75.098643,12.269029],[75.082856,12.305894],[75.018403,12.41474],[75.010997,12.435777],[74.992035,12.461737],[74.985362,12.49136],[74.955251,12.537258],[74.879649,12.725491],[74.855724,12.759426],[74.897889,12.778755],[74.920109,12.779944],[74.940677,12.77612],[74.952872,12.74483],[74.969305,12.723203],[74.9938,12.720102],[75.002998,12.696435],[75.024806,12.686487],[75.04806,12.702455],[75.072142,12.698993],[75.094776,12.686254],[75.097153,12.66039],[75.102424,12.639358],[75.124438,12.627912],[75.148933,12.63357],[75.1695,12.606518],[75.189757,12.596854],[75.212701,12.611737],[75.270889,12.60073],[75.264585,12.57869],[75.247015,12.551121],[75.264585,12.524352],[75.279674,12.502028],[75.304169,12.476861],[75.348507,12.478076],[75.368558,12.467095],[75.358119,12.445985],[75.339205,12.420534],[75.341582,12.396944],[75.368661,12.361106],[75.38158,12.313848],[75.393569,12.292971],[75.419407,12.293203],[75.441628,12.278036],[75.536609,12.168947],[75.582395,12.147269],[75.606062,12.135048],[75.624253,12.107866],[75.654018,12.103008],[75.693912,12.081976],[75.716443,12.074121],[75.744555,12.07531],[75.765019,12.059058],[75.768843,12.027354],[75.782692,12.000224],[75.815249,11.967203],[75.846048,11.951105],[75.882635,11.942915],[75.904959,11.942553],[75.960563,11.928626],[75.98299,11.930874],[76.020714,11.951674],[76.055751,11.96374],[76.080349,11.958986],[76.084173,11.926688],[76.080142,11.889766],[76.098746,11.860439],[76.122413,11.861447],[76.15497,11.866563],[76.17657,11.857029],[76.200135,11.822586],[76.224319,11.804319],[76.250674,11.810132],[76.288088,11.768507],[76.309172,11.749722],[76.335217,11.743211],[76.363846,11.748766],[76.38927,11.744012],[76.397332,11.705203],[76.415936,11.666833],[76.410665,11.646137],[76.386273,11.639703],[76.365809,11.622056],[76.351443,11.600378],[76.31558,11.586916],[76.277236,11.595339],[76.240752,11.603969],[76.232277,11.576968],[76.236618,11.552654],[76.23052,11.529142],[76.240752,11.504518],[76.256255,11.478447],[76.3008,11.470334],[76.409114,11.436822],[76.439397,11.412611],[76.461411,11.401294],[76.485182,11.392509],[76.516705,11.352098],[76.542749,11.337965],[76.533758,11.313134],[76.47371,11.270708],[76.444151,11.234095],[76.44105,11.21407],[76.466268,11.205234],[76.490453,11.213915],[76.531071,11.202753],[76.573445,11.205156],[76.641245,11.208644],[76.662639,11.215543],[76.691061,11.236343],[76.701293,11.212598],[76.689821,11.189162],[76.695608,11.162316],[76.719173,11.138726],[76.737156,11.086895],[76.754106,11.060281],[76.762581,11.036562],[76.737673,11.030257],[76.708734,11.0416],[76.68765,11.033461],[76.674421,11.002869],[76.673387,10.974938],[76.690441,10.933364],[76.719586,10.914037],[76.768989,10.899309],[76.819838,10.875951],[76.838959,10.850733],[76.84795,10.825438],[76.870585,10.80363],[76.889705,10.78004],[76.887328,10.758956],[76.878853,10.730405],[76.878543,10.693069],[76.863763,10.663587],[76.839269,10.654285],[76.821079,10.633176],[76.82666,10.551553],[76.822939,10.499334],[76.811674,10.468922],[76.808573,10.437115],[76.812914,10.415256],[76.831827,10.384741],[76.840509,10.360531],[76.837719,10.333762],[76.841543,10.310663],[76.869241,10.290406],[76.892909,10.270226],[76.912959,10.247256],[76.936731,10.233458],[76.956988,10.223459],[76.98634,10.231288],[77.020343,10.255033],[77.064578,10.296297],[77.087522,10.3095],[77.131757,10.325158],[77.167931,10.344718],[77.191495,10.351306],[77.211649,10.333711],[77.234904,10.293739],[77.247099,10.26511],[77.24865,10.24462],[77.260535,10.222193],[77.279035,10.191807],[77.227772,10.075949],[77.239554,10.025306],[77.260225,9.962209],[77.256711,9.936526],[77.229323,9.883402],[77.225912,9.858882],[77.23139,9.818677],[77.237694,9.796637],[77.23542,9.764676],[77.187671,9.612773],[77.189635,9.591275],[77.212476,9.581276],[77.238521,9.562957],[77.263222,9.557376],[77.308698,9.578718],[77.333916,9.580811],[77.360374,9.549779],[77.398615,9.499963],[77.403782,9.461077],[77.375877,9.43728],[77.363475,9.41617],[77.338877,9.344004],[77.312108,9.30088],[77.254541,9.122105],[77.229943,9.06415],[77.210099,9.035211],[77.173512,9.009915],[77.168034,8.984232],[77.191392,8.921161],[77.202554,8.89416],[77.235834,8.87119],[77.253404,8.850726],[77.23542,8.784141],[77.192116,8.718512],[77.178886,8.695232],[77.183744,8.673889],[77.185914,8.649059],[77.196043,8.62105],[77.250923,8.575291],[77.274798,8.54674],[77.278829,8.526405],[77.262912,8.495916],[77.232733,8.469458],[77.212476,8.478217],[77.205965,8.456203],[77.21413,8.427574],[77.203484,8.393571],[77.181987,8.368353],[77.170825,8.348044],[77.167311,8.32081],[77.154702,8.295902],[77.12721,8.295127],[76.99586,8.368109],[76.962576,8.40469],[76.880138,8.520697],[76.826508,8.56981],[76.813731,8.601264],[76.74171,8.684516],[76.731293,8.707953],[76.695649,8.739814],[76.66033,8.79975],[76.558604,8.890692],[76.543956,8.912502],[76.573253,8.904446],[76.609874,8.917955],[76.581554,8.919908],[76.573985,8.942572],[76.593272,8.968207],[76.657563,8.966376],[76.634288,8.986884],[76.656505,8.995063],[76.632091,9.002346],[76.606456,8.989407],[76.582774,9.000556],[76.565929,8.963284],[76.56544,8.99433],[76.538829,8.972602],[76.538097,8.939114],[76.521495,8.96133],[76.516856,8.990627],[76.500173,9.022284],[76.489268,9.055569],[76.46046,9.114936],[76.462413,9.138332],[76.469086,9.116604],[76.482758,9.17182],[76.469086,9.151353],[76.44337,9.212144],[76.428233,9.245347],[76.446788,9.159613],[76.362966,9.325181],[76.311778,9.492987],[76.291026,9.633205],[76.29713,9.658433],[76.277354,9.809272],[76.253184,9.883734],[76.240245,9.939399],[76.251475,9.963121],[76.284679,9.928534],[76.285655,9.904364],[76.262218,9.911566],[76.26059,9.884711],[76.28419,9.891181],[76.288259,9.861233],[76.308604,9.879625],[76.338878,9.699408],[76.347341,9.726874],[76.337576,9.789252],[76.346202,9.816107],[76.323985,9.846177],[76.332693,9.870754],[76.353038,9.82982],[76.361095,9.80386],[76.358653,9.781806],[76.368012,9.715562],[76.377126,9.695502],[76.392426,9.662828],[76.379161,9.637763],[76.353282,9.535346],[76.37672,9.514472],[76.425792,9.505276],[76.458995,9.497301],[76.503266,9.53498],[76.466563,9.556383],[76.428233,9.555406],[76.406993,9.569078],[76.419688,9.594184],[76.419607,9.614488],[76.41505,9.636176],[76.414561,9.682685],[76.402599,9.710598],[76.394786,9.735175],[76.390798,9.756985],[76.380382,9.785102],[76.391287,9.812201],[76.394054,9.842841],[76.36378,9.899237],[76.320811,9.953315],[76.294281,9.951321],[76.278168,9.977932],[76.269298,10.016262],[76.255056,10.047675],[76.245128,10.1022],[76.222911,10.117621],[76.215343,10.138251],[76.20753,10.117133],[76.223481,10.082099],[76.230968,10.025824],[76.235037,10.005072],[76.21461,10.024482],[76.182384,10.105658],[76.184906,10.13581],[76.177501,10.17064],[76.224132,10.196926],[76.237315,10.216986],[76.240245,10.238959],[76.21339,10.253241],[76.209483,10.21601],[76.184093,10.189358],[76.160492,10.206244],[76.138194,10.261054],[76.120616,10.343573],[76.10613,10.38467],[76.070079,10.432807],[76.063324,10.47016],[76.052419,10.513983],[76.018728,10.553412],[75.999685,10.605536],[75.939138,10.72606],[75.93214,10.750963],[75.921072,10.775702],[75.94158,10.79621],[75.911143,10.809231],[75.894542,10.849758],[75.880138,10.932685],[75.832774,11.097846],[75.742931,11.310126],[75.730805,11.331732],[75.742442,11.35871],[75.722179,11.367499],[75.69516,11.419989],[75.677094,11.4501],[75.650157,11.46776],[75.630138,11.468736],[75.608897,11.484931],[75.606293,11.505316],[75.581879,11.549791],[75.530772,11.693671],[75.506114,11.72724],[75.379731,11.864976],[75.355805,11.857652],[75.324555,11.899115],[75.307628,11.932196],[75.400238,11.920233],[75.382823,11.945502],[75.393403,11.97484],[75.361339,11.951239],[75.331716,11.94953],[75.302257,11.966051],[75.278819,12.003241],[75.314708,12.008368],[75.305593,12.041775],[75.301688,12.069755],[75.309543,12.093707],[75.330524,12.103138],[75.357912,12.112853],[75.382304,12.129079],[75.354192,12.135203],[75.322462,12.143393],[75.302618,12.123033],[75.281845,12.10908],[75.258073,12.10461],[75.222933,12.100166],[75.221797,12.038645],[75.222179,12.02204]]]}},{"type":"Feature","properties":{"name":"Puducherry","code":"IN-PY"},"geometry":{"type":"MultiPolygon","coordinates":[[[[75.30421,12.043158],[75.264334,12.013332],[75.276703,11.967434],[75.245616,12.002916],[75.224457,12.019355],[75.222933,12.100166],[75.258073,12.10461],[75.281845,12.10908],[75.302618,12.123033],[75.322462,12.143393],[75.354192,12.135203],[75.381477,12.147579],[75.371762,12.120475],[75.3483,12.104249],[75.323909,12.10691],[75.301688,12.069755],[75.30421,12.043158]]],[[[79.846688,10.979834],[79.840668,10.950141],[79.847341,10.809638],[79.814591,10.818694],[79.7933,10.845101],[79.803429,10.865177],[79.774387,10.871843],[79.750202,10.883522],[79.72116,10.899697],[79.706071,10.921298],[79.704314,10.943622],[79.732632,10.941115],[79.739764,10.968271],[79.777281,10.971811],[79.806116,10.985428],[79.846688,10.979834]]],[[[79.849561,11.955176],[79.844981,11.933254],[79.820323,11.878648],[79.810869,11.832977],[79.777177,11.832353],[79.75599,11.836539],[79.735836,11.838399],[79.714339,11.854651],[79.70545,11.879069],[79.711032,11.905398],[79.693462,11.930151],[79.690671,11.953741],[79.670724,11.975858],[79.68602,11.99994],[79.707104,11.98932],[79.731185,11.972939],[79.760848,11.978132],[79.768289,11.957022],[79.754336,11.933871],[79.777797,11.914157],[79.811387,11.936326],[79.849008,11.955085],[79.849561,11.955176]]],[[[82.221783,16.750296],[82.217442,16.722959],[82.263331,16.719652],[82.287102,16.737687],[82.301364,16.717662],[82.271392,16.708515],[82.248654,16.69216],[82.224677,16.703658],[82.201319,16.706577],[82.177651,16.718592],[82.199148,16.738462],[82.221783,16.750296]]]]}},{"type":"Feature","properties":{"name":"Tamil Nadu","code":"IN-TN"},"geometry":{"type":"MultiPolygon","coordinates":[[[[79.847341,10.809638],[79.849864,10.755194],[79.850271,10.592108],[79.85963,10.551459],[79.86378,10.37873],[79.8567,10.29328],[79.834321,10.278754],[79.795095,10.269232],[79.78004,10.296617],[79.757091,10.309068],[79.633149,10.328599],[79.661794,10.307074],[79.684581,10.298733],[79.730805,10.289049],[79.758962,10.282213],[79.772472,10.261705],[79.580089,10.295885],[79.556651,10.298651],[79.604015,10.329088],[79.567719,10.335883],[79.528575,10.338324],[79.511485,10.316596],[79.459727,10.308295],[79.437266,10.309556],[79.411957,10.32099],[79.385509,10.320136],[79.36378,10.301907],[79.304942,10.268134],[79.272227,10.234442],[79.270681,10.20954],[79.248302,10.189195],[79.236339,10.166571],[79.244314,10.084947],[79.254161,10.054267],[79.279063,10.035834],[79.240733,10.010565],[79.200369,9.970282],[79.141856,9.891181],[79.121349,9.850246],[79.103526,9.830146],[79.094086,9.802314],[79.07781,9.782172],[79.038829,9.747219],[78.980805,9.667182],[78.977306,9.637926],[78.956798,9.617499],[78.938324,9.583686],[78.931488,9.561672],[78.925304,9.513617],[78.913259,9.47427],[78.915294,9.45303],[78.933442,9.416449],[78.959727,9.384955],[79.039887,9.314683],[79.074718,9.299872],[79.115571,9.291246],[79.25172,9.28852],[79.273774,9.296698],[79.29713,9.312649],[79.320079,9.32331],[79.341075,9.315863],[79.336681,9.290473],[79.335704,9.267646],[79.353526,9.240912],[79.438243,9.176337],[79.440278,9.151353],[79.361013,9.213446],[79.292735,9.250312],[79.232432,9.25788],[79.20102,9.266506],[79.165375,9.274237],[79.129405,9.256334],[79.098643,9.257229],[79.060802,9.264594],[79.025727,9.273749],[78.988943,9.278266],[78.956798,9.274848],[78.928966,9.253811],[78.90447,9.253567],[78.861013,9.248969],[78.815196,9.22842],[78.77711,9.219387],[78.751964,9.200588],[78.727794,9.187445],[78.67628,9.184149],[78.655121,9.161566],[78.634776,9.144599],[78.48585,9.124823],[78.44988,9.116604],[78.41212,9.09984],[78.377452,9.07746],[78.239757,8.965562],[78.217621,8.938951],[78.182791,8.877102],[78.17449,8.79442],[78.170421,8.771877],[78.20045,8.76968],[78.186534,8.74494],[78.164806,8.726508],[78.154959,8.698879],[78.136729,8.669867],[78.114594,8.657904],[78.135509,8.6258],[78.142345,8.593085],[78.128266,8.488023],[78.114594,8.466132],[78.087169,8.440497],[78.062755,8.373196],[78.038829,8.360907],[77.999766,8.344916],[77.806163,8.228664],[77.768321,8.181545],[77.643809,8.155707],[77.595225,8.138983],[77.561046,8.114569],[77.565278,8.082506],[77.510916,8.075995],[77.449718,8.08747],[77.315603,8.127753],[77.294688,8.14704],[77.26295,8.168402],[77.238943,8.175116],[77.128754,8.271796],[77.118528,8.293499],[77.14602,8.293112],[77.167104,8.314351],[77.166071,8.336933],[77.181987,8.368353],[77.203484,8.393571],[77.215887,8.418789],[77.205965,8.456203],[77.206068,8.478914],[77.232733,8.469458],[77.262912,8.495916],[77.278829,8.526405],[77.274798,8.54674],[77.250923,8.575291],[77.203794,8.611981],[77.187671,8.63937],[77.185294,8.66575],[77.178886,8.695232],[77.192116,8.718512],[77.23542,8.784141],[77.25268,8.839926],[77.243999,8.864756],[77.21754,8.881293],[77.191392,8.921161],[77.168034,8.984232],[77.173512,9.009915],[77.210099,9.035211],[77.229943,9.06415],[77.254541,9.122105],[77.312108,9.30088],[77.338877,9.344004],[77.363475,9.41617],[77.375877,9.43728],[77.403782,9.461077],[77.404506,9.486372],[77.367609,9.536498],[77.352519,9.568693],[77.316139,9.580268],[77.263222,9.557376],[77.238521,9.562957],[77.212476,9.581276],[77.189635,9.591275],[77.187671,9.612773],[77.23542,9.764676],[77.237694,9.796637],[77.23139,9.818677],[77.225912,9.858882],[77.229323,9.883402],[77.256711,9.936526],[77.260225,9.962209],[77.239554,10.025306],[77.224258,10.05781],[77.274798,10.173565],[77.279139,10.202892],[77.254541,10.230668],[77.247099,10.26511],[77.234904,10.293739],[77.211649,10.333711],[77.191495,10.351306],[77.167931,10.344718],[77.131757,10.325158],[77.087522,10.3095],[77.064578,10.296297],[77.020343,10.255033],[76.98634,10.231288],[76.956988,10.223459],[76.936731,10.233458],[76.912959,10.247256],[76.892909,10.270226],[76.869241,10.290406],[76.848881,10.303118],[76.837719,10.333762],[76.840509,10.360531],[76.831827,10.384741],[76.817565,10.405076],[76.810123,10.425255],[76.811674,10.468922],[76.821389,10.490962],[76.82666,10.551553],[76.821079,10.633176],[76.839269,10.654285],[76.863763,10.663587],[76.878543,10.693069],[76.878853,10.730405],[76.887328,10.758956],[76.889705,10.78004],[76.878026,10.801072],[76.854358,10.814896],[76.838959,10.850733],[76.819838,10.875951],[76.768989,10.899309],[76.719586,10.914037],[76.690441,10.933364],[76.677522,10.956257],[76.672457,10.989304],[76.678452,11.017235],[76.692921,11.038267],[76.717933,11.03912],[76.746458,11.02894],[76.767542,11.046096],[76.745528,11.070617],[76.726304,11.12175],[76.710284,11.149992],[76.68858,11.173814],[76.696332,11.200479],[76.703773,11.230762],[76.662639,11.215543],[76.641245,11.208644],[76.573445,11.205156],[76.550294,11.200324],[76.506886,11.213373],[76.466268,11.205234],[76.44105,11.21407],[76.444151,11.234095],[76.464821,11.262259],[76.533758,11.313134],[76.542749,11.337965],[76.516705,11.352098],[76.495414,11.384758],[76.47278,11.39809],[76.448182,11.406333],[76.418933,11.431628],[76.3008,11.470334],[76.256255,11.478447],[76.241579,11.498782],[76.233001,11.522191],[76.236618,11.552654],[76.232277,11.576968],[76.240752,11.603969],[76.266074,11.600843],[76.299457,11.587536],[76.339248,11.591489],[76.360435,11.611979],[76.386273,11.639703],[76.410665,11.646137],[76.415936,11.666833],[76.430818,11.689442],[76.451282,11.706624],[76.483735,11.719543],[76.532207,11.709079],[76.549261,11.684481],[76.547194,11.663526],[76.556805,11.638773],[76.583367,11.631409],[76.605381,11.631177],[76.750799,11.642339],[76.820769,11.625596],[76.84423,11.704712],[76.868311,11.745614],[76.907688,11.800184],[76.93146,11.812018],[76.953164,11.812768],[76.987477,11.823155],[77.012695,11.821966],[77.082561,11.756776],[77.107366,11.752745],[77.118735,11.786413],[77.14509,11.800391],[77.172892,11.804189],[77.220951,11.802277],[77.247719,11.812406],[77.272007,11.816282],[77.298259,11.806437],[77.324821,11.787705],[77.353863,11.7837],[77.378977,11.790831],[77.408123,11.791606],[77.433858,11.811527],[77.46197,11.882402],[77.484914,11.915578],[77.505895,11.935189],[77.62289,11.949736],[77.651106,11.957901],[77.682628,11.996762],[77.717148,12.039033],[77.736165,12.065698],[77.759419,12.088358],[77.768101,12.110036],[77.736785,12.174089],[77.698648,12.198015],[77.667849,12.203881],[77.492149,12.205457],[77.48047,12.231502],[77.46476,12.261526],[77.479953,12.282532],[77.529046,12.308215],[77.560775,12.339661],[77.590644,12.378237],[77.604597,12.405781],[77.618859,12.46663],[77.615449,12.491977],[77.593848,12.492804],[77.581136,12.519159],[77.571214,12.545281],[77.571834,12.581765],[77.585787,12.624088],[77.609351,12.672793],[77.632812,12.681216],[77.669089,12.677108],[77.68976,12.67796],[77.74433,12.706899],[77.765311,12.718733],[77.757456,12.739404],[77.760246,12.762761],[77.77823,12.788057],[77.789805,12.810743],[77.801277,12.856554],[77.845822,12.87154],[77.895018,12.87278],[77.926438,12.860921],[77.947935,12.835703],[77.975737,12.808805],[78.002092,12.807151],[78.013564,12.827589],[78.029584,12.848699],[78.056249,12.845935],[78.089012,12.826039],[78.133247,12.790512],[78.163839,12.775293],[78.229572,12.759893],[78.274427,12.697442],[78.299128,12.675015],[78.352768,12.641503],[78.378916,12.63388],[78.419121,12.63264],[78.447439,12.643518],[78.490641,12.688347],[78.497255,12.71863],[78.497772,12.740024],[78.524541,12.73421],[78.571463,12.764596],[78.61053,12.849939],[78.628204,12.91624],[78.637712,12.944197],[78.639262,12.972335],[78.654455,13.006338],[78.682981,13.018301],[78.703651,13.025846],[78.7175,13.052408],[78.776928,13.065895],[78.799873,13.072872],[78.85868,13.080468],[78.878524,13.051943],[78.901365,13.037809],[78.922449,13.054578],[78.930821,13.087005],[78.961206,13.093232],[78.985804,13.089408],[79.008232,13.062097],[79.046266,13.050289],[79.06642,13.040987],[79.092361,13.033933],[79.113962,13.039437],[79.149825,13.042383],[79.172253,13.051839],[79.204396,13.087961],[79.239329,13.137984],[79.262894,13.150619],[79.287078,13.140103],[79.31488,13.131989],[79.350537,13.170023],[79.378649,13.198213],[79.420197,13.219994],[79.427328,13.243559],[79.425468,13.268157],[79.437146,13.296476],[79.440764,13.321539],[79.466912,13.337248],[79.490683,13.339884],[79.522206,13.336241],[79.54422,13.323528],[79.564064,13.294073],[79.600444,13.277459],[79.667933,13.291282],[79.688501,13.282936],[79.691291,13.257072],[79.696769,13.235807],[79.72085,13.222527],[79.755887,13.224103],[79.77604,13.220821],[79.7902,13.241931],[79.766325,13.260586],[79.75475,13.285262],[79.77573,13.298258],[79.798675,13.291928],[79.873296,13.317198],[79.956701,13.365774],[79.965176,13.387555],[79.960112,13.407632],[79.9844,13.443702],[80.019953,13.465225],[80.042898,13.471788],[80.054887,13.492071],[80.034423,13.512561],[80.034113,13.534135],[80.069666,13.519382],[80.10863,13.512121],[80.106563,13.487833],[80.097571,13.463752],[80.136639,13.45967],[80.202268,13.448482],[80.225625,13.4506],[80.259215,13.466],[80.27475,13.440009],[80.306895,13.413031],[80.326996,13.430365],[80.344005,13.375434],[80.34783,13.349066],[80.345551,13.321234],[80.336274,13.270941],[80.334158,13.242906],[80.313731,13.215033],[80.334158,13.221177],[80.332774,13.198147],[80.313813,13.164293],[80.30714,13.135647],[80.313731,13.10578],[80.289724,13.076728],[80.282725,13.029364],[80.269054,12.957261],[80.263194,12.835354],[80.25172,12.762519],[80.233653,12.711005],[80.228689,12.674994],[80.203868,12.632148],[80.185069,12.567125],[80.18336,12.54682],[80.156016,12.474514],[80.121267,12.416815],[80.095958,12.36225],[80.063731,12.33747],[80.025727,12.276516],[80.005138,12.256049],[79.952159,12.229926],[79.973806,12.222398],[80.005138,12.241767],[79.947602,12.153632],[79.927501,12.129869],[79.896983,12.068752],[79.870128,12.037421],[79.860525,12.011542],[79.861827,11.977973],[79.849561,11.955176],[79.825857,11.947075],[79.79113,11.916818],[79.767255,11.925293],[79.768289,11.957022],[79.768599,11.977486],[79.731185,11.972939],[79.707104,11.98932],[79.68664,12.000482],[79.670724,11.975858],[79.690671,11.953741],[79.693462,11.930151],[79.711032,11.905398],[79.70545,11.879069],[79.703073,11.858114],[79.727051,11.841629],[79.750616,11.838373],[79.777177,11.832353],[79.804152,11.832741],[79.803233,11.796088],[79.785899,11.769192],[79.7671,11.673651],[79.763438,11.634263],[79.754161,11.596991],[79.751964,11.576972],[79.757335,11.536078],[79.780772,11.465074],[79.785981,11.426174],[79.797618,11.44831],[79.821951,11.391059],[79.782725,11.378892],[79.7588,11.378363],[79.684337,11.312201],[79.742035,11.335598],[79.759288,11.358344],[79.796886,11.359036],[79.823741,11.346666],[79.834972,11.263861],[79.855317,11.159857],[79.852224,11.006985],[79.846688,10.979834],[79.824926,10.984756],[79.789993,10.97592],[79.757644,10.980622],[79.73749,10.986229],[79.743278,10.95959],[79.720747,10.951683],[79.714442,10.929049],[79.712375,10.903779],[79.73997,10.895692],[79.767359,10.88856],[79.78989,10.874737],[79.796298,10.854454],[79.80746,10.830425],[79.840223,10.809108],[79.847341,10.809638]]],[[[80.288097,13.527086],[80.309581,13.479315],[80.313731,13.440904],[80.277749,13.512516],[80.288097,13.527086]]]]}},{"type":"Feature","properties":{"name":"Lakshadweep","code":"IN-LD"},"geometry":{"type":"MultiPolygon","coordinates":[[[[73.646332,10.084703],[73.637055,10.062567],[73.637462,10.087063],[73.646332,10.084703]]],[[[73.662283,10.144599],[73.662201,10.144517],[73.66033,10.142524],[73.659353,10.13996],[73.657888,10.139065],[73.654633,10.141506],[73.65561,10.144761],[73.657481,10.145087],[73.659679,10.144355],[73.662283,10.144599]]],[[[72.64975,10.566881],[72.627533,10.554796],[72.648611,10.573961],[72.64975,10.566881]]],[[[72.548839,10.779446],[72.548757,10.779324],[72.541189,10.772895],[72.540863,10.776516],[72.542491,10.777899],[72.545421,10.778306],[72.548839,10.779446]]],[[[73.671397,10.829739],[73.681244,10.82807],[73.684418,10.827541],[73.67628,10.824368],[73.672862,10.824693],[73.671886,10.827094],[73.671397,10.829657],[73.671397,10.829739]]],[[[72.750011,11.119086],[72.747569,11.115424],[72.746755,11.111965],[72.744965,11.109524],[72.739513,11.108832],[72.739513,11.113959],[72.742035,11.115953],[72.745779,11.116889],[72.750011,11.119086]]],[[[73.013194,11.502183],[73.005626,11.479641],[73.007091,11.501288],[73.013194,11.502183]]],[[[72.716156,11.694159],[72.716075,11.694078],[72.708669,11.689154],[72.705251,11.687323],[72.701101,11.686428],[72.700938,11.686428],[72.705089,11.692328],[72.709239,11.694159],[72.716156,11.694159]]],[[[73.077159,8.315253],[73.066091,8.270453],[73.044688,8.252427],[73.024099,8.255439],[73.04835,8.267564],[73.073009,8.295396],[73.077159,8.315253]]],[[[72.172699,10.809231],[72.172618,10.829983],[72.185151,10.858303],[72.188162,10.836127],[72.172699,10.809231]]],[[[72.789073,11.261664],[72.787934,11.232245],[72.775483,11.186754],[72.774181,11.222886],[72.789073,11.261664]]]]}},{"type":"Feature","properties":{"name":"Andaman and Nicobar","code":"IN-AN"},"geometry":{"type":"MultiPolygon","coordinates":[[[[93.872813,12.268866],[93.85377,12.260565],[93.851899,12.271552],[93.860606,12.281195],[93.872813,12.268866]]],[[[94.280935,13.443549],[94.290782,13.422919],[94.261892,13.429267],[94.280935,13.443549]]],[[[93.920258,7.024319],[93.929861,6.959052],[93.921072,6.933824],[93.893565,6.876776],[93.889415,6.841783],[93.904145,6.819241],[93.880056,6.800442],[93.859386,6.804267],[93.834239,6.745551],[93.812673,6.753974],[93.813243,6.788031],[93.813731,6.808295],[93.792166,6.825873],[93.793224,6.849189],[93.773123,6.877997],[93.766124,6.901109],[93.76531,6.924302],[93.737478,6.943264],[93.72877,6.970526],[93.71754,6.992621],[93.684337,7.020901],[93.649181,7.013088],[93.649669,7.119615],[93.676443,7.181871],[93.70753,7.184394],[93.730154,7.202216],[93.76531,7.219143],[93.797618,7.234605],[93.830821,7.235907],[93.855317,7.214179],[93.870372,7.180569],[93.880626,7.144273],[93.883149,7.104722],[93.903087,7.060858],[93.912934,7.035102],[93.920258,7.024319]]],[[[93.731212,7.369371],[93.728526,7.337104],[93.696951,7.314765],[93.644216,7.257514],[93.617931,7.259955],[93.615082,7.287421],[93.594005,7.314765],[93.610362,7.347317],[93.638682,7.376166],[93.667247,7.382758],[93.683767,7.421698],[93.696951,7.445054],[93.696951,7.417792],[93.709483,7.388739],[93.731212,7.369371]]],[[[93.429454,7.955268],[93.459809,7.910793],[93.457367,7.880194],[93.43686,7.883287],[93.41505,7.892239],[93.389171,7.88581],[93.367849,7.878607],[93.344981,7.891343],[93.341075,7.912584],[93.31365,7.929185],[93.305024,7.949937],[93.313324,7.989732],[93.344412,8.012112],[93.370291,8.01732],[93.391368,8.01557],[93.396007,7.976386],[93.424164,7.959866],[93.429454,7.955268]]],[[[93.565929,7.999335],[93.574229,7.968817],[93.573985,7.924872],[93.518321,7.965806],[93.511485,7.99551],[93.539317,7.999335],[93.54835,8.020087],[93.565929,7.999335]]],[[[93.531912,8.034735],[93.509776,8.018541],[93.494965,7.996283],[93.477306,8.030992],[93.497813,8.061998],[93.497813,8.082506],[93.466319,8.074408],[93.446625,8.154364],[93.465099,8.183295],[93.477306,8.209133],[93.504649,8.226996],[93.531668,8.213202],[93.521495,8.179104],[93.505219,8.14704],[93.525157,8.095038],[93.537608,8.057318],[93.531912,8.034735]]],[[[93.134532,8.24018],[93.160818,8.228746],[93.167328,8.204535],[93.124685,8.212877],[93.10255,8.221503],[93.081554,8.242377],[93.065766,8.268134],[93.059581,8.291409],[93.06129,8.320746],[93.069835,8.346625],[93.095063,8.35517],[93.100759,8.299262],[93.104015,8.27558],[93.134532,8.24018]]],[[[93.607677,8.548041],[93.621755,8.520087],[93.628184,8.486558],[93.618337,8.453925],[93.607107,8.49079],[93.595551,8.541734],[93.607677,8.569159],[93.607677,8.548041]]],[[[92.811373,9.23117],[92.833849,9.202359],[92.831981,9.145025],[92.799565,9.110154],[92.731212,9.130845],[92.711681,9.175116],[92.708507,9.201606],[92.729259,9.217841],[92.754405,9.244452],[92.795272,9.240818],[92.811373,9.23117]]],[[[92.585092,10.771269],[92.586986,10.736294],[92.598059,10.709302],[92.595908,10.678364],[92.574492,10.655484],[92.551056,10.634603],[92.54176,10.59172],[92.574213,10.580624],[92.546675,10.547781],[92.535423,10.524861],[92.513027,10.507969],[92.479558,10.516073],[92.444139,10.545143],[92.421788,10.546203],[92.384111,10.529328],[92.402557,10.575206],[92.413855,10.606117],[92.417003,10.629059],[92.390674,10.663085],[92.378586,10.718071],[92.378671,10.750037],[92.37568,10.775031],[92.407265,10.789891],[92.422598,10.822836],[92.428966,10.850816],[92.482796,10.885622],[92.527592,10.895466],[92.54888,10.874373],[92.56506,10.849308],[92.567981,10.815301],[92.582116,10.790261],[92.585092,10.771269]]],[[[92.676524,11.412543],[92.696788,11.391791],[92.682791,11.371527],[92.646007,11.359076],[92.61964,11.360745],[92.593516,11.378363],[92.598969,11.401313],[92.623871,11.412502],[92.635265,11.447008],[92.627615,11.477362],[92.63559,11.508043],[92.675059,11.490424],[92.689708,11.46776],[92.689708,11.442532],[92.676524,11.412543]]],[[[92.266775,11.589545],[92.286876,11.563178],[92.273204,11.531073],[92.252126,11.529242],[92.230235,11.577338],[92.217296,11.59809],[92.254893,11.593817],[92.266775,11.589545]]],[[[93.042491,11.961168],[93.066417,11.899115],[93.035411,11.911933],[93.024913,11.940131],[93.001313,11.949205],[92.980235,11.96369],[92.953136,11.981106],[92.957205,12.008694],[92.980724,12.036322],[93.014659,12.037177],[93.018565,12.015815],[93.040375,11.969062],[93.042491,11.961168]]],[[[93.103282,12.190497],[93.096202,12.158759],[93.102306,12.119534],[93.094249,12.090969],[93.074229,12.110338],[93.059581,12.138739],[93.061534,12.172309],[93.073253,12.200832],[93.098481,12.199408],[93.103282,12.190497]]],[[[92.733084,12.97248],[92.732188,12.945705],[92.729991,12.895209],[92.724376,12.872382],[92.701508,12.844428],[92.696544,12.8133],[92.670258,12.867662],[92.677745,12.890367],[92.684906,12.945054],[92.695079,12.973456],[92.71697,12.988471],[92.733084,12.97248]]],[[[93.052745,13.283881],[93.075694,13.26911],[93.056895,13.224799],[93.052582,13.196967],[93.052745,13.133043],[93.048106,13.103705],[93.036794,13.062161],[93.019542,13.033637],[92.998057,13.043687],[92.970876,13.030748],[92.966563,13.07217],[92.937022,13.067084],[92.928396,13.027493],[92.950694,12.993638],[92.952647,12.970771],[92.927419,12.981024],[92.905284,12.982245],[92.880707,12.930406],[92.884532,12.903469],[92.905528,12.906073],[92.928233,12.905341],[92.964041,12.864936],[92.965831,12.825629],[92.968028,12.803168],[92.956554,12.783026],[92.984386,12.745103],[92.990489,12.724311],[92.990571,12.701117],[92.976817,12.654934],[92.972911,12.628119],[92.989024,12.592108],[92.991547,12.567084],[92.990571,12.519232],[92.964854,12.491034],[92.970225,12.468329],[92.949718,12.446967],[92.936046,12.419908],[92.915863,12.440863],[92.89503,12.454657],[92.901866,12.433539],[92.873302,12.431383],[92.84669,12.433539],[92.863617,12.385484],[92.894054,12.368109],[92.901866,12.344794],[92.89503,12.323676],[92.885753,12.295559],[92.901866,12.269029],[92.879893,12.243598],[92.892589,12.214545],[92.872569,12.201483],[92.864024,12.171536],[92.842947,12.156195],[92.833669,12.125678],[92.806407,12.10456],[92.783946,12.085883],[92.757498,12.07746],[92.792654,12.036322],[92.771251,12.036078],[92.745616,11.996649],[92.737478,11.961168],[92.737478,11.878648],[92.749034,11.912258],[92.761974,11.940131],[92.787934,11.934516],[92.79949,11.899115],[92.796886,11.865139],[92.76002,11.708686],[92.734548,11.699286],[92.689952,11.660061],[92.682628,11.636949],[92.682791,11.61518],[92.706391,11.614488],[92.710704,11.659573],[92.731212,11.652737],[92.736013,11.68244],[92.758556,11.673245],[92.765636,11.629584],[92.747569,11.597846],[92.744884,11.557115],[92.735118,11.523871],[92.71697,11.494452],[92.689708,11.51557],[92.658946,11.546291],[92.654633,11.573798],[92.633556,11.582587],[92.621593,11.609361],[92.645681,11.629828],[92.61964,11.651313],[92.613455,11.674221],[92.607107,11.704535],[92.586762,11.71601],[92.563243,11.725572],[92.566661,11.7862],[92.566661,11.827135],[92.545665,11.840806],[92.525157,11.851304],[92.539724,11.894436],[92.562999,11.930162],[92.592133,11.905748],[92.614513,11.899115],[92.61085,11.87051],[92.624522,11.930162],[92.627289,11.95893],[92.621349,11.987942],[92.63738,12.025295],[92.640147,12.136135],[92.668224,12.200995],[92.689708,12.207668],[92.713064,12.232571],[92.724376,12.20425],[92.719493,12.176256],[92.741059,12.180325],[92.765391,12.180325],[92.788829,12.195543],[92.7824,12.248603],[92.761241,12.261176],[92.789399,12.279486],[92.786957,12.306301],[92.754731,12.310045],[92.733653,12.318061],[92.717784,12.362494],[92.72169,12.599433],[92.744802,12.63349],[92.775238,12.65176],[92.754731,12.677191],[92.744884,12.762519],[92.737478,12.807196],[92.748871,12.828111],[92.785655,12.840033],[92.809337,12.884508],[92.813243,12.90648],[92.813243,12.958075],[92.828136,12.985175],[92.830251,13.009508],[92.807953,13.020087],[92.809255,13.044745],[92.8296,13.103461],[92.848399,13.136705],[92.837657,13.16706],[92.842052,13.20775],[92.864024,13.2355],[92.849864,13.289008],[92.854177,13.310614],[92.847423,13.344916],[92.886892,13.393459],[92.895681,13.422838],[92.894542,13.447252],[92.901866,13.468248],[92.937999,13.50137],[92.945486,13.536933],[92.977224,13.553778],[92.997325,13.546698],[93.006521,13.568793],[93.031586,13.569078],[93.066417,13.537095],[93.055024,13.503079],[93.053722,13.471422],[93.059581,13.406806],[93.080089,13.413031],[93.057872,13.38288],[93.046886,13.357408],[93.017345,13.340481],[92.995128,13.357367],[92.97934,13.329779],[93.004568,13.311835],[93.025564,13.316148],[93.052745,13.283881]]],[[[93.039073,13.667467],[93.052745,13.640204],[93.019542,13.6494],[92.990571,13.667467],[93.019542,13.680121],[93.039073,13.667467]]]]}},{"type":"Feature","properties":{"name":"Jharkhand","code":"IN-JH"},"geometry":{"type":"Polygon","coordinates":[[[83.337063,24.140232],[83.360214,24.198342],[83.380575,24.232165],[83.407653,24.260716],[83.415818,24.288931],[83.420469,24.313917],[83.446824,24.345956],[83.452405,24.371278],[83.436075,24.398046],[83.415198,24.422334],[83.397938,24.457215],[83.394528,24.481452],[83.40693,24.502794],[83.437832,24.520933],[83.523099,24.529666],[83.6372,24.517212],[83.695905,24.506282],[83.750165,24.508375],[83.787889,24.537314],[83.808869,24.542507],[83.840599,24.536229],[83.879769,24.541345],[83.918423,24.543799],[83.953873,24.558889],[83.979091,24.582014],[84.011648,24.632812],[84.043894,24.623898],[84.075726,24.562144],[84.09557,24.504138],[84.119651,24.474165],[84.145386,24.476646],[84.150347,24.501657],[84.170501,24.497756],[84.181973,24.475741],[84.196132,24.510365],[84.224968,24.52039],[84.246879,24.526875],[84.26879,24.517651],[84.293284,24.533981],[84.314058,24.522896],[84.32522,24.470445],[84.314368,24.443134],[84.338759,24.420629],[84.366355,24.388124],[84.409659,24.36425],[84.434464,24.346499],[84.454618,24.320376],[84.484487,24.302858],[84.507535,24.303168],[84.539884,24.325983],[84.549599,24.352261],[84.573164,24.37182],[84.584222,24.39231],[84.612334,24.380734],[84.644891,24.375231],[84.675276,24.41143],[84.704318,24.443289],[84.747623,24.465148],[84.776976,24.482304],[84.798473,24.496593],[84.825551,24.484914],[84.835163,24.43794],[84.859451,24.436338],[84.88901,24.372828],[84.96146,24.348385],[84.981821,24.352803],[85.015411,24.371794],[85.080626,24.393318],[85.0829,24.35872],[85.135507,24.378254],[85.157727,24.395643],[85.160208,24.421326],[85.260977,24.461789],[85.280614,24.487265],[85.374562,24.499642],[85.438951,24.505197],[85.462515,24.506205],[85.495278,24.508065],[85.517085,24.499461],[85.556566,24.527935],[85.578374,24.557804],[85.602352,24.553308],[85.643693,24.55013],[85.6624,24.605734],[85.657439,24.626456],[85.64731,24.648573],[85.680796,24.658547],[85.693715,24.682163],[85.696919,24.711541],[85.708288,24.738645],[85.731853,24.766551],[85.830865,24.770917],[85.865901,24.751719],[85.911583,24.698467],[85.959332,24.703221],[86.001604,24.729111],[86.040154,24.749988],[86.03788,24.722367],[86.064546,24.706658],[86.097722,24.690483],[86.117669,24.597026],[86.136686,24.569586],[86.17441,24.552378],[86.213684,24.565607],[86.26226,24.553799],[86.290475,24.551551],[86.304634,24.500314],[86.272491,24.454451],[86.35507,24.395281],[86.416359,24.351873],[86.438683,24.340375],[86.461937,24.363139],[86.461214,24.383473],[86.486019,24.410474],[86.485192,24.445227],[86.49439,24.479798],[86.536248,24.515636],[86.585651,24.561447],[86.607355,24.561292],[86.628956,24.55292],[86.649213,24.542662],[86.689727,24.547778],[86.727968,24.560129],[86.737889,24.580851],[86.768068,24.584675],[86.813234,24.55416],[86.889922,24.531604],[86.889818,24.556796],[86.915346,24.597259],[86.961132,24.605191],[87.013118,24.586045],[87.042264,24.588396],[87.051875,24.618084],[87.069445,24.668055],[87.066655,24.699475],[87.077507,24.745337],[87.071202,24.770452],[87.085568,24.797892],[87.102622,24.827477],[87.119158,24.851145],[87.117298,24.970879],[87.12815,25.001627],[87.150887,25.031625],[87.174039,25.053872],[87.216723,25.072553],[87.25424,25.062915],[87.280699,25.13074],[87.291861,25.174252],[87.315219,25.187223],[87.337439,25.18823],[87.363794,25.196499],[87.392216,25.183993],[87.423429,25.18854],[87.436141,25.228796],[87.455675,25.251663],[87.470765,25.284168],[87.509109,25.314993],[87.535877,25.320031],[87.558098,25.311892],[87.581559,25.289904],[87.598715,25.266701],[87.65959,25.255074],[87.681191,25.245436],[87.72615,25.251611],[87.749611,25.248227],[87.770178,25.236987],[87.783717,25.214094],[87.779066,25.191977],[87.768731,25.15924],[87.776276,25.12472],[87.775139,25.1033],[87.79736,25.083741],[87.8356,25.047102],[87.858855,25.008887],[87.877458,24.938866],[87.880869,24.915508],[87.881902,24.891969],[87.866709,24.86241],[87.857924,24.800528],[87.830743,24.794818],[87.81741,24.767352],[87.853274,24.758437],[87.86795,24.736862],[87.876838,24.716192],[87.879008,24.694384],[87.895442,24.670303],[87.880662,24.65002],[87.873841,24.629789],[87.899989,24.620952],[87.888,24.597362],[87.864229,24.582712],[87.834877,24.579146],[87.811932,24.586536],[87.782167,24.599817],[87.757465,24.5993],[87.771728,24.578293],[87.787128,24.533826],[87.800047,24.50822],[87.794156,24.485767],[87.776276,24.464295],[87.77979,24.435486],[87.733798,24.334691],[87.691836,24.296553],[87.666102,24.280198],[87.631478,24.269372],[87.623313,24.239994],[87.628998,24.219607],[87.652769,24.21891],[87.661554,24.186198],[87.636129,24.178163],[87.605433,24.18209],[87.58683,24.149224],[87.57205,24.117572],[87.55169,24.1138],[87.529676,24.132972],[87.506628,24.140232],[87.492572,24.097909],[87.491228,24.055922],[87.472005,24.034063],[87.44658,24.0167],[87.417641,24.023934],[87.397177,24.023392],[87.33806,24.001843],[87.32452,24.030782],[87.316149,24.05109],[87.254757,24.046672],[87.227162,24.033701],[87.247109,24.00577],[87.256721,23.980707],[87.282972,23.954869],[87.282662,23.927945],[87.255791,23.909988],[87.248246,23.875959],[87.241218,23.850844],[87.213003,23.862911],[87.186027,23.872781],[87.165047,23.878465],[87.144686,23.878129],[87.146133,23.852705],[87.168457,23.829424],[87.131871,23.803121],[87.079677,23.815213],[87.056733,23.825549],[87.015599,23.859603],[86.979942,23.863867],[86.958961,23.873091],[86.907285,23.905776],[86.877209,23.913063],[86.859639,23.888155],[86.846307,23.868104],[86.821915,23.848932],[86.80972,23.818081],[86.815921,23.796377],[86.817885,23.750127],[86.799798,23.725529],[86.764038,23.71478],[86.646112,23.6969],[86.58317,23.677392],[86.542449,23.66021],[86.458527,23.638609],[86.410468,23.616569],[86.379875,23.598017],[86.348352,23.567942],[86.340911,23.542388],[86.340188,23.518332],[86.328095,23.497843],[86.302464,23.478076],[86.273008,23.453737],[86.242829,23.443582],[86.214304,23.449163],[86.184848,23.472263],[86.157666,23.483812],[86.134205,23.488282],[86.12356,23.514224],[86.134515,23.558872],[86.098342,23.578742],[86.056381,23.602513],[86.024651,23.606751],[86.002224,23.585641],[86.014419,23.538434],[86.004808,23.514224],[85.942486,23.502855],[85.919025,23.501796],[85.849468,23.493192],[85.828901,23.483063],[85.823113,23.453866],[85.84151,23.430095],[85.87851,23.428053],[85.889052,23.402577],[85.883368,23.36785],[85.87479,23.346766],[85.843991,23.307027],[85.832725,23.283127],[85.829831,23.260803],[85.839133,23.240623],[85.871172,23.210702],[85.8782,23.188792],[85.885538,23.166338],[85.942486,23.180343],[85.982587,23.175046],[86.020207,23.152592],[86.142474,23.028259],[86.163558,23.011051],[86.19291,23.007743],[86.218025,23.019887],[86.260503,23.01981],[86.314039,23.008596],[86.450465,23.004203],[86.47775,22.995522],[86.503072,22.992034],[86.483021,22.974179],[86.452842,22.968908],[86.414808,22.943458],[86.413878,22.915423],[86.411398,22.894882],[86.401889,22.872868],[86.400236,22.839356],[86.395585,22.812665],[86.399099,22.784966],[86.452325,22.745356],[86.482608,22.742411],[86.524362,22.729414],[86.586891,22.680683],[86.594642,22.632546],[86.611386,22.604254],[86.639601,22.591541],[86.685386,22.590792],[86.726521,22.571568],[86.749362,22.5448],[86.758973,22.518677],[86.721766,22.505888],[86.713602,22.482943],[86.72311,22.461963],[86.760937,22.44124],[86.789876,22.415635],[86.797731,22.365379],[86.816644,22.336389],[86.848374,22.310086],[86.833904,22.28833],[86.795767,22.285229],[86.772306,22.283911],[86.769205,22.257376],[86.733859,22.24673],[86.706677,22.23301],[86.686523,22.218024],[86.646629,22.234871],[86.602187,22.272853],[86.506069,22.330834],[86.471756,22.335071],[86.433722,22.323134],[86.401579,22.320007],[86.366026,22.330058],[86.332746,22.356672],[86.304738,22.397057],[86.268047,22.422404],[86.102476,22.500126],[86.064752,22.545885],[86.039844,22.556737],[86.005324,22.524414],[85.973595,22.514957],[85.945586,22.505603],[85.940625,22.468138],[85.974835,22.424601],[85.986514,22.393621],[85.993232,22.3352],[85.989925,22.300784],[85.971425,22.275178],[85.964603,22.24487],[85.986824,22.201694],[85.984654,22.172058],[85.976592,22.149785],[85.972975,22.118883],[85.971321,22.097695],[85.916234,22.022119],[85.877477,21.9961],[85.834275,21.986126],[85.784666,22.011887],[85.777638,22.039663],[85.778465,22.063822],[85.796552,22.096817],[85.801719,22.117022],[85.780429,22.125136],[85.755934,22.107152],[85.734333,22.096145],[85.705808,22.087463],[85.685344,22.077051],[85.655888,22.084699],[85.609586,22.09214],[85.550675,22.107591],[85.461068,22.158131],[85.43678,22.164229],[85.410012,22.162007],[85.379006,22.146969],[85.335081,22.132448],[85.277824,22.085319],[85.232038,22.035322],[85.20806,22.036743],[85.18708,22.05961],[85.109152,22.108496],[85.079489,22.119038],[85.050344,22.120898],[85.003215,22.106196],[84.992466,22.127642],[85.008899,22.151542],[85.040009,22.21637],[85.087758,22.280165],[85.09892,22.304685],[85.104707,22.330834],[85.104707,22.357499],[85.100367,22.393956],[85.087758,22.446615],[85.065537,22.5032],[85.038252,22.482401],[84.988022,22.452222],[84.952469,22.447416],[84.921463,22.424885],[84.878571,22.434031],[84.817593,22.448113],[84.778526,22.448346],[84.757442,22.435427],[84.733671,22.427288],[84.530066,22.423024],[84.508155,22.417004],[84.504951,22.392535],[84.497303,22.372201],[84.420822,22.330989],[84.310957,22.324012],[84.230859,22.357344],[84.195822,22.359772],[84.147763,22.386773],[84.130607,22.412147],[84.067045,22.499583],[84.036039,22.51829],[84.00741,22.531519],[83.970203,22.539348],[83.982605,22.574075],[84.013301,22.59999],[84.043584,22.628671],[84.092159,22.639988],[84.119031,22.648127],[84.139082,22.667015],[84.190965,22.70094],[84.218663,22.766569],[84.2352,22.789695],[84.260521,22.799436],[84.285223,22.823439],[84.324497,22.849691],[84.346511,22.873824],[84.353332,22.896484],[84.346201,22.920229],[84.332972,22.950279],[84.331008,22.970304],[84.291734,22.997227],[84.263519,23.001258],[84.23582,22.993971],[84.200473,23.000173],[84.160166,23.023117],[84.149624,23.000173],[84.124716,22.993119],[84.102081,23.032651],[84.097637,23.060918],[84.089059,23.084819],[84.044824,23.123266],[84.028908,23.146107],[84.020019,23.187086],[84.031491,23.230133],[84.038623,23.309404],[84.028287,23.358394],[84.015368,23.382604],[83.991804,23.386454],[83.967102,23.362554],[83.946949,23.370021],[83.943951,23.395316],[83.9516,23.431955],[83.951083,23.459292],[83.95625,23.482908],[83.992837,23.520503],[84.010097,23.54417],[84.014852,23.567089],[83.997488,23.59887],[83.993354,23.621168],[83.976301,23.643596],[83.949843,23.633777],[83.928655,23.626646],[83.918113,23.597991],[83.922764,23.576029],[83.844629,23.588741],[83.819411,23.590111],[83.79626,23.58577],[83.771869,23.589594],[83.743344,23.622538],[83.731355,23.654887],[83.720813,23.676152],[83.722053,23.700673],[83.733215,23.729069],[83.733835,23.7493],[83.711821,23.800976],[83.556792,23.9358],[83.540359,23.956729],[83.526923,23.984505],[83.522582,24.012566],[83.523305,24.052563],[83.517518,24.075223],[83.475246,24.10132],[83.451475,24.119355],[83.3906,24.124781],[83.337063,24.140232]]]}},{"type":"Feature","properties":{"name":"Delhi","code":"IN-DL"},"geometry":{"type":"Polygon","coordinates":[[[77.200797,28.876791],[77.216713,28.843511],[77.206275,28.821859],[77.227152,28.783592],[77.306941,28.720599],[77.317069,28.696001],[77.333812,28.644428],[77.335673,28.61952],[77.310971,28.596498],[77.297845,28.569393],[77.327404,28.519707],[77.269734,28.510276],[77.241311,28.49746],[77.222708,28.477384],[77.240485,28.452631],[77.193562,28.432606],[77.152428,28.44599],[77.113567,28.467177],[77.093414,28.482887],[77.079151,28.517717],[77.003393,28.558903],[76.984996,28.53769],[76.962672,28.532006],[76.907275,28.528104],[76.872652,28.519422],[76.86335,28.544899],[76.842783,28.562805],[76.836892,28.587222],[76.857769,28.605541],[76.872342,28.62815],[76.901487,28.634712],[76.91854,28.662489],[76.939624,28.684839],[76.944482,28.707757],[76.937764,28.740313],[76.934043,28.791886],[76.936524,28.81465],[76.954404,28.835475],[76.978588,28.847154],[77.0036,28.854441],[77.036156,28.853278],[77.05972,28.873768],[77.122869,28.870745],[77.149017,28.861934],[77.200797,28.876791]]]}},{"type":"Feature","properties":{"name":"Chandigarh","code":"IN-CH"},"geometry":{"type":"Polygon","coordinates":[[[76.77395,30.799025],[76.814567,30.789129],[76.819425,30.756779],[76.826556,30.735282],[76.818805,30.703191],[76.82728,30.680712],[76.806816,30.683295],[76.785215,30.672288],[76.760101,30.692003],[76.730748,30.723164],[76.70181,30.744558],[76.694368,30.771507],[76.741497,30.796493],[76.77395,30.799025]]]}},{"type":"Feature","properties":{"name":"Madhya Pradesh","code":"IN-MP"},"geometry":{"type":"Polygon","coordinates":[[[78.326103,26.859808],[78.350598,26.858464],[78.371475,26.851049],[78.384911,26.826812],[78.418707,26.824797],[78.446096,26.799967],[78.498702,26.78821],[78.563505,26.758496],[78.595234,26.758393],[78.622519,26.777306],[78.64257,26.775136],[78.693213,26.797874],[78.724115,26.776376],[78.745406,26.789218],[78.761942,26.76524],[78.781993,26.763845],[78.812172,26.74767],[78.842351,26.711936],[78.87346,26.700567],[78.905086,26.708086],[78.926067,26.706225],[78.937745,26.677726],[78.945704,26.635584],[78.959966,26.596671],[78.974436,26.571583],[79.028076,26.497556],[79.040995,26.467997],[79.049263,26.44066],[79.052054,26.411489],[79.039651,26.375057],[79.060839,26.355084],[79.036344,26.310074],[79.008232,26.2893],[78.980637,26.284003],[78.955832,26.273229],[78.935782,26.244781],[78.94436,26.219666],[78.956556,26.197807],[78.9271,26.178067],[78.919969,26.144658],[78.949011,26.115305],[78.94653,26.088253],[78.914388,26.042752],[78.893407,26.000041],[78.890513,25.978931],[78.879661,25.95609],[78.835219,25.905732],[78.823954,25.876535],[78.808348,25.84155],[78.774551,25.815634],[78.748816,25.800544],[78.733313,25.774164],[78.727836,25.750186],[78.731866,25.720782],[78.744889,25.69807],[78.753571,25.674273],[78.753467,25.653938],[78.714503,25.62593],[78.616111,25.60761],[78.582625,25.59035],[78.55844,25.575545],[78.526401,25.572935],[78.495705,25.578258],[78.460669,25.574641],[78.370545,25.552678],[78.346567,25.486429],[78.330031,25.464777],[78.261921,25.411705],[78.251792,25.388425],[78.272256,25.356205],[78.297681,25.327808],[78.348117,25.228254],[78.364757,25.196757],[78.359589,25.15893],[78.342226,25.130534],[78.335095,25.087978],[78.330341,25.066377],[78.340676,25.04581],[78.336542,25.022995],[78.324863,25.002169],[78.25727,24.940209],[78.225954,24.926334],[78.180376,24.892512],[78.16911,24.865459],[78.193088,24.843548],[78.224921,24.79412],[78.227091,24.773294],[78.226884,24.752727],[78.241147,24.719034],[78.261301,24.692653],[78.264815,24.669141],[78.257994,24.64493],[78.272256,24.62444],[78.270396,24.603176],[78.254273,24.564857],[78.228848,24.532741],[78.242284,24.493001],[78.263265,24.480651],[78.277527,24.453107],[78.309257,24.430835],[78.334991,24.420241],[78.350184,24.392568],[78.331891,24.363707],[78.330134,24.342029],[78.345844,24.318904],[78.370545,24.30247],[78.408062,24.308439],[78.435037,24.328076],[78.447439,24.353837],[78.45271,24.384481],[78.468833,24.408045],[78.489401,24.410784],[78.535806,24.388589],[78.590376,24.345362],[78.61084,24.332908],[78.640503,24.304744],[78.673265,24.287071],[78.720911,24.28012],[78.746646,24.279423],[78.755844,24.249192],[78.775378,24.224568],[78.809795,24.220227],[78.851652,24.254515],[78.879661,24.296373],[78.889066,24.324149],[78.901985,24.34637],[78.935678,24.375463],[78.964617,24.40541],[78.978466,24.440033],[78.97826,24.467422],[78.938882,24.480289],[78.916248,24.4868],[78.914801,24.508117],[78.922449,24.533309],[78.893407,24.571291],[78.883795,24.598602],[78.871083,24.625732],[78.842041,24.644646],[78.814135,24.646274],[78.791501,24.642088],[78.762149,24.632166],[78.740135,24.631003],[78.719774,24.656402],[78.715433,24.685109],[78.731143,24.708156],[78.735794,24.737638],[78.731556,24.768592],[78.732073,24.81492],[78.723702,24.848716],[78.709749,24.873728],[78.659106,24.924319],[78.640192,24.96411],[78.619522,25.064672],[78.617868,25.108881],[78.609807,25.136321],[78.573737,25.212156],[78.548622,25.237762],[78.521647,25.258484],[78.513379,25.281093],[78.530432,25.315664],[78.55503,25.347626],[78.575597,25.364421],[78.576734,25.387495],[78.588516,25.410827],[78.611667,25.415426],[78.652285,25.409457],[78.670165,25.388657],[78.691042,25.373154],[78.718844,25.347807],[78.737448,25.368297],[78.731453,25.395918],[78.745716,25.416795],[78.745199,25.4393],[78.722565,25.461728],[78.724115,25.484414],[78.744165,25.506686],[78.781889,25.524024],[78.795532,25.503896],[78.800286,25.477618],[78.799253,25.438939],[78.816926,25.417183],[78.846381,25.425942],[78.851859,25.481262],[78.85527,25.502087],[78.869739,25.525057],[78.891133,25.538106],[78.913147,25.525341],[78.919142,25.504593],[78.917488,25.474078],[78.906119,25.446587],[78.928857,25.438939],[78.953145,25.442349],[78.957486,25.397727],[78.936609,25.357212],[78.937229,25.32184],[78.929167,25.296079],[78.899195,25.27701],[78.87501,25.252283],[78.863125,25.221071],[78.863951,25.191615],[78.891133,25.175389],[78.916868,25.196188],[78.937849,25.21965],[78.961517,25.225747],[78.983427,25.237375],[78.986425,25.258407],[78.990869,25.280783],[79.01433,25.281248],[79.043372,25.262825],[79.017844,25.225902],[79.008232,25.202932],[79.017224,25.178386],[79.051537,25.18128],[79.084713,25.195258],[79.109001,25.195026],[79.115926,25.153814],[79.142797,25.150713],[79.160161,25.174691],[79.182382,25.182288],[79.209977,25.172934],[79.234678,25.175079],[79.268991,25.164123],[79.290489,25.177507],[79.287285,25.205568],[79.2631,25.274737],[79.261963,25.295924],[79.275916,25.334035],[79.302478,25.364576],[79.323562,25.355765],[79.297,25.302849],[79.289559,25.279543],[79.294519,25.259415],[79.317567,25.242413],[79.340615,25.266391],[79.369967,25.280989],[79.397769,25.27484],[79.422574,25.293831],[79.424744,25.257192],[79.390328,25.214792],[79.377719,25.18792],[79.344232,25.154201],[79.33307,25.1272],[79.3309,25.099347],[79.347126,25.075214],[79.391981,25.074129],[79.396012,25.099476],[79.392601,25.13074],[79.426915,25.14508],[79.448205,25.130223],[79.45854,25.105987],[79.479521,25.105548],[79.500812,25.120224],[79.522206,25.158439],[79.553728,25.179032],[79.578223,25.174639],[79.61729,25.157354],[79.648503,25.149266],[79.736663,25.152341],[79.762501,25.156914],[79.791853,25.133841],[79.814488,25.1349],[79.838466,25.147225],[79.86327,25.153245],[79.8642,25.17743],[79.841566,25.203087],[79.833815,25.223603],[79.852108,25.247839],[79.876396,25.254686],[79.901097,25.255771],[79.93479,25.270422],[79.973134,25.29719],[79.999076,25.32016],[80.087029,25.361631],[80.110594,25.351166],[80.167748,25.38026],[80.187282,25.408294],[80.220975,25.409586],[80.253531,25.414728],[80.275752,25.416485],[80.305827,25.384704],[80.317093,25.337317],[80.318953,25.298585],[80.342104,25.277165],[80.363395,25.261921],[80.384996,25.245901],[80.405769,25.235075],[80.409904,25.212079],[80.420342,25.191331],[80.413314,25.171125],[80.385926,25.159602],[80.360088,25.14676],[80.339624,25.124203],[80.312028,25.095006],[80.289187,25.084877],[80.266967,25.084464],[80.265313,25.063819],[80.271824,25.041082],[80.288257,25.016225],[80.308308,25.011368],[80.337453,25.021057],[80.367116,25.020669],[80.391817,25.012065],[80.404529,25.051133],[80.430057,25.0455],[80.446904,25.023589],[80.469538,25.016225],[80.515117,25.040668],[80.478323,25.067643],[80.46251,25.092991],[80.457446,25.113894],[80.488245,25.108778],[80.520595,25.103739],[80.546433,25.107538],[80.5516,25.135029],[80.573304,25.151488],[80.594699,25.119139],[80.630872,25.07847],[80.657227,25.071803],[80.686166,25.079787],[80.70787,25.080227],[80.729161,25.095394],[80.673247,25.138698],[80.761097,25.158387],[80.783628,25.168128],[80.79417,25.197894],[80.819904,25.216704],[80.843055,25.216187],[80.858868,25.187558],[80.82993,25.124849],[80.824349,25.087358],[80.804091,25.07002],[80.791792,25.03948],[80.783111,25.018732],[80.762027,24.991033],[80.805022,24.968812],[80.833237,24.969665],[80.892975,24.984134],[80.915196,24.974445],[80.943721,24.953258],[80.972453,24.955971],[80.998808,24.96566],[81.030951,24.952973],[81.068675,24.921296],[81.09813,24.908609],[81.124382,24.939021],[81.148256,24.950932],[81.170477,24.951733],[81.184843,24.97292],[81.177402,24.993565],[81.177092,25.018732],[81.206237,25.049298],[81.235486,25.089115],[81.241481,25.115186],[81.234039,25.156372],[81.256984,25.168257],[81.281065,25.164588],[81.309177,25.171926],[81.337909,25.163348],[81.360543,25.156966],[81.366228,25.128492],[81.379147,25.10777],[81.418421,25.104127],[81.445706,25.107383],[81.469167,25.126942],[81.433407,25.156423],[81.536967,25.199754],[81.558464,25.170996],[81.563322,25.143039],[81.579961,25.116503],[81.57345,25.091544],[81.599495,25.076377],[81.624817,25.07431],[81.665124,25.064465],[81.707602,25.065292],[81.721555,25.038059],[81.752767,25.020489],[81.777469,25.024003],[81.8,25.034415],[81.831005,25.032865],[81.85395,25.013616],[81.874,24.980207],[81.869349,24.954136],[81.873173,24.929977],[81.956062,24.871015],[81.980247,24.861894],[82.023862,24.860317],[82.056625,24.849285],[82.105511,24.813369],[82.129695,24.807633],[82.155017,24.816315],[82.195531,24.843936],[82.216408,24.806264],[82.209174,24.785516],[82.208037,24.764303],[82.233255,24.758747],[82.249791,24.782338],[82.263744,24.7226],[82.285138,24.705056],[82.310046,24.706503],[82.326169,24.679915],[82.308806,24.646661],[82.357072,24.636714],[82.395209,24.632166],[82.423631,24.647514],[82.427765,24.667539],[82.423321,24.692731],[82.427145,24.718569],[82.453396,24.722006],[82.549101,24.691878],[82.595093,24.687744],[82.623929,24.691878],[82.692245,24.719809],[82.714569,24.717768],[82.715293,24.687667],[82.764695,24.669838],[82.78919,24.628135],[82.801489,24.60731],[82.817612,24.580929],[82.796941,24.560904],[82.756014,24.568346],[82.734413,24.551628],[82.735343,24.527237],[82.743301,24.506696],[82.742784,24.48618],[82.732863,24.440369],[82.734103,24.419698],[82.756944,24.40696],[82.766969,24.386031],[82.764799,24.33004],[82.757564,24.304512],[82.741131,24.277795],[82.732863,24.21413],[82.708988,24.194234],[82.688524,24.192632],[82.679429,24.166768],[82.700306,24.142118],[82.730485,24.121034],[82.73865,24.093904],[82.732656,24.072639],[82.769656,24.041298],[82.800869,23.998716],[82.786503,23.974196],[82.784229,23.950296],[82.768106,23.928953],[82.736687,23.91407],[82.691625,23.905104],[82.670024,23.89557],[82.653901,23.870507],[82.6508,23.844824],[82.612146,23.82082],[82.567911,23.804129],[82.544657,23.782864],[82.498665,23.772399],[82.415363,23.783071],[82.262504,23.785577],[82.203593,23.800486],[82.107681,23.798574],[82.077399,23.801364],[82.03027,23.827254],[82.004948,23.836401],[81.936942,23.840664],[81.910174,23.832137],[81.860978,23.805214],[81.83607,23.795395],[81.808681,23.794749],[81.778192,23.801881],[81.744913,23.824877],[81.701711,23.870533],[81.64125,23.885312],[81.619546,23.867562],[81.630398,23.846219],[81.62492,23.824412],[81.665124,23.747879],[81.680937,23.724831],[81.686208,23.690311],[81.670705,23.668401],[81.646934,23.642976],[81.625437,23.635379],[81.614688,23.591764],[81.594534,23.566831],[81.601045,23.53629],[81.614068,23.516084],[81.628331,23.487817],[81.657683,23.487197],[81.685588,23.507093],[81.7137,23.518255],[81.734061,23.53598],[81.759485,23.543524],[81.80062,23.530993],[81.858187,23.507713],[81.907177,23.505181],[81.927537,23.495414],[81.950585,23.466707],[81.975493,23.420044],[82.005362,23.392216],[82.025929,23.387694],[82.034404,23.367618],[82.098173,23.371726],[82.124941,23.362192],[82.173724,23.326354],[82.189743,23.288734],[82.164629,23.210237],[82.15729,23.170472],[82.156567,23.148303],[82.141684,23.113215],[82.111092,23.101613],[82.089801,23.103629],[82.020451,23.071434],[81.965984,23.055466],[81.934152,23.017329],[81.94459,22.963043],[81.906453,22.912736],[81.865319,22.881472],[81.807131,22.861809],[81.779329,22.835816],[81.776849,22.812923],[81.783463,22.780884],[81.78522,22.744297],[81.761759,22.716366],[81.76672,22.682233],[81.751527,22.651072],[81.727343,22.647197],[81.669568,22.609292],[81.650241,22.575315],[81.642283,22.550846],[81.603319,22.533689],[81.578204,22.530796],[81.53955,22.519995],[81.512265,22.501598],[81.491491,22.481703],[81.459659,22.46204],[81.432063,22.440439],[81.402918,22.448372],[81.384211,22.481135],[81.358063,22.497955],[81.320339,22.477956],[81.292744,22.474649],[81.258224,22.454366],[81.234866,22.444496],[81.212129,22.452351],[81.199416,22.481755],[81.178022,22.478422],[81.130893,22.422869],[81.122522,22.400519],[81.120765,22.365069],[81.124072,22.337603],[81.122212,22.311688],[81.095443,22.256704],[81.053689,22.23363],[81.030641,22.21066],[81.020822,22.140871],[80.990747,22.118495],[80.998498,22.090745],[81.002219,22.063124],[80.977724,22.05284],[80.949819,22.09289],[80.91902,22.097463],[80.884913,22.057362],[80.844399,21.977677],[80.835097,21.950986],[80.832927,21.907836],[80.837888,21.846135],[80.821558,21.802778],[80.805125,21.774304],[80.754069,21.756476],[80.730504,21.714308],[80.724303,21.615839],[80.717585,21.585556],[80.7242,21.497965],[80.721409,21.473212],[80.705803,21.434532],[80.697948,21.398565],[80.679034,21.351152],[80.644101,21.332419],[80.611958,21.331722],[80.502714,21.395309],[80.473569,21.403603],[80.429644,21.393811],[80.402669,21.394328],[80.395331,21.414869],[80.416001,21.437477],[80.414761,21.460241],[80.387786,21.492564],[80.337453,21.525534],[80.32009,21.550804],[80.316059,21.575763],[80.276062,21.584703],[80.248053,21.596796],[80.202888,21.625476],[80.182217,21.632504],[80.108423,21.604237],[80.080311,21.571578],[80.005277,21.548323],[79.98471,21.548323],[79.945332,21.556307],[79.921975,21.542458],[79.896447,21.53251],[79.862133,21.528169],[79.840326,21.534345],[79.828544,21.557005],[79.813144,21.579768],[79.781311,21.592145],[79.758781,21.594083],[79.70483,21.584032],[79.672584,21.586951],[79.650467,21.581551],[79.61388,21.555455],[79.576983,21.539926],[79.555589,21.542716],[79.548561,21.570492],[79.539879,21.591421],[79.533058,21.619275],[79.498331,21.639661],[79.486342,21.663484],[79.426398,21.687255],[79.399113,21.690408],[79.36914,21.691389],[79.331933,21.690278],[79.308782,21.694102],[79.258656,21.714256],[79.237572,21.709347],[79.234368,21.682191],[79.215765,21.65457],[79.194474,21.646974],[79.166672,21.640411],[79.115926,21.621936],[79.081509,21.612867],[78.99614,21.603436],[78.950354,21.590362],[78.921932,21.572275],[78.931131,21.543879],[78.917592,21.513907],[78.865295,21.506052],[78.838837,21.501169],[78.799563,21.489309],[78.738068,21.48396],[78.716054,21.476312],[78.696003,21.474762],[78.626653,21.479413],[78.561231,21.496104],[78.535186,21.515612],[78.513689,21.526593],[78.48568,21.526826],[78.455088,21.509359],[78.431936,21.507396],[78.425942,21.550339],[78.414263,21.578838],[78.413333,21.606304],[78.387701,21.623693],[78.365997,21.625425],[78.340366,21.619895],[78.310187,21.586331],[78.264195,21.570958],[78.208384,21.559434],[78.179032,21.538143],[78.144409,21.498662],[78.085601,21.462411],[78.02917,21.437684],[77.910211,21.40058],[77.871454,21.3981],[77.805411,21.42293],[77.76221,21.406859],[77.712601,21.380272],[77.69007,21.38593],[77.650382,21.396162],[77.627024,21.399469],[77.600979,21.388566],[77.578035,21.384457],[77.55354,21.397299],[77.531526,21.416109],[77.509099,21.411252],[77.493803,21.391201],[77.486051,21.412776],[77.454632,21.461248],[77.433134,21.498817],[77.430344,21.522201],[77.435615,21.542303],[77.456802,21.548504],[77.555194,21.542484],[77.577105,21.556462],[77.561395,21.583541],[77.562015,21.611394],[77.551783,21.696764],[77.53163,21.721879],[77.509305,21.72963],[77.493286,21.754771],[77.46073,21.770041],[77.332985,21.774459],[77.305287,21.760894],[77.285547,21.740689],[77.257641,21.735056],[77.237074,21.709657],[77.210719,21.700924],[77.187051,21.721439],[77.115531,21.724049],[77.069332,21.712293],[77.028818,21.693586],[76.917404,21.618086],[76.84361,21.613358],[76.814051,21.600129],[76.79369,21.577004],[76.788936,21.549925],[76.785215,21.508532],[76.77705,21.48011],[76.75638,21.462024],[76.729508,21.413009],[76.670907,21.37606],[76.646412,21.358722],[76.63556,21.331463],[76.653337,21.293817],[76.653957,21.251313],[76.636284,21.219997],[76.614063,21.202479],[76.541819,21.195244],[76.498308,21.180361],[76.469472,21.151758],[76.449629,21.122406],[76.410354,21.096723],[76.378832,21.086827],[76.31744,21.081866],[76.286641,21.074812],[76.186802,21.085819],[76.143911,21.106877],[76.108564,21.153128],[76.109288,21.174005],[76.131198,21.176279],[76.132645,21.237231],[76.130475,21.280123],[76.108047,21.332419],[76.093785,21.358645],[76.07084,21.369523],[76.048929,21.365234],[75.986711,21.378385],[75.952295,21.390917],[75.907336,21.39177],[75.877777,21.399779],[75.814008,21.383372],[75.706521,21.378153],[75.663217,21.380168],[75.625183,21.385465],[75.592317,21.38084],[75.569786,21.380375],[75.534749,21.371797],[75.479972,21.376292],[75.38127,21.376292],[75.359876,21.382287],[75.31192,21.38146],[75.209498,21.40288],[75.15317,21.422698],[75.129916,21.437684],[75.116067,21.459285],[75.106248,21.483133],[75.067697,21.534732],[75.037105,21.560984],[75.011473,21.57349],[74.956076,21.577934],[74.928481,21.591318],[74.903676,21.608991],[74.864712,21.616123],[74.76384,21.608449],[74.731077,21.608604],[74.708133,21.611162],[74.682708,21.626174],[74.660901,21.645294],[74.608191,21.658911],[74.559511,21.692087],[74.5345,21.707564],[74.512486,21.726917],[74.506905,21.763736],[74.491609,21.794561],[74.486958,21.820141],[74.491919,21.904271],[74.485614,21.945973],[74.428047,22.006151],[74.407686,22.023049],[74.351979,21.986514],[74.32056,21.976127],[74.294618,21.967858],[74.284386,21.94494],[74.249039,21.929773],[74.228162,21.926181],[74.204908,21.92507],[74.18279,21.929256],[74.151164,21.947575],[74.12884,21.951761],[74.129047,22.024651],[74.141862,22.062814],[74.132457,22.084466],[74.114164,22.112449],[74.111063,22.135523],[74.096387,22.173505],[74.071479,22.197793],[74.065588,22.24518],[74.05856,22.276754],[74.059387,22.320628],[74.072203,22.344295],[74.098454,22.345846],[74.120055,22.326958],[74.148684,22.321041],[74.180103,22.327087],[74.211729,22.340497],[74.23426,22.358894],[74.245732,22.385611],[74.221547,22.409433],[74.196536,22.414937],[74.164393,22.41672],[74.124396,22.410958],[74.098144,22.416927],[74.036029,22.468474],[74.024867,22.491341],[74.042437,22.51643],[74.063108,22.5209],[74.119745,22.504389],[74.139899,22.50581],[74.161189,22.516662],[74.19757,22.5556],[74.272707,22.609654],[74.317872,22.613607],[74.338026,22.618],[74.360247,22.632417],[74.458122,22.804112],[74.451921,22.840932],[74.4266,22.871628],[74.400865,22.881601],[74.377094,22.87217],[74.354976,22.898939],[74.343917,22.986918],[74.323453,23.036062],[74.355286,23.05929],[74.387429,23.072597],[74.407893,23.072339],[74.437968,23.06345],[74.476106,23.062365],[74.550003,23.098745],[74.611911,23.112672],[74.667205,23.14727],[74.710717,23.161946],[74.69542,23.192667],[74.676817,23.215121],[74.646018,23.227781],[74.62204,23.226645],[74.581215,23.239305],[74.55052,23.244809],[74.530469,23.255945],[74.519927,23.276306],[74.556514,23.35134],[74.631445,23.420354],[74.699554,23.444822],[74.722395,23.452186],[74.779033,23.48743],[74.814896,23.496499],[74.853344,23.526962],[74.871844,23.551922],[74.893548,23.609567],[74.908121,23.630961],[74.926724,23.651812],[74.939023,23.687366],[74.938506,23.721679],[74.932202,23.752426],[74.916699,23.779272],[74.90378,23.80555],[74.903056,23.855263],[74.908327,23.896733],[74.946775,24.001998],[74.962174,24.023934],[74.961037,24.052279],[74.929205,24.077161],[74.909361,24.101682],[74.893134,24.134496],[74.888277,24.155348],[74.88497,24.204983],[74.869983,24.236118],[74.840528,24.255962],[74.807248,24.263041],[74.759292,24.256685],[74.735005,24.260612],[74.74565,24.291437],[74.758982,24.320996],[74.761153,24.348385],[74.823681,24.40448],[74.846832,24.435511],[74.8335,24.466362],[74.720225,24.500314],[74.711853,24.523852],[74.719295,24.54522],[74.748957,24.591161],[74.784304,24.668133],[74.773142,24.695211],[74.769214,24.730971],[74.771385,24.763631],[74.797636,24.774509],[74.806525,24.735777],[74.833396,24.711076],[74.85107,24.681698],[74.881145,24.664877],[74.918973,24.666583],[74.944811,24.674644],[74.965378,24.694049],[74.967135,24.72539],[74.971269,24.748748],[74.979227,24.777454],[74.958143,24.791019],[74.928894,24.785774],[74.895098,24.794353],[74.849209,24.795438],[74.83722,24.836443],[74.837531,24.859413],[74.81531,24.916516],[74.845592,24.93238],[74.875874,24.919358],[74.899646,24.897163],[74.919799,24.89122],[74.951942,24.872849],[74.981398,24.863031],[75.003102,24.866312],[75.042996,24.895871],[75.071521,24.890807],[75.095396,24.896594],[75.103768,24.927497],[75.093846,24.977778],[75.113586,25.001601],[75.129296,25.031341],[75.157821,25.04581],[75.20619,25.040668],[75.235129,25.040229],[75.271199,25.048265],[75.304892,25.058006],[75.30975,25.029713],[75.29156,24.996278],[75.299518,24.975866],[75.317915,24.955247],[75.314194,24.929486],[75.283188,24.93052],[75.258177,24.938194],[75.245154,24.911425],[75.268099,24.893287],[75.297658,24.887628],[75.321532,24.888249],[75.344166,24.891659],[75.387264,24.904578],[75.401424,24.882254],[75.370831,24.85484],[75.337035,24.842412],[75.297451,24.839389],[75.262207,24.845254],[75.234819,24.861713],[75.212701,24.88489],[75.186863,24.892899],[75.188103,24.867061],[75.201849,24.846081],[75.210428,24.821043],[75.180662,24.785903],[75.17198,24.762546],[75.182006,24.74079],[75.20371,24.724951],[75.242364,24.720197],[75.279054,24.724176],[75.308613,24.724693],[75.341893,24.719732],[75.387574,24.704746],[75.416513,24.700973],[75.448036,24.703144],[75.549942,24.725778],[75.598518,24.727483],[75.648954,24.738335],[75.717477,24.774664],[75.747036,24.78009],[75.76781,24.771589],[75.813388,24.717665],[75.818556,24.697537],[75.813698,24.675109],[75.820106,24.651286],[75.869406,24.599377],[75.874883,24.514266],[75.869406,24.491839],[75.837573,24.46998],[75.792201,24.494164],[75.765433,24.493363],[75.744969,24.468843],[75.735357,24.439981],[75.737424,24.410552],[75.746416,24.35717],[75.759128,24.333967],[75.780625,24.324795],[75.800883,24.306269],[75.802536,24.272214],[75.794785,24.251647],[75.759231,24.211597],[75.747759,24.190048],[75.75179,24.15341],[75.805017,24.119122],[75.806154,24.097703],[75.765329,24.055354],[75.742695,24.020756],[75.729983,24.00068],[75.692982,24.021609],[75.672828,24.022384],[75.644923,23.999517],[75.621772,23.995228],[75.596657,24.009465],[75.574126,24.016906],[75.548702,24.035458],[75.523587,24.04122],[75.503123,24.014271],[75.48607,23.988924],[75.490307,23.939934],[75.507464,23.916654],[75.578157,23.875726],[75.589009,23.855469],[75.597071,23.8179],[75.637585,23.813818],[75.6658,23.804671],[75.692879,23.789143],[75.708072,23.813172],[75.726675,23.858777],[75.720887,23.898981],[75.748276,23.912313],[75.776491,23.883142],[75.812355,23.886914],[75.847598,23.904665],[75.899378,23.918334],[75.973379,23.955386],[75.994152,23.976366],[76.001801,23.997967],[75.986091,24.018043],[75.99901,24.051116],[76.083243,24.098142],[76.116626,24.134031],[76.119106,24.160024],[76.116109,24.183434],[76.119519,24.231777],[76.117659,24.261724],[76.122827,24.282446],[76.123964,24.312005],[76.140707,24.335285],[76.173573,24.351486],[76.189386,24.323399],[76.194967,24.301799],[76.230314,24.277872],[76.253775,24.27888],[76.286848,24.284926],[76.358575,24.265057],[76.381519,24.260018],[76.408184,24.259553],[76.45614,24.265031],[76.477534,24.253455],[76.490763,24.221183],[76.511537,24.209091],[76.542749,24.215189],[76.566004,24.262085],[76.581713,24.282446],[76.621504,24.301101],[76.649203,24.309395],[76.66977,24.305881],[76.672871,24.283815],[76.658815,24.256763],[76.655817,24.2348],[76.725064,24.188886],[76.766612,24.160334],[76.794724,24.161445],[76.822216,24.174494],[76.851981,24.172866],[76.874305,24.190358],[76.885364,24.212605],[76.891565,24.240924],[76.878026,24.261103],[76.831621,24.316165],[76.820459,24.3373],[76.814567,24.360115],[76.816428,24.426055],[76.808366,24.452978],[76.806403,24.475948],[76.814154,24.501864],[76.806196,24.555788],[76.821699,24.57633],[76.842059,24.571214],[76.869655,24.56726],[76.89632,24.533929],[76.89787,24.503879],[76.922261,24.496076],[76.942932,24.500236],[77.035226,24.538399],[77.058894,24.561628],[77.0591,24.602323],[77.046181,24.649581],[77.037396,24.670303],[77.014555,24.699165],[76.966806,24.737483],[76.945722,24.744226],[76.921434,24.739705],[76.877819,24.743916],[76.848054,24.759703],[76.795241,24.81678],[76.780564,24.837141],[76.805472,24.85639],[76.826556,24.857785],[76.84733,24.86241],[76.868621,24.872952],[76.883194,24.896956],[76.882264,24.919513],[76.863763,24.967184],[76.848364,24.99434],[76.851051,25.019248],[76.869034,25.040151],[76.915026,25.052786],[76.999362,25.08772],[77.038326,25.087487],[77.088039,25.093688],[77.187361,25.12751],[77.217747,25.123971],[77.254334,25.13012],[77.279759,25.12689],[77.309731,25.109966],[77.341254,25.113997],[77.360477,25.134538],[77.382388,25.14291],[77.386522,25.182804],[77.397374,25.205025],[77.391173,25.22877],[77.370089,25.251534],[77.357894,25.27993],[77.361097,25.303779],[77.365335,25.324424],[77.349109,25.34866],[77.343424,25.379123],[77.354896,25.401318],[77.351486,25.425373],[77.327714,25.443202],[77.30198,25.445605],[77.281206,25.442659],[77.255471,25.433512],[77.228392,25.413178],[77.212786,25.373723],[77.193562,25.348401],[77.16483,25.339746],[77.141266,25.341968],[77.107676,25.354267],[77.080598,25.353181],[77.05755,25.343776],[77.029645,25.327886],[77.001533,25.317551],[76.946963,25.318558],[76.922778,25.306388],[76.878646,25.334087],[76.827797,25.344629],[76.780151,25.33202],[76.75917,25.338402],[76.717106,25.368038],[76.693748,25.376203],[76.661915,25.377624],[76.641451,25.384859],[76.610652,25.430799],[76.577063,25.446457],[76.551431,25.460126],[76.541303,25.49431],[76.521459,25.550172],[76.49221,25.686753],[76.481771,25.70887],[76.481151,25.732151],[76.505956,25.740445],[76.516705,25.785326],[76.523112,25.812146],[76.545953,25.848293],[76.582747,25.875449],[76.610549,25.881444],[76.63618,25.914232],[76.70429,25.918703],[76.727028,25.9163],[76.759997,25.945858],[76.787696,25.96025],[76.80754,25.985339],[76.80878,26.008232],[76.873375,26.05195],[76.892702,26.073706],[76.907998,26.098588],[76.937454,26.104247],[76.959882,26.122876],[76.991921,26.135899],[77.003703,26.156259],[77.049075,26.184268],[77.07574,26.1845],[77.097031,26.214886],[77.124729,26.237856],[77.152325,26.239587],[77.181057,26.237391],[77.209686,26.241964],[77.230149,26.262454],[77.254231,26.274676],[77.281102,26.294183],[77.301359,26.32444],[77.323374,26.351984],[77.349625,26.364851],[77.380528,26.364153],[77.407606,26.372292],[77.431274,26.373662],[77.431481,26.400146],[77.459593,26.41676],[77.4999,26.411644],[77.526049,26.426268],[77.565323,26.447404],[77.616792,26.482983],[77.645731,26.490502],[77.680768,26.499907],[77.715081,26.506031],[77.74402,26.536158],[77.772752,26.548457],[77.808925,26.559284],[77.831456,26.575768],[77.819157,26.605069],[77.869904,26.619332],[77.889024,26.651655],[77.913622,26.66597],[77.950002,26.669819],[77.978424,26.684289],[78.003642,26.693823],[78.029067,26.685245],[78.059349,26.680155],[78.0794,26.682919],[78.087358,26.721134],[78.10038,26.742864],[78.094283,26.770253],[78.101207,26.795109],[78.15154,26.783198],[78.169007,26.822162],[78.200116,26.823583],[78.233912,26.819784],[78.254893,26.81733],[78.272256,26.844641],[78.326103,26.859808]]]}},{"type":"Feature","properties":{"name":"Chhattisgarh","code":"IN-CT"},"geometry":{"type":"Polygon","coordinates":[[[83.08881,23.911047],[83.116405,23.915104],[83.145964,23.927765],[83.183584,23.936446],[83.206322,23.944017],[83.227716,23.961303],[83.248697,23.99391],[83.255001,24.034451],[83.269161,24.059152],[83.301923,24.077575],[83.326211,24.124471],[83.3906,24.124781],[83.442277,24.12181],[83.475246,24.10132],[83.510696,24.082897],[83.523305,24.052563],[83.522582,24.012566],[83.526923,23.984505],[83.540359,23.956729],[83.556792,23.9358],[83.696628,23.818701],[83.729804,23.761263],[83.735282,23.738345],[83.722053,23.700673],[83.720813,23.676152],[83.731355,23.654887],[83.743344,23.622538],[83.761534,23.596519],[83.788199,23.58546],[83.819411,23.590111],[83.844629,23.588741],[83.906434,23.564686],[83.918113,23.597991],[83.921007,23.619696],[83.943538,23.631194],[83.969273,23.643518],[83.991184,23.631762],[83.994594,23.610471],[84.014852,23.567089],[84.010097,23.54417],[83.992837,23.520503],[83.961935,23.490091],[83.950979,23.467276],[83.952323,23.441644],[83.945088,23.405213],[83.943951,23.382914],[83.950773,23.362657],[83.991804,23.386454],[84.015368,23.382604],[84.028287,23.358394],[84.038623,23.309404],[84.031491,23.230133],[84.020019,23.187086],[84.028908,23.146107],[84.044824,23.123266],[84.07831,23.096549],[84.094537,23.072649],[84.102081,23.032651],[84.1119,23.003661],[84.132054,22.990793],[84.147247,23.015701],[84.193652,23.003196],[84.217113,22.995212],[84.243778,22.996452],[84.27251,23.001232],[84.318399,22.985393],[84.332972,22.950279],[84.346201,22.920229],[84.353332,22.896484],[84.346511,22.873824],[84.324497,22.849691],[84.285223,22.823439],[84.260521,22.799436],[84.2352,22.789695],[84.218663,22.766569],[84.20254,22.715978],[84.139082,22.667015],[84.119031,22.648127],[84.092159,22.639988],[84.061877,22.641021],[84.026427,22.609189],[83.996248,22.592704],[83.976404,22.55374],[83.968136,22.522553],[83.990564,22.483253],[83.997075,22.451756],[83.994698,22.431577],[83.984362,22.410286],[83.955734,22.378712],[83.931859,22.365457],[83.876979,22.359152],[83.841425,22.348584],[83.816724,22.332513],[83.733112,22.262285],[83.664175,22.235026],[83.639991,22.223269],[83.605367,22.195984],[83.556998,22.129425],[83.54625,22.101623],[83.56537,22.079738],[83.571054,22.05837],[83.54594,22.044133],[83.522168,22.028371],[83.513073,21.982793],[83.521238,21.95636],[83.558859,21.933984],[83.570124,21.907578],[83.561339,21.883626],[83.564853,21.853576],[83.552761,21.83337],[83.527853,21.833525],[83.519068,21.81071],[83.494263,21.806163],[83.473179,21.807171],[83.463257,21.766139],[83.444034,21.718597],[83.351946,21.577262],[83.342541,21.549615],[83.3351,21.520005],[83.327658,21.499153],[83.327348,21.463677],[83.341301,21.43616],[83.375407,21.406601],[83.3875,21.377068],[83.385329,21.346475],[83.361041,21.33676],[83.301097,21.358697],[83.279393,21.3588],[83.260479,21.332781],[83.255208,21.311594],[83.257068,21.290329],[83.234227,21.261519],[83.198261,21.172558],[83.173973,21.140054],[83.143587,21.120623],[83.078165,21.114551],[83.047882,21.135739],[83.01884,21.147469],[82.995896,21.160776],[82.96458,21.178527],[82.86164,21.161887],[82.84159,21.161189],[82.810481,21.15398],[82.79043,21.145015],[82.769346,21.15398],[82.668164,21.155479],[82.644703,21.14442],[82.646873,21.12344],[82.627236,21.080936],[82.606875,21.024143],[82.562124,20.954458],[82.537939,20.933064],[82.514581,20.923736],[82.48771,20.892213],[82.47293,20.867073],[82.4535,20.846867],[82.422701,20.834594],[82.406578,20.861363],[82.364926,20.882317],[82.343222,20.86684],[82.344152,20.747933],[82.350354,20.72659],[82.360276,20.705791],[82.366993,20.682304],[82.366683,20.657086],[82.357485,20.624659],[82.340225,20.556342],[82.343636,20.529367],[82.359035,20.499783],[82.380946,20.500971],[82.386941,20.466167],[82.407301,20.456504],[82.421874,20.42803],[82.411539,20.345425],[82.414329,20.320362],[82.427145,20.293981],[82.427972,20.241452],[82.435826,20.198767],[82.435826,20.17373],[82.413399,20.093347],[82.415569,20.066967],[82.464455,20.045779],[82.486573,20.026995],[82.509827,20.021853],[82.550341,20.024489],[82.572562,20.019166],[82.594266,19.995886],[82.618141,19.988935],[82.638708,20.000304],[82.665373,20.004955],[82.688214,20.002371],[82.70041,19.980099],[82.699066,19.95501],[82.685424,19.905995],[82.688214,19.882689],[82.709091,19.862819],[82.691728,19.828764],[82.660722,19.81569],[82.639328,19.805096],[82.601088,19.774607],[82.575249,19.76807],[82.574319,19.790911],[82.572872,19.814682],[82.579074,19.843156],[82.526157,19.850339],[82.488743,19.867909],[82.381359,19.885944],[82.361102,19.883903],[82.337951,19.867237],[82.319348,19.834087],[82.298057,19.826413],[82.228397,19.95873],[82.210104,19.978755],[82.181062,19.976791],[82.160598,19.982889],[82.148816,20.005704],[82.126801,20.022809],[82.096209,20.050637],[82.075125,20.058388],[82.049597,20.023352],[82.021898,20.011673],[82.01425,20.035599],[81.96061,20.097611],[81.939629,20.104665],[81.897565,20.061902],[81.867799,20.046658],[81.819327,19.965707],[81.813125,19.945527],[81.817156,19.92434],[81.833176,19.903798],[81.929397,19.849254],[81.954512,19.804011],[81.978077,19.788198],[82.011666,19.784891],[82.036161,19.767088],[82.028099,19.716265],[82.027273,19.695594],[82.038745,19.651902],[82.039055,19.624358],[82.03213,19.594773],[82.02903,19.517853],[82.066857,19.497208],[82.102203,19.445816],[82.142614,19.428685],[82.167522,19.405224],[82.163388,19.380833],[82.139617,19.364684],[82.158531,19.334712],[82.17083,19.30691],[82.153156,19.271434],[82.145405,19.244226],[82.148505,19.212884],[82.165972,19.178985],[82.167419,19.154929],[82.160598,19.132863],[82.187883,19.100902],[82.200595,19.058114],[82.221369,19.024395],[82.2254,18.996334],[82.22788,18.933961],[82.214238,18.913549],[82.188813,18.900785],[82.169073,18.878719],[82.163802,18.83668],[82.1545,18.791437],[82.143234,18.766064],[82.118326,18.755057],[82.095279,18.768829],[82.076779,18.730227],[82.044533,18.708548],[82.005568,18.705861],[81.979213,18.693795],[81.947794,18.658138],[81.92578,18.644883],[81.903352,18.634083],[81.915755,18.610673],[81.941903,18.593982],[81.947071,18.567601],[81.92423,18.55078],[81.889607,18.52688],[81.869453,18.508199],[81.843718,18.47771],[81.804754,18.449339],[81.772301,18.413217],[81.740572,18.357898],[81.717111,18.340974],[81.691376,18.336866],[81.670498,18.324851],[81.658406,18.303276],[81.593397,18.272244],[81.565389,18.266534],[81.542548,18.262451],[81.529318,18.229456],[81.516193,18.207881],[81.515262,18.183748],[81.524874,18.160287],[81.518466,18.135482],[81.506271,18.085589],[81.488184,18.061172],[81.480743,18.036496],[81.48219,17.994096],[81.477849,17.971436],[81.463689,17.94428],[81.450667,17.915496],[81.449117,17.892345],[81.425552,17.879684],[81.402608,17.887487],[81.393306,17.854234],[81.390929,17.818783],[81.319409,17.808939],[81.274657,17.803849],[81.245201,17.803694],[81.221637,17.808887],[81.177609,17.831496],[81.157248,17.837904],[81.135544,17.829946],[81.108672,17.811755],[81.082937,17.799896],[81.057926,17.782326],[81.029401,17.776977],[80.999945,17.80695],[80.985579,17.840462],[80.978964,17.963943],[80.955193,18.012777],[80.941551,18.048175],[80.93752,18.086312],[80.949199,18.117215],[80.961394,18.139823],[80.934523,18.1553],[80.896902,18.140676],[80.873545,18.137575],[80.854838,18.169563],[80.852357,18.196357],[80.828276,18.215297],[80.809156,18.182947],[80.779287,18.164783],[80.753449,18.164189],[80.729781,18.187236],[80.732054,18.207261],[80.76368,18.227751],[80.774222,18.248525],[80.745284,18.297101],[80.720479,18.351619],[80.711901,18.382057],[80.696191,18.412287],[80.665185,18.449985],[80.644101,18.470268],[80.629322,18.490396],[80.583433,18.541375],[80.561212,18.560469],[80.53,18.57698],[80.502611,18.59995],[80.464371,18.606668],[80.427887,18.597237],[80.394297,18.593051],[80.372076,18.615557],[80.352026,18.592276],[80.33642,18.621189],[80.319883,18.642247],[80.316163,18.673305],[80.309135,18.694182],[80.282676,18.716713],[80.261386,18.744515],[80.266036,18.768209],[80.3389,18.813348],[80.344171,18.85071],[80.283916,18.920267],[80.271411,18.946958],[80.271824,18.979436],[80.290428,19.019305],[80.346238,19.081497],[80.366599,19.117386],[80.37311,19.151364],[80.397088,19.234175],[80.413934,19.256112],[80.437085,19.26531],[80.471088,19.31585],[80.508502,19.340474],[80.542712,19.378585],[80.575992,19.391969],[80.60028,19.341688],[80.617436,19.318563],[80.65299,19.322413],[80.679965,19.321534],[80.710454,19.278694],[80.737222,19.278565],[80.7612,19.298461],[80.784351,19.311612],[80.823005,19.326082],[80.823315,19.363082],[80.805435,19.38613],[80.813807,19.408454],[80.854218,19.414448],[80.880986,19.42791],[80.895352,19.452198],[80.893905,19.484444],[80.878195,19.50713],[80.854631,19.526715],[80.830963,19.547102],[80.806365,19.551365],[80.776496,19.573121],[80.712934,19.592603],[80.69154,19.607718],[80.675727,19.676551],[80.649786,19.701253],[80.59997,19.713655],[80.574545,19.72877],[80.558112,19.755177],[80.5485,19.792306],[80.528449,19.815509],[80.500751,19.81091],[80.486901,19.788198],[80.484214,19.768096],[80.458686,19.767347],[80.431608,19.773289],[80.411454,19.783676],[80.418172,19.805871],[80.447214,19.816698],[80.471812,19.830159],[80.486075,19.85499],[80.444423,19.878451],[80.426647,19.901395],[80.444837,19.931213],[80.467161,19.938551],[80.49827,19.923255],[80.518838,19.91819],[80.538681,19.944752],[80.544779,19.99896],[80.551807,20.024876],[80.557181,20.048337],[80.553151,20.073245],[80.53062,20.134869],[80.506952,20.141949],[80.426337,20.146238],[80.424063,20.197217],[80.423236,20.222409],[80.431194,20.246904],[80.453829,20.257317],[80.510466,20.262872],[80.534237,20.269383],[80.575061,20.30287],[80.595525,20.315815],[80.615886,20.322765],[80.62095,20.361522],[80.612889,20.385216],[80.614439,20.464307],[80.624051,20.489964],[80.634903,20.51234],[80.6225,20.534096],[80.622707,20.585617],[80.614646,20.606184],[80.586017,20.616494],[80.56514,20.613781],[80.53248,20.593136],[80.506435,20.590087],[80.496203,20.618948],[80.509122,20.641324],[80.558938,20.667188],[80.572994,20.697574],[80.556768,20.780825],[80.556561,20.878028],[80.555838,20.898983],[80.552117,20.919318],[80.527416,20.93787],[80.503231,20.930945],[80.48132,20.931978],[80.455689,20.950815],[80.441013,20.978823],[80.435328,20.999235],[80.436259,21.024686],[80.447317,21.061376],[80.456826,21.125455],[80.465197,21.14796],[80.5485,21.206665],[80.625601,21.242657],[80.666425,21.279554],[80.678414,21.301982],[80.679034,21.351152],[80.697948,21.398565],[80.705803,21.434532],[80.721409,21.473212],[80.7242,21.497965],[80.717585,21.585556],[80.724303,21.615839],[80.730504,21.714308],[80.739806,21.741464],[80.787762,21.761204],[80.821558,21.802778],[80.837888,21.846135],[80.832927,21.907836],[80.835097,21.950986],[80.844399,21.977677],[80.884913,22.057362],[80.903414,22.085293],[80.934729,22.099943],[80.977724,22.05284],[81.002219,22.063124],[80.998498,22.090745],[80.986406,22.114542],[81.00749,22.123456],[81.02351,22.193969],[81.044077,22.225724],[81.095443,22.256704],[81.118904,22.294608],[81.124072,22.337603],[81.120765,22.365069],[81.122522,22.400519],[81.130893,22.422869],[81.164793,22.465296],[81.190011,22.483796],[81.212129,22.452351],[81.234866,22.444496],[81.258224,22.454366],[81.292744,22.474649],[81.320339,22.477956],[81.344524,22.497154],[81.372636,22.492684],[81.402918,22.448372],[81.432063,22.440439],[81.459659,22.46204],[81.491491,22.481703],[81.512265,22.501598],[81.53955,22.519995],[81.559601,22.523458],[81.603319,22.533689],[81.62399,22.541053],[81.648794,22.56082],[81.654996,22.59118],[81.727343,22.647197],[81.751527,22.651072],[81.76672,22.682233],[81.761759,22.716366],[81.78522,22.744297],[81.783463,22.780884],[81.776849,22.812923],[81.779329,22.835816],[81.807131,22.861809],[81.845785,22.872713],[81.906453,22.912736],[81.940249,22.945835],[81.933428,22.999217],[81.946141,23.042961],[82.020451,23.071434],[82.070784,23.100347],[82.111092,23.101613],[82.141684,23.113215],[82.156567,23.148303],[82.15729,23.170472],[82.164629,23.210237],[82.189743,23.288734],[82.186333,23.30943],[82.135276,23.349893],[82.113262,23.368832],[82.043396,23.363639],[82.025929,23.387694],[82.005362,23.392216],[81.975493,23.420044],[81.950585,23.466707],[81.927537,23.495414],[81.907177,23.505181],[81.858187,23.507713],[81.80062,23.530993],[81.779019,23.536496],[81.744602,23.542594],[81.7137,23.518255],[81.685588,23.507093],[81.657683,23.487197],[81.628331,23.487817],[81.614068,23.516084],[81.601045,23.53629],[81.591434,23.561172],[81.614688,23.591764],[81.618925,23.627344],[81.646934,23.642976],[81.670705,23.668401],[81.686208,23.690311],[81.680937,23.724831],[81.665124,23.747879],[81.639493,23.806558],[81.622026,23.833791],[81.629261,23.858286],[81.64125,23.885312],[81.681867,23.885132],[81.744913,23.824877],[81.778192,23.801881],[81.808681,23.794749],[81.83607,23.795395],[81.860978,23.805214],[81.910174,23.832137],[81.936942,23.840664],[82.004948,23.836401],[82.03027,23.827254],[82.077399,23.801364],[82.107681,23.798574],[82.203593,23.800486],[82.24297,23.788367],[82.415363,23.783071],[82.498665,23.772399],[82.531738,23.775371],[82.553029,23.794],[82.612146,23.82082],[82.643049,23.837072],[82.653901,23.870507],[82.670024,23.89557],[82.691625,23.905104],[82.719633,23.908438],[82.768106,23.928953],[82.784229,23.950296],[82.786503,23.974196],[82.800869,23.998716],[82.839419,23.989647],[82.894093,23.942156],[82.936468,23.920168],[82.964373,23.913915],[83.005197,23.917791],[83.041474,23.916964],[83.08881,23.911047]]]}},{"type":"Feature","properties":{"name":"Haryana","code":"IN-HR"},"geometry":{"type":"Polygon","coordinates":[[[76.810123,30.934262],[76.829037,30.911938],[76.86211,30.896745],[76.889705,30.901706],[76.923708,30.882275],[76.939314,30.859512],[76.948926,30.829462],[76.977245,30.8129],[76.998742,30.790188],[77.043287,30.7605],[77.086902,30.738227],[77.115118,30.722104],[77.140956,30.693036],[77.150258,30.663994],[77.146227,30.637536],[77.148191,30.60976],[77.139199,30.583457],[77.134135,30.554363],[77.201314,30.500154],[77.208135,30.476951],[77.241001,30.489328],[77.276245,30.47398],[77.303427,30.460312],[77.350555,30.453154],[77.370606,30.435714],[77.396961,30.430029],[77.44471,30.454317],[77.433444,30.425482],[77.46135,30.417317],[77.487911,30.420934],[77.513336,30.424939],[77.538451,30.403803],[77.583823,30.382177],[77.585063,30.325204],[77.570077,30.27823],[77.509409,30.232367],[77.444297,30.173714],[77.414324,30.152449],[77.403265,30.112839],[77.370089,30.096432],[77.33898,30.069664],[77.317896,30.040415],[77.289267,30.038761],[77.277278,30.0176],[77.240071,29.983467],[77.220951,29.96073],[77.209686,29.928845],[77.180437,29.804253],[77.161833,29.771206],[77.140542,29.769734],[77.135065,29.747564],[77.137545,29.722786],[77.106643,29.702296],[77.113877,29.68222],[77.087832,29.6585],[77.085869,29.624006],[77.095894,29.600777],[77.079047,29.576335],[77.05817,29.555483],[77.072433,29.527888],[77.068712,29.50298],[77.105196,29.495409],[77.107366,29.469235],[77.072743,29.44009],[77.102715,29.426938],[77.130621,29.426395],[77.149844,29.403374],[77.133928,29.380171],[77.133928,29.342602],[77.150051,29.313327],[77.134031,29.289272],[77.141369,29.130341],[77.135788,29.108456],[77.169378,29.036471],[77.195733,28.997584],[77.175476,28.963064],[77.202244,28.942471],[77.220744,28.914385],[77.200797,28.876791],[77.155219,28.861649],[77.122869,28.870745],[77.07698,28.88201],[77.054449,28.86661],[77.0036,28.854441],[76.978588,28.847154],[76.954404,28.835475],[76.936524,28.81465],[76.934043,28.791886],[76.937764,28.740313],[76.938074,28.718816],[76.947273,28.696156],[76.922261,28.67086],[76.915957,28.642154],[76.883297,28.632206],[76.857769,28.605541],[76.836892,28.587222],[76.842783,28.562805],[76.86335,28.544899],[76.872652,28.519422],[76.907275,28.528104],[76.962672,28.532006],[76.984996,28.53769],[76.991198,28.557973],[77.070883,28.528569],[77.089383,28.489708],[77.113567,28.467177],[77.137028,28.455421],[77.193562,28.432606],[77.225188,28.437619],[77.237901,28.458547],[77.226222,28.48436],[77.257641,28.505935],[77.327404,28.519707],[77.343527,28.498287],[77.37691,28.484127],[77.37598,28.460692],[77.402335,28.467332],[77.424556,28.441908],[77.456699,28.434595],[77.468171,28.396691],[77.497006,28.393254],[77.472098,28.340441],[77.466517,28.315223],[77.487911,28.298996],[77.488842,28.272538],[77.528942,28.25347],[77.525842,28.232773],[77.501657,28.211612],[77.528632,28.192931],[77.507238,28.170245],[77.495766,28.125984],[77.503828,28.092859],[77.469721,28.112729],[77.476439,28.071491],[77.468068,28.046815],[77.495766,28.028315],[77.512303,27.999609],[77.526462,27.974468],[77.529253,27.952506],[77.508169,27.943282],[77.488842,27.920027],[77.47985,27.898039],[77.459179,27.884991],[77.435615,27.892251],[77.397581,27.864527],[77.353036,27.853778],[77.326371,27.839774],[77.280689,27.80944],[77.252784,27.814117],[77.233663,27.793291],[77.211649,27.812618],[77.188085,27.798252],[77.164624,27.817424],[77.14292,27.79988],[77.117185,27.793136],[77.065922,27.810137],[77.040807,27.807295],[77.032022,27.781354],[77.068299,27.760709],[77.020033,27.736188],[76.993678,27.716861],[76.981276,27.689137],[76.940555,27.680326],[76.910479,27.670404],[76.890118,27.68968],[76.917197,27.705079],[76.904588,27.727972],[76.91544,27.815253],[76.937351,27.846569],[76.939831,27.900545],[76.942725,27.92349],[76.93456,27.949095],[76.936214,27.974417],[76.933113,27.998498],[76.920918,28.033535],[76.923501,28.067899],[76.940555,28.122987],[76.939624,28.146318],[76.925258,28.166369],[76.886915,28.194016],[76.868001,28.217994],[76.842679,28.233936],[76.803922,28.219053],[76.783045,28.186652],[76.758137,28.159729],[76.736536,28.147817],[76.710801,28.128929],[76.683206,28.110145],[76.659745,28.096347],[76.642795,28.073816],[76.647653,28.050381],[76.657988,28.029116],[76.636491,28.011081],[76.614683,28.009092],[76.590498,28.001004],[76.567244,27.976432],[76.54368,27.978835],[76.5258,28.029788],[76.496757,28.042475],[76.449939,28.05927],[76.471849,28.079656],[76.446528,28.104099],[76.471953,28.116372],[76.453453,28.162829],[76.432369,28.168152],[76.36798,28.15637],[76.347206,28.178048],[76.320231,28.196135],[76.297286,28.192414],[76.305761,28.166912],[76.331393,28.151383],[76.333977,28.128774],[76.309172,28.122728],[76.327982,28.097794],[76.346482,28.075832],[76.332943,28.051802],[76.304728,28.048779],[76.266694,28.077485],[76.241889,28.077485],[76.216051,28.06821],[76.186802,28.074462],[76.166545,28.065083],[76.15962,28.044283],[76.15776,28.01966],[76.165822,27.991522],[76.179051,27.957622],[76.179671,27.92287],[76.185872,27.898349],[76.203959,27.878092],[76.20799,27.854476],[76.209126,27.827397],[76.179051,27.807657],[76.143187,27.831015],[76.120346,27.851866],[76.092234,27.854269],[75.99994,27.842745],[75.975446,27.870573],[75.969038,27.894628],[75.931521,27.91809],[75.931934,27.953462],[75.958702,27.952377],[75.986091,27.970619],[75.975756,27.99346],[75.976686,28.014156],[75.988881,28.042423],[76.011619,28.065781],[76.030843,28.092239],[76.007898,28.108362],[75.985471,28.086916],[75.948574,28.103091],[75.946093,28.128051],[75.973068,28.144148],[75.994669,28.150969],[76.019474,28.178048],[76.054407,28.169134],[76.080659,28.163604],[76.07084,28.195669],[76.047896,28.221404],[76.039318,28.241894],[76.026192,28.262229],[75.957772,28.343464],[75.91178,28.384702],[75.887079,28.403848],[75.858864,28.410928],[75.834059,28.419403],[75.806464,28.432916],[75.781866,28.428265],[75.771014,28.455499],[75.763262,28.478624],[75.698563,28.520559],[75.672518,28.555182],[75.649264,28.57513],[75.624149,28.607608],[75.593557,28.642671],[75.580018,28.668302],[75.550045,28.754111],[75.530098,28.792455],[75.528031,28.820231],[75.507154,28.860874],[75.492788,28.907125],[75.487207,28.932963],[75.507774,28.951256],[75.52152,28.977792],[75.510358,29.000452],[75.460748,29.017764],[75.423955,29.063653],[75.39822,29.095046],[75.392019,29.115097],[75.393569,29.13631],[75.377859,29.162665],[75.386954,29.18349],[75.408245,29.190492],[75.407005,29.213514],[75.394499,29.233875],[75.388091,29.257646],[75.36432,29.252039],[75.343443,29.23496],[75.323082,29.253848],[75.330627,29.282916],[75.276987,29.282166],[75.261794,29.260592],[75.228308,29.253047],[75.197509,29.264157],[75.174151,29.272245],[75.150173,29.252608],[75.130019,29.249481],[75.106558,29.238216],[75.079583,29.236329],[75.055295,29.268446],[75.029353,29.29059],[74.997624,29.280151],[74.97561,29.282011],[74.944501,29.321931],[74.935612,29.344462],[74.925484,29.366011],[74.897785,29.382729],[74.865332,29.391075],[74.841251,29.402521],[74.808798,29.398128],[74.786164,29.381566],[74.758569,29.364254],[74.709373,29.371076],[74.67537,29.366735],[74.649118,29.363531],[74.639713,29.338933],[74.612841,29.332809],[74.589587,29.366812],[74.566436,29.395131],[74.555584,29.416293],[74.537084,29.441382],[74.55052,29.465385],[74.586797,29.46629],[74.606847,29.477529],[74.613772,29.520214],[74.602713,29.543727],[74.578528,29.573001],[74.583386,29.674339],[74.602713,29.726351],[74.60478,29.755032],[74.584316,29.770121],[74.560235,29.7556],[74.53388,29.75051],[74.506285,29.73679],[74.477966,29.739865],[74.459362,29.763093],[74.466494,29.798931],[74.481893,29.823503],[74.524681,29.840789],[74.547006,29.860813],[74.544835,29.887969],[74.518377,29.909777],[74.516517,29.94719],[74.577805,29.933832],[74.632685,29.914815],[74.654389,29.917089],[74.667205,29.937656],[74.710717,29.968378],[74.745236,29.972383],[74.767251,29.974708],[74.806215,29.98525],[74.826782,29.981297],[74.852413,29.962693],[74.90347,29.954839],[74.927551,29.941351],[74.937473,29.915384],[74.969099,29.892543],[74.99566,29.872983],[75.019535,29.875619],[75.04744,29.883887],[75.067801,29.888357],[75.079893,29.91311],[75.102114,29.923807],[75.106765,29.902077],[75.101804,29.879598],[75.099013,29.859418],[75.098186,29.833967],[75.128676,29.810687],[75.149863,29.793866],[75.155134,29.817121],[75.179732,29.833192],[75.200196,29.807018],[75.230892,29.765806],[75.210531,29.747384],[75.20712,29.718212],[75.184073,29.693718],[75.192548,29.663254],[75.194305,29.63863],[75.217869,29.614678],[75.226447,29.590701],[75.234612,29.561788],[75.267995,29.569642],[75.29528,29.574862],[75.299518,29.597677],[75.29063,29.621526],[75.31161,29.656175],[75.335795,29.660903],[75.345303,29.686974],[75.376722,29.712941],[75.408762,29.761414],[75.431499,29.785831],[75.445762,29.806191],[75.477905,29.800533],[75.511185,29.787846],[75.539503,29.787484],[75.575367,29.769527],[75.604409,29.764669],[75.641926,29.773067],[75.663217,29.775315],[75.698563,29.768984],[75.718924,29.786063],[75.727502,29.810351],[75.759231,29.823735],[75.786,29.83097],[75.806257,29.828645],[75.829821,29.821074],[75.851939,29.805029],[75.873126,29.764101],[75.90806,29.748159],[75.939892,29.738547],[75.970588,29.742965],[75.991569,29.752732],[76.031773,29.754825],[76.05203,29.764411],[76.08438,29.802109],[76.125824,29.81849],[76.147321,29.82327],[76.184115,29.845414],[76.213881,29.858746],[76.219048,29.885489],[76.193313,29.901069],[76.181014,29.92807],[76.178121,29.954684],[76.203339,30.021682],[76.219048,30.042508],[76.216981,30.063695],[76.246333,30.084882],[76.217188,30.105217],[76.201375,30.125603],[76.228763,30.138652],[76.257702,30.118601],[76.286538,30.110514],[76.308138,30.105915],[76.329946,30.116844],[76.328086,30.138833],[76.357748,30.123717],[76.379349,30.119945],[76.392474,30.144698],[76.388444,30.165756],[76.401983,30.186452],[76.429578,30.140357],[76.448698,30.108111],[76.486526,30.090773],[76.531381,30.083978],[76.589775,30.124027],[76.624812,30.142837],[76.630083,30.166893],[76.640831,30.190561],[76.628222,30.210714],[76.605278,30.221515],[76.594736,30.243865],[76.561146,30.22477],[76.539339,30.219887],[76.539132,30.245131],[76.564557,30.2619],[76.605588,30.274431],[76.636904,30.29102],[76.714315,30.337115],[76.736846,30.357088],[76.716382,30.381247],[76.721447,30.410599],[76.752866,30.43052],[76.786456,30.422924],[76.82945,30.427084],[76.851051,30.404734],[76.860043,30.376828],[76.880507,30.358302],[76.904898,30.384089],[76.906345,30.405612],[76.897146,30.442096],[76.89601,30.486615],[76.910376,30.514158],[76.89787,30.535191],[76.894459,30.561132],[76.901487,30.592629],[76.891049,30.62733],[76.865934,30.640869],[76.854358,30.675337],[76.82728,30.680712],[76.818805,30.703191],[76.826556,30.735282],[76.819425,30.756779],[76.811674,30.777657],[76.829657,30.808766],[76.835858,30.82923],[76.808573,30.852432],[76.785525,30.885169],[76.768162,30.907597],[76.796274,30.930335],[76.810123,30.934262]]]}},{"type":"Feature","properties":{"name":"Telangana","code":"IN-TG"},"geometry":{"type":"Polygon","coordinates":[[[77.551163,18.307875],[77.557675,18.329889],[77.547753,18.352033],[77.502588,18.381591],[77.519537,18.40327],[77.543929,18.427325],[77.54982,18.464946],[77.559535,18.487761],[77.575245,18.522358],[77.592298,18.548145],[77.619273,18.56264],[77.660407,18.565353],[77.688519,18.574732],[77.702989,18.597444],[77.70981,18.622688],[77.70826,18.649844],[77.705779,18.679067],[77.725416,18.700203],[77.746604,18.705008],[77.770271,18.702683],[77.819674,18.780043],[77.839311,18.80955],[77.864219,18.822546],[77.886027,18.826422],[77.912072,18.835362],[77.9037,18.861821],[77.854814,18.896986],[77.839518,18.925848],[77.839001,18.947009],[77.813163,18.95197],[77.805205,18.973855],[77.776679,18.985224],[77.763037,19.009021],[77.751978,19.045892],[77.778023,19.07297],[77.801794,19.099506],[77.827736,19.117541],[77.834557,19.142372],[77.83559,19.170768],[77.845409,19.195909],[77.855021,19.228362],[77.889954,19.271356],[77.8698,19.290167],[77.883133,19.31541],[77.911451,19.330267],[77.936359,19.329699],[77.963128,19.322645],[77.984625,19.325384],[78.014701,19.28872],[78.037025,19.270736],[78.063897,19.264096],[78.093869,19.269754],[78.118777,19.265207],[78.157328,19.262261],[78.180066,19.279004],[78.181616,19.310114],[78.172211,19.357088],[78.180582,19.384192],[78.204767,19.42822],[78.22213,19.450854],[78.281145,19.466719],[78.302642,19.482765],[78.303262,19.551288],[78.305743,19.574826],[78.328274,19.621723],[78.333441,19.643272],[78.351528,19.66681],[78.383567,19.684535],[78.401034,19.709159],[78.39938,19.736082],[78.370958,19.750836],[78.329514,19.838557],[78.321762,19.863258],[78.329204,19.891293],[78.369615,19.87517],[78.392869,19.853026],[78.403514,19.832485],[78.477722,19.799128],[78.498806,19.810445],[78.52051,19.821504],[78.541387,19.823984],[78.569913,19.81352],[78.602469,19.817835],[78.67864,19.792694],[78.711713,19.774349],[78.740445,19.777243],[78.780029,19.776674],[78.805557,19.763755],[78.826744,19.744506],[78.847518,19.724533],[78.87253,19.650119],[78.914801,19.628285],[78.927927,19.603765],[78.964307,19.589606],[78.980266,19.565755],[79.002112,19.560493],[79.024346,19.541525],[79.058876,19.547063],[79.080917,19.53183],[79.109569,19.522829],[79.150711,19.499977],[79.170548,19.477121],[79.197731,19.461883],[79.218302,19.474351],[79.216057,19.504303],[79.232077,19.525176],[79.243856,19.554039],[79.254301,19.577522],[79.348883,19.580097],[79.370691,19.566765],[79.389501,19.544027],[79.420403,19.536379],[79.500812,19.537232],[79.538949,19.533821],[79.562513,19.514081],[79.582667,19.508189],[79.604888,19.525475],[79.608919,19.55307],[79.636101,19.569814],[79.708551,19.591388],[79.735423,19.603352],[79.795781,19.594101],[79.835158,19.554957],[79.855002,19.521134],[79.893553,19.499689],[79.918461,19.490697],[79.943369,19.464419],[79.963833,19.426024],[79.965486,19.401917],[79.961145,19.364891],[79.955874,19.333342],[79.952981,19.297815],[79.933447,19.274173],[79.931173,19.24929],[79.930553,19.211928],[79.935411,19.191542],[79.943782,19.169218],[79.919288,19.158392],[79.893656,19.137411],[79.872675,19.110281],[79.861823,19.081084],[79.864717,19.048398],[79.93355,19.053127],[79.954531,18.968429],[79.964866,18.935356],[79.964246,18.88554],[79.95019,18.855284],[79.91691,18.826577],[79.967967,18.796476],[80.001866,18.785624],[80.039384,18.752112],[80.060674,18.73697],[80.084032,18.701391],[80.169712,18.690048],[80.241748,18.69749],[80.270377,18.71369],[80.294665,18.71338],[80.313682,18.683201],[80.317506,18.652143],[80.327118,18.631034],[80.344481,18.610699],[80.369699,18.610053],[80.390577,18.604214],[80.427887,18.597237],[80.464371,18.606668],[80.486591,18.606177],[80.520388,18.58344],[80.551807,18.566903],[80.583433,18.541375],[80.629322,18.490396],[80.644101,18.470268],[80.665185,18.449985],[80.696191,18.412287],[80.711901,18.382057],[80.720479,18.351619],[80.745284,18.297101],[80.770088,18.259015],[80.774946,18.238861],[80.744767,18.219638],[80.729471,18.197985],[80.735052,18.173749],[80.779287,18.164783],[80.799441,18.168736],[80.813497,18.20354],[80.836544,18.214212],[80.854218,18.183128],[80.857008,18.155559],[80.884913,18.136878],[80.921397,18.151425],[80.951473,18.153052],[80.957054,18.130134],[80.941861,18.102565],[80.93814,18.066159],[80.947959,18.028616],[80.974004,17.980195],[80.985579,17.840462],[80.999945,17.80695],[81.015448,17.78522],[81.044904,17.776073],[81.082937,17.799896],[81.108672,17.811755],[81.135544,17.829946],[81.157248,17.837904],[81.177609,17.831496],[81.203033,17.816613],[81.245201,17.803694],[81.274657,17.803849],[81.319409,17.808939],[81.39403,17.806691],[81.449943,17.794728],[81.472681,17.787235],[81.498313,17.817957],[81.524254,17.823486],[81.557844,17.803384],[81.578411,17.79695],[81.60611,17.811368],[81.640319,17.842296],[81.690549,17.855086],[81.716594,17.873354],[81.739435,17.897642],[81.778595,17.894371],[81.786569,17.863122],[81.775781,17.833207],[81.708457,17.799574],[81.628586,17.763421],[81.573892,17.70453],[81.535249,17.637689],[81.52922,17.58843],[81.496388,17.495938],[81.469526,17.420487],[81.408339,17.370643],[81.290443,17.345004],[81.253134,17.335032],[81.214333,17.323635],[81.188963,17.299415],[81.144193,17.249538],[81.059128,17.222457],[80.99048,17.21818],[80.930786,17.19252],[80.893078,17.155634],[80.881564,17.120864],[80.875576,17.091811],[80.855771,17.053066],[80.829519,17.046021],[80.722664,17.065835],[80.669698,17.079924],[80.641603,17.116903],[80.590939,17.139791],[80.541657,17.127467],[80.501756,17.10797],[80.494201,17.059388],[80.467415,17.035749],[80.442003,17.032466],[80.419338,17.053479],[80.39736,17.079085],[80.386371,17.019332],[80.377442,16.99306],[80.435821,16.951018],[80.474283,16.936564],[80.505877,16.943791],[80.559448,16.949047],[80.586234,16.933936],[80.595163,16.906996],[80.56563,16.861648],[80.569751,16.837984],[80.596536,16.81366],[80.59791,16.793278],[80.560562,16.783592],[80.506146,16.792487],[80.448136,16.822778],[80.393136,16.838522],[80.350986,16.862136],[80.329119,16.889756],[80.301231,16.94128],[80.280555,16.997387],[80.254109,17.023596],[80.220451,17.033251],[80.191601,17.031871],[80.153134,17.023136],[80.110821,16.997847],[80.077643,16.972555],[80.040619,16.93622],[80.012698,16.902147],[80.002428,16.871004],[80.023724,16.853535],[80.045629,16.838976],[80.073334,16.822862],[80.052989,16.785224],[80.046641,16.759467],[80.042979,16.738552],[80.025808,16.713202],[79.97169,16.654853],[79.9581,16.630439],[79.914561,16.628363],[79.889089,16.691026],[79.861501,16.70661],[79.826264,16.692084],[79.7942,16.721788],[79.771658,16.727118],[79.745616,16.716498],[79.730479,16.693793],[79.679698,16.689032],[79.646251,16.674018],[79.62379,16.66828],[79.59433,16.669135],[79.584972,16.648546],[79.557384,16.633734],[79.53297,16.630398],[79.504324,16.641872],[79.477061,16.631781],[79.44101,16.609565],[79.417735,16.590196],[79.337983,16.585232],[79.313406,16.579372],[79.283621,16.575222],[79.247813,16.554023],[79.233409,16.523627],[79.213471,16.493232],[79.214773,16.429714],[79.21046,16.40823],[79.211518,16.377265],[79.229991,16.341742],[79.226573,16.289496],[79.214773,16.244493],[79.184093,16.221015],[79.160574,16.219346],[79.136322,16.227851],[79.110281,16.231269],[79.042898,16.245673],[79.021658,16.247138],[78.997162,16.230292],[78.922862,16.189765],[78.908946,16.161444],[78.889415,16.138983],[78.860281,16.149278],[78.839122,16.124823],[78.845795,16.085476],[78.819021,16.048407],[78.791108,16.034532],[78.760916,16.027696],[78.73406,16.0303],[78.684174,16.046332],[78.656505,16.067572],[78.629161,16.071112],[78.581554,16.056179],[78.559662,16.056708],[78.539561,16.065538],[78.519623,16.086941],[78.464285,16.085761],[78.399994,16.083441],[78.378835,16.075873],[78.353526,16.05268],[78.332042,16.052069],[78.316335,16.02794],[78.280854,16.027615],[78.244395,16.03852],[78.255951,16.005683],[78.244395,15.976426],[78.235281,15.950466],[78.213145,15.92768],[78.185069,15.908718],[78.153575,15.897162],[78.131928,15.876166],[78.123953,15.849921],[78.100352,15.829657],[77.950125,15.899766],[77.914806,15.908149],[77.88795,15.919135],[77.864757,15.899848],[77.794851,15.889268],[77.749034,15.897569],[77.686046,15.893866],[77.660574,15.895575],[77.58253,15.928046],[77.492198,15.9383],[77.446467,15.95298],[77.473959,15.983495],[77.480883,16.045894],[77.4814,16.068606],[77.485121,16.092997],[77.479023,16.164414],[77.483984,16.199451],[77.490185,16.222757],[77.488532,16.250455],[77.495973,16.270506],[77.530596,16.292572],[77.551783,16.317686],[77.547649,16.343008],[77.493286,16.378174],[77.473132,16.381068],[77.410603,16.379362],[77.293711,16.406518],[77.257435,16.449358],[77.311591,16.485454],[77.344974,16.510259],[77.370916,16.524289],[77.383938,16.556173],[77.418045,16.579763],[77.435615,16.604956],[77.444297,16.633042],[77.413601,16.646891],[77.424453,16.670998],[77.445537,16.69017],[77.415461,16.717326],[77.40957,16.737842],[77.414841,16.779596],[77.434375,16.812773],[77.433444,16.934755],[77.435718,16.954934],[77.451221,16.992581],[77.467758,17.025809],[77.440989,17.081361],[77.428587,17.135983],[77.405953,17.152855],[77.378151,17.161873],[77.365335,17.194093],[77.37443,17.222567],[77.496386,17.374573],[77.507755,17.396329],[77.51623,17.41948],[77.548269,17.436119],[77.570594,17.445008],[77.581032,17.471854],[77.648005,17.497563],[77.682008,17.554975],[77.674257,17.577067],[77.642321,17.566086],[77.620203,17.552779],[77.599119,17.54681],[77.582583,17.578772],[77.54951,17.57407],[77.515507,17.576369],[77.492872,17.57761],[77.469928,17.592105],[77.423006,17.612517],[77.423936,17.65267],[77.452358,17.689334],[77.463623,17.713415],[77.516127,17.740649],[77.533697,17.76318],[77.526049,17.786434],[77.502277,17.80974],[77.507859,17.834726],[77.530286,17.855319],[77.559225,17.869866],[77.61979,17.92565],[77.625784,17.957457],[77.62134,17.986835],[77.611211,18.017221],[77.594778,18.044609],[77.562946,18.070784],[77.560982,18.095769],[77.585477,18.106466],[77.590748,18.175454],[77.569767,18.223668],[77.570904,18.249584],[77.582066,18.274182],[77.551163,18.307875]]]}}]}