{"type":"FeatureCollection","features":[{"type":"Feature","properties":{"name":"Entre Ríos","iso":"ARG"},"geometry":{"type":"Point","coordinates":[-59.178,-32.106]}},{"type":"Feature","properties":{"name":"Paysandú","iso":"URY"},"geometry":{"type":"Point","coordinates":[-57.298,-32.088]}},{"type":"Feature","properties":{"name":"Kalimantan Timur","iso":"IDN"},"geometry":{"type":"Point","coordinates":[116.728,1.472]}},{"type":"Feature","properties":{"name":"Sabah","iso":"MYS"},"geometry":{"type":"Point","coordinates":[117.356,5.504]}},{"type":"Feature","properties":{"name":"Arica y Parinacota","iso":"CHL"},"geometry":{"type":"Point","coordinates":[-69.675,-18.447]}},{"type":"Feature","properties":{"name":"La Paz","iso":"BOL"},"geometry":{"type":"Point","coordinates":[-68.162,-15.333]}},{"type":"Feature","properties":{"name":"Oruro","iso":"BOL"},"geometry":{"type":"Point","coordinates":[-67.639,-18.411]}},{"type":"Feature","properties":{"name":"Tarapacá","iso":"CHL"},"geometry":{"type":"Point","coordinates":[-69.568,-20.234]}},{"type":"Feature","properties":{"name":"Potosí","iso":"BOL"},"geometry":{"type":"Point","coordinates":[-66.321,-19.909]}},{"type":"Feature","properties":{"name":"Antofagasta","iso":"CHL"},"geometry":{"type":"Point","coordinates":[-69.6,-23.694]}},{"type":"Feature","properties":{"name":"Tacna","iso":"PER"},"geometry":{"type":"Point","coordinates":[-70.312,-17.505]}},{"type":"Feature","properties":{"name":"Salta","iso":"ARG"},"geometry":{"type":"Point","coordinates":[-65.55,-24.073]}},{"type":"Feature","properties":{"name":"Jujuy","iso":"ARG"},"geometry":{"type":"Point","coordinates":[-65.702,-23.482]}},{"type":"Feature","properties":{"name":"Dhekelia","iso":"ESB"},"geometry":{"type":"Point","coordinates":[33.804,35.024]}},{"type":"Feature","properties":{"name":"Larnaca","iso":"CYP"},"geometry":{"type":"Point","coordinates":[33.519,34.941]}},{"type":"Feature","properties":{"name":"Ladakh","iso":"IND"},"geometry":{"type":"Point","coordinates":[77.875,33.484]}},{"type":"Feature","properties":{"name":"Xinjiang","iso":"CHN"},"geometry":{"type":"Point","coordinates":[83.369,40.827]}},{"type":"Feature","properties":{"name":"Xizang","iso":"CHN"},"geometry":{"type":"Point","coordinates":[89,31.217]}},{"type":"Feature","properties":{"name":"HaDarom","iso":"ISR"},"geometry":{"type":"Point","coordinates":[34.85,31.198]}},{"type":"Feature","properties":{"name":"Gaza Strip","iso":"PSX"},"geometry":{"type":"Point","coordinates":[34.369,31.406]}},{"type":"Feature","properties":{"name":"HaZafon","iso":"ISR"},"geometry":{"type":"Point","coordinates":[35.33,32.772]}},{"type":"Feature","properties":{"name":"West Bank","iso":"PSX"},"geometry":{"type":"Point","coordinates":[35.24,31.962]}},{"type":"Feature","properties":{"name":"Haifa","iso":"ISR"},"geometry":{"type":"Point","coordinates":[35.08,32.641]}},{"type":"Feature","properties":{"name":"HaMerkaz","iso":"ISR"},"geometry":{"type":"Point","coordinates":[34.823,31.991]}},{"type":"Feature","properties":{"name":"An Nabatiyah","iso":"LBN"},"geometry":{"type":"Point","coordinates":[35.465,33.336]}},{"type":"Feature","properties":{"name":"South Lebanon","iso":"LBN"},"geometry":{"type":"Point","coordinates":[35.407,33.379]}},{"type":"Feature","properties":{"name":"Southern Nations, Nationalities and Peoples","iso":"ETH"},"geometry":{"type":"Point","coordinates":[36.895,6.761]}},{"type":"Feature","properties":{"name":"Eastern Equatoria","iso":"SDS"},"geometry":{"type":"Point","coordinates":[34.12,4.708]}},{"type":"Feature","properties":{"name":"Somali","iso":"ETH"},"geometry":{"type":"Point","coordinates":[42.488,7.509]}},{"type":"Feature","properties":{"name":"Nugaal","iso":"SOM"},"geometry":{"type":"Point","coordinates":[49.001,8.2]}},{"type":"Feature","properties":{"name":"Mudug","iso":"SOM"},"geometry":{"type":"Point","coordinates":[47.931,6.499]}},{"type":"Feature","properties":{"name":"Galguduud","iso":"SOM"},"geometry":{"type":"Point","coordinates":[46.568,5.254]}},{"type":"Feature","properties":{"name":"Hiiraan","iso":"SOM"},"geometry":{"type":"Point","coordinates":[45.352,4.503]}},{"type":"Feature","properties":{"name":"Bakool","iso":"SOM"},"geometry":{"type":"Point","coordinates":[43.857,4.323]}},{"type":"Feature","properties":{"name":"Gedo","iso":"SOM"},"geometry":{"type":"Point","coordinates":[41.827,3.191]}},{"type":"Feature","properties":{"name":"Rift Valley","iso":"KEN"},"geometry":{"type":"Point","coordinates":[36.059,0.678]}},{"type":"Feature","properties":{"name":"Chitipa","iso":"MWI"},"geometry":{"type":"Point","coordinates":[33.981,-9.945]}},{"type":"Feature","properties":{"name":"Mbeya","iso":"TZA"},"geometry":{"type":"Point","coordinates":[33.421,-8.615]}},{"type":"Feature","properties":{"name":"Njombe","iso":"TZA"},"geometry":{"type":"Point","coordinates":[34.628,-9.603]}},{"type":"Feature","properties":{"name":"Ruvuma","iso":"TZA"},"geometry":{"type":"Point","coordinates":[36.042,-10.87]}},{"type":"Feature","properties":{"name":"Rumphi","iso":"MWI"},"geometry":{"type":"Point","coordinates":[33.827,-10.887]}},{"type":"Feature","properties":{"name":"Nkhata Bay","iso":"MWI"},"geometry":{"type":"Point","coordinates":[34.193,-11.606]}},{"type":"Feature","properties":{"name":"Arunachal Pradesh","iso":"IND"},"geometry":{"type":"Point","coordinates":[94.95,27.801]}},{"type":"Feature","properties":{"name":"UNDOF","iso":"SYR"},"geometry":{"type":"Point","coordinates":[35.849,33.143]}},{"type":"Feature","properties":{"name":"Somaliland","iso":"SOL"},"geometry":{"type":"Point","coordinates":[45.632,10.284]}},{"type":"Feature","properties":{"name":"Bari","iso":"SOM"},"geometry":{"type":"Point","coordinates":[50.532,10.617]}},{"type":"Feature","properties":{"name":"Guyane française","iso":"FRA"},"geometry":{"type":"Point","coordinates":[-53.325,3.742]}},{"type":"Feature","properties":{"name":"Sipaliwini","iso":"SUR"},"geometry":{"type":"Point","coordinates":[-55.917,3.695]}},{"type":"Feature","properties":{"name":"Mahaica-Berbice","iso":"GUY"},"geometry":{"type":"Point","coordinates":[-57.523,3.79]}},{"type":"Feature","properties":{"name":"Gangwon","iso":"KOR"},"geometry":{"type":"Point","coordinates":[128.239,37.539]}},{"type":"Feature","properties":{"name":"Kangwŏn-do","iso":"PRK"},"geometry":{"type":"Point","coordinates":[127.289,38.835]}},{"type":"Feature","properties":{"name":"Gyeonggi","iso":"KOR"},"geometry":{"type":"Point","coordinates":[126.627,37.515]}},{"type":"Feature","properties":{"name":"Hwanghae-bukto","iso":"PRK"},"geometry":{"type":"Point","coordinates":[126.361,38.57]}},{"type":"Feature","properties":{"name":"Guelmim - Es-Semara","iso":"MAR"},"geometry":{"type":"Point","coordinates":[-9.346,28.544]}},{"type":"Feature","properties":{"name":"Western Sahara","iso":"SAH"},"geometry":{"type":"Point","coordinates":[-12.257,24.516]}},{"type":"Feature","properties":{"name":"Laâyoune - Boujdour - Sakia El Hamra","iso":"MAR"},"geometry":{"type":"Point","coordinates":[-13.546,26.104]}},{"type":"Feature","properties":{"name":"Oued el Dahab","iso":"MAR"},"geometry":{"type":"Point","coordinates":[-15.528,23.197]}},{"type":"Feature","properties":{"name":"Alajuela","iso":"CRI"},"geometry":{"type":"Point","coordinates":[-84.692,10.451]}},{"type":"Feature","properties":{"name":"Rio San Juan","iso":"NIC"},"geometry":{"type":"Point","coordinates":[-84.287,11.184]}},{"type":"Feature","properties":{"name":"Likouala","iso":"COG"},"geometry":{"type":"Point","coordinates":[17.352,1.969]}},{"type":"Feature","properties":{"name":"Équateur","iso":"COD"},"geometry":{"type":"Point","coordinates":[21.263,1.073]}},{"type":"Feature","properties":{"name":"Cuvette","iso":"COG"},"geometry":{"type":"Point","coordinates":[15.8,-0.585]}},{"type":"Feature","properties":{"name":"Plateaux","iso":"COG"},"geometry":{"type":"Point","coordinates":[15.163,-2.357]}},{"type":"Feature","properties":{"name":"Bandundu","iso":"COD"},"geometry":{"type":"Point","coordinates":[18.46,-4.848]}},{"type":"Feature","properties":{"name":"Pool","iso":"COG"},"geometry":{"type":"Point","coordinates":[14.821,-3.515]}},{"type":"Feature","properties":{"name":"Brazzaville","iso":"COG"},"geometry":{"type":"Point","coordinates":[15.461,-3.924]}},{"type":"Feature","properties":{"name":"Kinshasa City","iso":"COD"},"geometry":{"type":"Point","coordinates":[15.874,-4.534]}},{"type":"Feature","properties":{"name":"Bas-Congo","iso":"COD"},"geometry":{"type":"Point","coordinates":[14.09,-5.119]}},{"type":"Feature","properties":{"name":"Bouenza","iso":"COG"},"geometry":{"type":"Point","coordinates":[13.508,-3.975]}},{"type":"Feature","properties":{"name":"Niari","iso":"COG"},"geometry":{"type":"Point","coordinates":[12.665,-3.376]}},{"type":"Feature","properties":{"name":"Tashi Yangtse","iso":"BTN"},"geometry":{"type":"Point","coordinates":[91.488,27.707]}},{"type":"Feature","properties":{"name":"Lhuntshi","iso":"BTN"},"geometry":{"type":"Point","coordinates":[91.057,27.767]}},{"type":"Feature","properties":{"name":"Bumthang","iso":"BTN"},"geometry":{"type":"Point","coordinates":[90.682,27.716]}},{"type":"Feature","properties":{"name":"Chernihiv","iso":"UKR"},"geometry":{"type":"Point","coordinates":[32.067,51.19]}},{"type":"Feature","properties":{"name":"Gomel","iso":"BLR"},"geometry":{"type":"Point","coordinates":[29.578,52.422]}},{"type":"Feature","properties":{"name":"Volyn","iso":"UKR"},"geometry":{"type":"Point","coordinates":[25.131,50.964]}},{"type":"Feature","properties":{"name":"Brest","iso":"BLR"},"geometry":{"type":"Point","coordinates":[25.618,52.597]}},{"type":"Feature","properties":{"name":"Rivne","iso":"UKR"},"geometry":{"type":"Point","coordinates":[26.178,50.879]}},{"type":"Feature","properties":{"name":"Zhytomyr","iso":"UKR"},"geometry":{"type":"Point","coordinates":[28.507,50.532]}},{"type":"Feature","properties":{"name":"Kiev","iso":"UKR"},"geometry":{"type":"Point","coordinates":[30.547,50.222]}},{"type":"Feature","properties":{"name":"Karas","iso":"NAM"},"geometry":{"type":"Point","coordinates":[17.311,-27.255]}},{"type":"Feature","properties":{"name":"Northern Cape","iso":"ZAF"},"geometry":{"type":"Point","coordinates":[20.625,-29.023]}},{"type":"Feature","properties":{"name":"Beqaa","iso":"LBN"},"geometry":{"type":"Point","coordinates":[36.105,33.95]}},{"type":"Feature","properties":{"name":"North Lebanon","iso":"LBN"},"geometry":{"type":"Point","coordinates":[36.058,34.403]}},{"type":"Feature","properties":{"name":"Homs (Hims)","iso":"SYR"},"geometry":{"type":"Point","coordinates":[37.187,34.689]}},{"type":"Feature","properties":{"name":"Tartus","iso":"SYR"},"geometry":{"type":"Point","coordinates":[36.109,34.936]}},{"type":"Feature","properties":{"name":"Rif Dimashq","iso":"SYR"},"geometry":{"type":"Point","coordinates":[36.623,33.433]}},{"type":"Feature","properties":{"name":"St. Martin","iso":"MAF"},"geometry":{"type":"Point","coordinates":[-63.079,18.076]}},{"type":"Feature","properties":{"name":"Sint Maarten","iso":"SXM"},"geometry":{"type":"Point","coordinates":[-63.087,18.047]}},{"type":"Feature","properties":{"name":"Fujayrah","iso":"ARE"},"geometry":{"type":"Point","coordinates":[56.162,25.315]}},{"type":"Feature","properties":{"name":"Musandam","iso":"OMN"},"geometry":{"type":"Point","coordinates":[56.335,26.034]}},{"type":"Feature","properties":{"name":"Sharjah","iso":"ARE"},"geometry":{"type":"Point","coordinates":[55.908,25.174]}},{"type":"Feature","properties":{"name":"Ras Al Khaymah","iso":"ARE"},"geometry":{"type":"Point","coordinates":[56.062,25.413]}},{"type":"Feature","properties":{"name":"Likoma","iso":"MWI"},"geometry":{"type":"Point","coordinates":[34.654,-12.04]}},{"type":"Feature","properties":{"name":"Ferghana","iso":"UZB"},"geometry":{"type":"Point","coordinates":[71.33,40.353]}},{"type":"Feature","properties":{"name":"East Kazakhstan","iso":"KAZ"},"geometry":{"type":"Point","coordinates":[82.81,49.342]}},{"type":"Feature","properties":{"name":"Almaty","iso":"KAZ"},"geometry":{"type":"Point","coordinates":[78.714,44.338]}},{"type":"Feature","properties":{"name":"Leninabad","iso":"TJK"},"geometry":{"type":"Point","coordinates":[69.514,39.769]}},{"type":"Feature","properties":{"name":"Vitebsk","iso":"BLR"},"geometry":{"type":"Point","coordinates":[28.969,54.878]}},{"type":"Feature","properties":{"name":"Utenos","iso":"LTU"},"geometry":{"type":"Point","coordinates":[25.525,55.439]}},{"type":"Feature","properties":{"name":"Vilniaus","iso":"LTU"},"geometry":{"type":"Point","coordinates":[25.254,54.901]}},{"type":"Feature","properties":{"name":"Grodno","iso":"BLR"},"geometry":{"type":"Point","coordinates":[25.492,53.698]}},{"type":"Feature","properties":{"name":"Alytaus","iso":"LTU"},"geometry":{"type":"Point","coordinates":[24.158,54.263]}},{"type":"Feature","properties":{"name":"Rio Grande do Sul","iso":"BRA"},"geometry":{"type":"Point","coordinates":[-52.79,-29.514]}},{"type":"Feature","properties":{"name":"Artigas","iso":"URY"},"geometry":{"type":"Point","coordinates":[-56.902,-30.646]}},{"type":"Feature","properties":{"name":"Dornod","iso":"MNG"},"geometry":{"type":"Point","coordinates":[116.608,47.811]}},{"type":"Feature","properties":{"name":"Inner Mongol","iso":"CHN"},"geometry":{"type":"Point","coordinates":[116.924,44.65]}},{"type":"Feature","properties":{"name":"Bayan-Ölgiy","iso":"MNG"},"geometry":{"type":"Point","coordinates":[89.851,48.46]}},{"type":"Feature","properties":{"name":"Hovd","iso":"MNG"},"geometry":{"type":"Point","coordinates":[92.143,46.942]}},{"type":"Feature","properties":{"name":"Sühbaatar","iso":"MNG"},"geometry":{"type":"Point","coordinates":[113.466,46.158]}},{"type":"Feature","properties":{"name":"Dornogovi","iso":"MNG"},"geometry":{"type":"Point","coordinates":[109.85,45.029]}},{"type":"Feature","properties":{"name":"Govi-Altay","iso":"MNG"},"geometry":{"type":"Point","coordinates":[95.669,45.761]}},{"type":"Feature","properties":{"name":"Gansu","iso":"CHN"},"geometry":{"type":"Point","coordinates":[103.307,36.17]}},{"type":"Feature","properties":{"name":"Bayanhongor","iso":"MNG"},"geometry":{"type":"Point","coordinates":[99.6,46.023]}},{"type":"Feature","properties":{"name":"Ömnögovi","iso":"MNG"},"geometry":{"type":"Point","coordinates":[104.196,43.723]}},{"type":"Feature","properties":{"name":"Gorno-Altay","iso":"RUS"},"geometry":{"type":"Point","coordinates":[87.215,50.946]}},{"type":"Feature","properties":{"name":"Ústecký","iso":"CZE"},"geometry":{"type":"Point","coordinates":[13.915,50.544]}},{"type":"Feature","properties":{"name":"Sachsen","iso":"DEU"},"geometry":{"type":"Point","coordinates":[12.997,50.951]}},{"type":"Feature","properties":{"name":"Liberecký","iso":"CZE"},"geometry":{"type":"Point","coordinates":[15.007,50.701]}},{"type":"Feature","properties":{"name":"Karlovarský","iso":"CZE"},"geometry":{"type":"Point","coordinates":[12.693,50.178]}},{"type":"Feature","properties":{"name":"Bayern","iso":"DEU"},"geometry":{"type":"Point","coordinates":[10.676,49.229]}},{"type":"Feature","properties":{"name":"Plzeňský","iso":"CZE"},"geometry":{"type":"Point","coordinates":[13.338,49.639]}},{"type":"Feature","properties":{"name":"Jihočeský","iso":"CZE"},"geometry":{"type":"Point","coordinates":[14.581,49.161]}},{"type":"Feature","properties":{"name":"Viljandi","iso":"EST"},"geometry":{"type":"Point","coordinates":[25.42,58.271]}},{"type":"Feature","properties":{"name":"Rujienas","iso":"LVA"},"geometry":{"type":"Point","coordinates":[25.272,57.96]}},{"type":"Feature","properties":{"name":"Mazsalacas","iso":"LVA"},"geometry":{"type":"Point","coordinates":[25.028,57.895]}},{"type":"Feature","properties":{"name":"Pärnu","iso":"EST"},"geometry":{"type":"Point","coordinates":[24.54,58.372]}},{"type":"Feature","properties":{"name":"Alojas","iso":"LVA"},"geometry":{"type":"Point","coordinates":[24.909,57.78]}},{"type":"Feature","properties":{"name":"Valga","iso":"EST"},"geometry":{"type":"Point","coordinates":[26.16,57.925]}},{"type":"Feature","properties":{"name":"Nauksenu","iso":"LVA"},"geometry":{"type":"Point","coordinates":[25.495,57.9]}},{"type":"Feature","properties":{"name":"Salacgrivas","iso":"LVA"},"geometry":{"type":"Point","coordinates":[24.458,57.685]}},{"type":"Feature","properties":{"name":"Võru","iso":"EST"},"geometry":{"type":"Point","coordinates":[26.896,57.734]}},{"type":"Feature","properties":{"name":"Apes","iso":"LVA"},"geometry":{"type":"Point","coordinates":[26.461,57.457]}},{"type":"Feature","properties":{"name":"Valkas","iso":"LVA"},"geometry":{"type":"Point","coordinates":[25.917,57.716]}},{"type":"Feature","properties":{"name":"Aluksne","iso":"LVA"},"geometry":{"type":"Point","coordinates":[27.1,57.39]}},{"type":"Feature","properties":{"name":"Pskov","iso":"RUS"},"geometry":{"type":"Point","coordinates":[29.766,57.094]}},{"type":"Feature","properties":{"name":"Vilakas","iso":"LVA"},"geometry":{"type":"Point","coordinates":[27.651,57.198]}},{"type":"Feature","properties":{"name":"Baltinavas","iso":"LVA"},"geometry":{"type":"Point","coordinates":[27.602,56.919]}},{"type":"Feature","properties":{"name":"Karsavas","iso":"LVA"},"geometry":{"type":"Point","coordinates":[27.571,56.779]}},{"type":"Feature","properties":{"name":"Ciblas","iso":"LVA"},"geometry":{"type":"Point","coordinates":[27.868,56.598]}},{"type":"Feature","properties":{"name":"Ludzas","iso":"LVA"},"geometry":{"type":"Point","coordinates":[27.798,56.374]}},{"type":"Feature","properties":{"name":"Zilupes","iso":"LVA"},"geometry":{"type":"Point","coordinates":[28.074,56.285]}},{"type":"Feature","properties":{"name":"Panevezio","iso":"LTU"},"geometry":{"type":"Point","coordinates":[24.625,55.807]}},{"type":"Feature","properties":{"name":"Neretas","iso":"LVA"},"geometry":{"type":"Point","coordinates":[25.191,56.316]}},{"type":"Feature","properties":{"name":"Viesites","iso":"LVA"},"geometry":{"type":"Point","coordinates":[25.472,56.311]}},{"type":"Feature","properties":{"name":"Vecumnieku","iso":"LVA"},"geometry":{"type":"Point","coordinates":[24.617,56.527]}},{"type":"Feature","properties":{"name":"Telšiai","iso":"LTU"},"geometry":{"type":"Point","coordinates":[22.175,55.987]}},{"type":"Feature","properties":{"name":"Saldus","iso":"LVA"},"geometry":{"type":"Point","coordinates":[22.32,56.646]}},{"type":"Feature","properties":{"name":"Klaipedos","iso":"LTU"},"geometry":{"type":"Point","coordinates":[21.636,55.622]}},{"type":"Feature","properties":{"name":"Rucavas","iso":"LVA"},"geometry":{"type":"Point","coordinates":[21.181,56.208]}},{"type":"Feature","properties":{"name":"Priekules","iso":"LVA"},"geometry":{"type":"Point","coordinates":[21.576,56.441]}},{"type":"Feature","properties":{"name":"Vainodes","iso":"LVA"},"geometry":{"type":"Point","coordinates":[21.86,56.464]}},{"type":"Feature","properties":{"name":"Šiauliai","iso":"LTU"},"geometry":{"type":"Point","coordinates":[23.21,55.925]}},{"type":"Feature","properties":{"name":"Auces","iso":"LVA"},"geometry":{"type":"Point","coordinates":[22.926,56.47]}},{"type":"Feature","properties":{"name":"Bauska","iso":"LVA"},"geometry":{"type":"Point","coordinates":[24.265,56.394]}},{"type":"Feature","properties":{"name":"Tervetes","iso":"LVA"},"geometry":{"type":"Point","coordinates":[23.354,56.432]}},{"type":"Feature","properties":{"name":"Jelgava","iso":"LVA"},"geometry":{"type":"Point","coordinates":[23.638,56.547]}},{"type":"Feature","properties":{"name":"Rundales","iso":"LVA"},"geometry":{"type":"Point","coordinates":[23.943,56.407]}},{"type":"Feature","properties":{"name":"Aknistes","iso":"LVA"},"geometry":{"type":"Point","coordinates":[25.843,56.116]}},{"type":"Feature","properties":{"name":"Ilukstes","iso":"LVA"},"geometry":{"type":"Point","coordinates":[26.129,56.038]}},{"type":"Feature","properties":{"name":"Daugavpils","iso":"LVA"},"geometry":{"type":"Point","coordinates":[26.645,55.97]}},{"type":"Feature","properties":{"name":"Troms","iso":"NOR"},"geometry":{"type":"Point","coordinates":[18.955,69.501]}},{"type":"Feature","properties":{"name":"Norrbotten","iso":"SWE"},"geometry":{"type":"Point","coordinates":[22.14,66.283]}},{"type":"Feature","properties":{"name":"Nordland","iso":"NOR"},"geometry":{"type":"Point","coordinates":[13.974,67.5]}},{"type":"Feature","properties":{"name":"Västerbotten","iso":"SWE"},"geometry":{"type":"Point","coordinates":[19.632,64.354]}},{"type":"Feature","properties":{"name":"Jämtland","iso":"SWE"},"geometry":{"type":"Point","coordinates":[14.766,63.31]}},{"type":"Feature","properties":{"name":"Nord-Trøndelag","iso":"NOR"},"geometry":{"type":"Point","coordinates":[11.396,64.482]}},{"type":"Feature","properties":{"name":"Sør-Trøndelag","iso":"NOR"},"geometry":{"type":"Point","coordinates":[9.786,63.559]}},{"type":"Feature","properties":{"name":"Hedmark","iso":"NOR"},"geometry":{"type":"Point","coordinates":[11.196,61.389]}},{"type":"Feature","properties":{"name":"Dalarna","iso":"SWE"},"geometry":{"type":"Point","coordinates":[14.891,60.651]}},{"type":"Feature","properties":{"name":"Värmland","iso":"SWE"},"geometry":{"type":"Point","coordinates":[13.103,59.708]}},{"type":"Feature","properties":{"name":"Akershus","iso":"NOR"},"geometry":{"type":"Point","coordinates":[11.148,59.985]}},{"type":"Feature","properties":{"name":"Østfold","iso":"NOR"},"geometry":{"type":"Point","coordinates":[11.13,59.313]}},{"type":"Feature","properties":{"name":"Västra Götaland","iso":"SWE"},"geometry":{"type":"Point","coordinates":[12.229,58.27]}},{"type":"Feature","properties":{"name":"Lapland","iso":"FIN"},"geometry":{"type":"Point","coordinates":[25.412,67.608]}},{"type":"Feature","properties":{"name":"Finnmark","iso":"NOR"},"geometry":{"type":"Point","coordinates":[25.614,70.373]}},{"type":"Feature","properties":{"name":"Kon Tum","iso":"VNM"},"geometry":{"type":"Point","coordinates":[107.772,14.766]}},{"type":"Feature","properties":{"name":"Rôtânôkiri","iso":"KHM"},"geometry":{"type":"Point","coordinates":[107.133,13.884]}},{"type":"Feature","properties":{"name":"Đắk Nông","iso":"VNM"},"geometry":{"type":"Point","coordinates":[107.792,12.098]}},{"type":"Feature","properties":{"name":"Môndól Kiri","iso":"KHM"},"geometry":{"type":"Point","coordinates":[106.924,12.913]}},{"type":"Feature","properties":{"name":"Đắk Lắk","iso":"VNM"},"geometry":{"type":"Point","coordinates":[108.237,12.604]}},{"type":"Feature","properties":{"name":"Gia Lai","iso":"VNM"},"geometry":{"type":"Point","coordinates":[108.233,13.791]}},{"type":"Feature","properties":{"name":"Bình Phước","iso":"VNM"},"geometry":{"type":"Point","coordinates":[106.812,11.661]}},{"type":"Feature","properties":{"name":"Krâchéh","iso":"KHM"},"geometry":{"type":"Point","coordinates":[106.195,12.629]}},{"type":"Feature","properties":{"name":"Tây Ninh","iso":"VNM"},"geometry":{"type":"Point","coordinates":[106.175,11.376]}},{"type":"Feature","properties":{"name":"Kâmpóng Cham","iso":"KHM"},"geometry":{"type":"Point","coordinates":[105.558,12.04]}},{"type":"Feature","properties":{"name":"Svay Rieng","iso":"KHM"},"geometry":{"type":"Point","coordinates":[105.82,11.162]}},{"type":"Feature","properties":{"name":"Prey Vêng","iso":"KHM"},"geometry":{"type":"Point","coordinates":[105.494,11.412]}},{"type":"Feature","properties":{"name":"Long An","iso":"VNM"},"geometry":{"type":"Point","coordinates":[106.273,10.723]}},{"type":"Feature","properties":{"name":"Ðong Tháp","iso":"VNM"},"geometry":{"type":"Point","coordinates":[105.526,10.661]}},{"type":"Feature","properties":{"name":"An Giang","iso":"VNM"},"geometry":{"type":"Point","coordinates":[105.251,10.573]}},{"type":"Feature","properties":{"name":"Kândal","iso":"KHM"},"geometry":{"type":"Point","coordinates":[104.983,11.504]}},{"type":"Feature","properties":{"name":"Takêv","iso":"KHM"},"geometry":{"type":"Point","coordinates":[104.777,11.003]}},{"type":"Feature","properties":{"name":"Kiên Giang","iso":"VNM"},"geometry":{"type":"Point","coordinates":[104.707,10.059]}},{"type":"Feature","properties":{"name":"Kâmpôt","iso":"KHM"},"geometry":{"type":"Point","coordinates":[104.331,10.761]}},{"type":"Feature","properties":{"name":"Rheinland-Pfalz","iso":"DEU"},"geometry":{"type":"Point","coordinates":[7.376,50.1]}},{"type":"Feature","properties":{"name":"Diekirch","iso":"LUX"},"geometry":{"type":"Point","coordinates":[5.98,49.921]}},{"type":"Feature","properties":{"name":"Grevenmacher","iso":"LUX"},"geometry":{"type":"Point","coordinates":[6.348,49.702]}},{"type":"Feature","properties":{"name":"Saarland","iso":"DEU"},"geometry":{"type":"Point","coordinates":[7.056,49.343]}},{"type":"Feature","properties":{"name":"Nord","iso":"FRA"},"geometry":{"type":"Point","coordinates":[3.256,50.42]}},{"type":"Feature","properties":{"name":"West Flanders","iso":"BEL"},"geometry":{"type":"Point","coordinates":[3.055,50.914]}},{"type":"Feature","properties":{"name":"Hainaut","iso":"BEL"},"geometry":{"type":"Point","coordinates":[3.881,50.451]}},{"type":"Feature","properties":{"name":"Ardennes","iso":"FRA"},"geometry":{"type":"Point","coordinates":[4.734,49.658]}},{"type":"Feature","properties":{"name":"Namur","iso":"BEL"},"geometry":{"type":"Point","coordinates":[4.867,50.205]}},{"type":"Feature","properties":{"name":"Aisne","iso":"FRA"},"geometry":{"type":"Point","coordinates":[3.618,49.491]}},{"type":"Feature","properties":{"name":"Luxembourg","iso":"BEL"},"geometry":{"type":"Point","coordinates":[5.558,49.935]}},{"type":"Feature","properties":{"name":"Meuse","iso":"FRA"},"geometry":{"type":"Point","coordinates":[5.366,49.075]}},{"type":"Feature","properties":{"name":"Meurthe-et-Moselle","iso":"FRA"},"geometry":{"type":"Point","coordinates":[5.998,48.947]}},{"type":"Feature","properties":{"name":"Liege","iso":"BEL"},"geometry":{"type":"Point","coordinates":[5.813,50.477]}},{"type":"Feature","properties":{"name":"Luxembourg","iso":"LUX"},"geometry":{"type":"Point","coordinates":[6.069,49.65]}},{"type":"Feature","properties":{"name":"Krasnodar","iso":"RUS"},"geometry":{"type":"Point","coordinates":[39.333,45.383]}},{"type":"Feature","properties":{"name":"Abkhazia","iso":"GEO"},"geometry":{"type":"Point","coordinates":[41.203,43.064]}},{"type":"Feature","properties":{"name":"Karachay-Cherkess","iso":"RUS"},"geometry":{"type":"Point","coordinates":[41.758,43.954]}},{"type":"Feature","properties":{"name":"Kabardin-Balkar","iso":"RUS"},"geometry":{"type":"Point","coordinates":[43.605,43.563]}},{"type":"Feature","properties":{"name":"Samegrelo-Zemo Svaneti","iso":"GEO"},"geometry":{"type":"Point","coordinates":[42.261,42.716]}},{"type":"Feature","properties":{"name":"North Ossetia","iso":"RUS"},"geometry":{"type":"Point","coordinates":[44.363,43.254]}},{"type":"Feature","properties":{"name":"Shida Kartli","iso":"GEO"},"geometry":{"type":"Point","coordinates":[44.031,42.149]}},{"type":"Feature","properties":{"name":"Racha-Lechkhumi-Kvemo Svaneti","iso":"GEO"},"geometry":{"type":"Point","coordinates":[43.138,42.656]}},{"type":"Feature","properties":{"name":"Ingush","iso":"RUS"},"geometry":{"type":"Point","coordinates":[44.85,43.142]}},{"type":"Feature","properties":{"name":"Mtskheta-Mtianeti","iso":"GEO"},"geometry":{"type":"Point","coordinates":[44.706,42.261]}},{"type":"Feature","properties":{"name":"Chechnya","iso":"RUS"},"geometry":{"type":"Point","coordinates":[45.92,43.321]}},{"type":"Feature","properties":{"name":"Kakheti","iso":"GEO"},"geometry":{"type":"Point","coordinates":[45.882,41.711]}},{"type":"Feature","properties":{"name":"Dagestan","iso":"RUS"},"geometry":{"type":"Point","coordinates":[46.661,43.285]}},{"type":"Feature","properties":{"name":"Struga","iso":"MKD"},"geometry":{"type":"Point","coordinates":[20.642,41.271]}},{"type":"Feature","properties":{"name":"Dibër","iso":"ALB"},"geometry":{"type":"Point","coordinates":[20.235,41.605]}},{"type":"Feature","properties":{"name":"Centar župa","iso":"MKD"},"geometry":{"type":"Point","coordinates":[20.577,41.453]}},{"type":"Feature","properties":{"name":"Debar","iso":"MKD"},"geometry":{"type":"Point","coordinates":[20.605,41.501]}},{"type":"Feature","properties":{"name":"Mavrovo and Rostusa","iso":"MKD"},"geometry":{"type":"Point","coordinates":[20.731,41.651]}},{"type":"Feature","properties":{"name":"Gostivar","iso":"MKD"},"geometry":{"type":"Point","coordinates":[20.862,41.767]}},{"type":"Feature","properties":{"name":"Kukës","iso":"ALB"},"geometry":{"type":"Point","coordinates":[20.174,42.148]}},{"type":"Feature","properties":{"name":"Korçë","iso":"ALB"},"geometry":{"type":"Point","coordinates":[20.625,40.591]}},{"type":"Feature","properties":{"name":"Elbasan","iso":"ALB"},"geometry":{"type":"Point","coordinates":[20.152,41.071]}},{"type":"Feature","properties":{"name":"Vevčani","iso":"MKD"},"geometry":{"type":"Point","coordinates":[20.565,41.235]}},{"type":"Feature","properties":{"name":"Ohrid","iso":"MKD"},"geometry":{"type":"Point","coordinates":[20.864,41.094]}},{"type":"Feature","properties":{"name":"Debarca","iso":"MKD"},"geometry":{"type":"Point","coordinates":[20.833,41.276]}},{"type":"Feature","properties":{"name":"Resen","iso":"MKD"},"geometry":{"type":"Point","coordinates":[21.045,41.019]}},{"type":"Feature","properties":{"name":"Qazax","iso":"AZE"},"geometry":{"type":"Point","coordinates":[45.184,41.111]}},{"type":"Feature","properties":{"name":"Dečani","iso":"KOS"},"geometry":{"type":"Point","coordinates":[20.231,42.543]}},{"type":"Feature","properties":{"name":"Đakovica","iso":"KOS"},"geometry":{"type":"Point","coordinates":[20.354,42.401]}},{"type":"Feature","properties":{"name":"Dragaš","iso":"KOS"},"geometry":{"type":"Point","coordinates":[20.657,41.958]}},{"type":"Feature","properties":{"name":"Prizren","iso":"KOS"},"geometry":{"type":"Point","coordinates":[20.721,42.203]}},{"type":"Feature","properties":{"name":"Ardahan","iso":"TUR"},"geometry":{"type":"Point","coordinates":[42.828,41.265]}},{"type":"Feature","properties":{"name":"Samtskhe-Javakheti","iso":"GEO"},"geometry":{"type":"Point","coordinates":[43.25,41.505]}},{"type":"Feature","properties":{"name":"Artvin","iso":"TUR"},"geometry":{"type":"Point","coordinates":[41.741,41.188]}},{"type":"Feature","properties":{"name":"Ajaria","iso":"GEO"},"geometry":{"type":"Point","coordinates":[42.09,41.634]}},{"type":"Feature","properties":{"name":"Moselle","iso":"FRA"},"geometry":{"type":"Point","coordinates":[6.833,49.043]}},{"type":"Feature","properties":{"name":"Ceuta","iso":"ESP"},"geometry":{"type":"Point","coordinates":[-5.347,35.893]}},{"type":"Feature","properties":{"name":"Tanger - Tétouan","iso":"MAR"},"geometry":{"type":"Point","coordinates":[-5.386,35.375]}},{"type":"Feature","properties":{"name":"Phôngsali","iso":"LAO"},"geometry":{"type":"Point","coordinates":[102.249,21.723]}},{"type":"Feature","properties":{"name":"Yunnan","iso":"CHN"},"geometry":{"type":"Point","coordinates":[102.236,25.499]}},{"type":"Feature","properties":{"name":"Oudômxai","iso":"LAO"},"geometry":{"type":"Point","coordinates":[101.644,20.435]}},{"type":"Feature","properties":{"name":"Louang Namtha","iso":"LAO"},"geometry":{"type":"Point","coordinates":[101.159,21.004]}},{"type":"Feature","properties":{"name":"Ysyk-Köl","iso":"KGZ"},"geometry":{"type":"Point","coordinates":[77.293,42.081]}},{"type":"Feature","properties":{"name":"Naryn","iso":"KGZ"},"geometry":{"type":"Point","coordinates":[75.468,41.568]}},{"type":"Feature","properties":{"name":"Osh","iso":"KGZ"},"geometry":{"type":"Point","coordinates":[73.025,40.231]}},{"type":"Feature","properties":{"name":"Tavush","iso":"ARM"},"geometry":{"type":"Point","coordinates":[45.041,40.929]}},{"type":"Feature","properties":{"name":"Kvemo Kartli","iso":"GEO"},"geometry":{"type":"Point","coordinates":[44.553,41.465]}},{"type":"Feature","properties":{"name":"Lori","iso":"ARM"},"geometry":{"type":"Point","coordinates":[44.445,40.96]}},{"type":"Feature","properties":{"name":"Shirak","iso":"ARM"},"geometry":{"type":"Point","coordinates":[43.928,40.716]}},{"type":"Feature","properties":{"name":"Zhambyl","iso":"KAZ"},"geometry":{"type":"Point","coordinates":[72.801,43.075]}},{"type":"Feature","properties":{"name":"Chuy","iso":"KGZ"},"geometry":{"type":"Point","coordinates":[74.779,42.474]}},{"type":"Feature","properties":{"name":"Talas","iso":"KGZ"},"geometry":{"type":"Point","coordinates":[72.41,42.388]}},{"type":"Feature","properties":{"name":"South Kazakhstan","iso":"KAZ"},"geometry":{"type":"Point","coordinates":[68.818,41.766]}},{"type":"Feature","properties":{"name":"Pomeroon-Supenaam","iso":"GUY"},"geometry":{"type":"Point","coordinates":[-59.812,6.264]}},{"type":"Feature","properties":{"name":"Roraima","iso":"BRA"},"geometry":{"type":"Point","coordinates":[-61.438,2.037]}},{"type":"Feature","properties":{"name":"Potaro-Siparuni","iso":"GUY"},"geometry":{"type":"Point","coordinates":[-59.388,4.801]}},{"type":"Feature","properties":{"name":"Upper Demerara-Berbice","iso":"GUY"},"geometry":{"type":"Point","coordinates":[-59.289,3.016]}},{"type":"Feature","properties":{"name":"Pará","iso":"BRA"},"geometry":{"type":"Point","coordinates":[-50.888,-1.376]}},{"type":"Feature","properties":{"name":"Schleswig-Holstein","iso":"DEU"},"geometry":{"type":"Point","coordinates":[9.834,54.153]}},{"type":"Feature","properties":{"name":"Syddanmark","iso":"DNK"},"geometry":{"type":"Point","coordinates":[9.703,55.271]}},{"type":"Feature","properties":{"name":"Madre de Dios","iso":"PER"},"geometry":{"type":"Point","coordinates":[-70.763,-11.858]}},{"type":"Feature","properties":{"name":"Acre","iso":"BRA"},"geometry":{"type":"Point","coordinates":[-70.836,-9.666]}},{"type":"Feature","properties":{"name":"Ghadamis","iso":"LBY"},"geometry":{"type":"Point","coordinates":[10.859,30.43]}},{"type":"Feature","properties":{"name":"Tataouine","iso":"TUN"},"geometry":{"type":"Point","coordinates":[10.291,32.473]}},{"type":"Feature","properties":{"name":"Médenine","iso":"TUN"},"geometry":{"type":"Point","coordinates":[10.815,33.233]}},{"type":"Feature","properties":{"name":"An Nuqat al Khams","iso":"LBY"},"geometry":{"type":"Point","coordinates":[11.821,32.786]}},{"type":"Feature","properties":{"name":"Ağstafa","iso":"AZE"},"geometry":{"type":"Point","coordinates":[45.457,41.201]}},{"type":"Feature","properties":{"name":"Tovuz","iso":"AZE"},"geometry":{"type":"Point","coordinates":[45.732,40.941]}},{"type":"Feature","properties":{"name":"Gədəbəy","iso":"AZE"},"geometry":{"type":"Point","coordinates":[45.655,40.588]}},{"type":"Feature","properties":{"name":"Gegharkunik","iso":"ARM"},"geometry":{"type":"Point","coordinates":[45.283,40.359]}},{"type":"Feature","properties":{"name":"Daşkəsən","iso":"AZE"},"geometry":{"type":"Point","coordinates":[45.99,40.427]}},{"type":"Feature","properties":{"name":"Kəlbəcər","iso":"AZE"},"geometry":{"type":"Point","coordinates":[46.186,40.07]}},{"type":"Feature","properties":{"name":"Vayots Dzor","iso":"ARM"},"geometry":{"type":"Point","coordinates":[45.445,39.759]}},{"type":"Feature","properties":{"name":"Syunik","iso":"ARM"},"geometry":{"type":"Point","coordinates":[46.179,39.368]}},{"type":"Feature","properties":{"name":"Lankaran","iso":"AZE"},"geometry":{"type":"Point","coordinates":[46.402,39.664]}},{"type":"Feature","properties":{"name":"Qubadli","iso":"AZE"},"geometry":{"type":"Point","coordinates":[46.627,39.342]}},{"type":"Feature","properties":{"name":"Zəngilan","iso":"AZE"},"geometry":{"type":"Point","coordinates":[46.619,39.086]}},{"type":"Feature","properties":{"name":"Şərur","iso":"AZE"},"geometry":{"type":"Point","coordinates":[44.997,39.58]}},{"type":"Feature","properties":{"name":"Ararat","iso":"ARM"},"geometry":{"type":"Point","coordinates":[44.713,39.983]}},{"type":"Feature","properties":{"name":"Sədərək","iso":"AZE"},"geometry":{"type":"Point","coordinates":[44.859,39.693]}},{"type":"Feature","properties":{"name":"Kangarli","iso":"AZE"},"geometry":{"type":"Point","coordinates":[45.174,39.431]}},{"type":"Feature","properties":{"name":"Babək","iso":"AZE"},"geometry":{"type":"Point","coordinates":[45.36,39.253]}},{"type":"Feature","properties":{"name":"Şahbuz","iso":"AZE"},"geometry":{"type":"Point","coordinates":[45.594,39.426]}},{"type":"Feature","properties":{"name":"Culfa","iso":"AZE"},"geometry":{"type":"Point","coordinates":[45.691,39.155]}},{"type":"Feature","properties":{"name":"Ordubad","iso":"AZE"},"geometry":{"type":"Point","coordinates":[45.885,39.101]}},{"type":"Feature","properties":{"name":"Satu Mare","iso":"ROU"},"geometry":{"type":"Point","coordinates":[22.899,47.666]}},{"type":"Feature","properties":{"name":"Szabolcs-Szatmár-Bereg","iso":"HUN"},"geometry":{"type":"Point","coordinates":[22.094,48.001]}},{"type":"Feature","properties":{"name":"Arad","iso":"ROU"},"geometry":{"type":"Point","coordinates":[21.659,46.15]}},{"type":"Feature","properties":{"name":"Békés","iso":"HUN"},"geometry":{"type":"Point","coordinates":[21.078,46.716]}},{"type":"Feature","properties":{"name":"Bihor","iso":"ROU"},"geometry":{"type":"Point","coordinates":[22.195,46.958]}},{"type":"Feature","properties":{"name":"Hajdú-Bihar","iso":"HUN"},"geometry":{"type":"Point","coordinates":[21.522,47.485]}},{"type":"Feature","properties":{"name":"Csongrád","iso":"HUN"},"geometry":{"type":"Point","coordinates":[20.284,46.345]}},{"type":"Feature","properties":{"name":"Timis","iso":"ROU"},"geometry":{"type":"Point","coordinates":[21.523,45.752]}},{"type":"Feature","properties":{"name":"Jalal-Abad","iso":"KGZ"},"geometry":{"type":"Point","coordinates":[73.017,41.492]}},{"type":"Feature","properties":{"name":"Tashkent","iso":"UZB"},"geometry":{"type":"Point","coordinates":[69.688,41.265]}},{"type":"Feature","properties":{"name":"Namangan","iso":"UZB"},"geometry":{"type":"Point","coordinates":[71.245,41.101]}},{"type":"Feature","properties":{"name":"Andijon","iso":"UZB"},"geometry":{"type":"Point","coordinates":[72.284,40.706]}},{"type":"Feature","properties":{"name":"Batken","iso":"KGZ"},"geometry":{"type":"Point","coordinates":[71.041,39.864]}},{"type":"Feature","properties":{"name":"Žilinský","iso":"SVK"},"geometry":{"type":"Point","coordinates":[19.144,49.098]}},{"type":"Feature","properties":{"name":"Silesian","iso":"POL"},"geometry":{"type":"Point","coordinates":[18.978,50.066]}},{"type":"Feature","properties":{"name":"Lesser Poland","iso":"POL"},"geometry":{"type":"Point","coordinates":[20.414,49.749]}},{"type":"Feature","properties":{"name":"Prešov","iso":"SVK"},"geometry":{"type":"Point","coordinates":[21.049,49.02]}},{"type":"Feature","properties":{"name":"Subcarpathian","iso":"POL"},"geometry":{"type":"Point","coordinates":[22.333,49.805]}},{"type":"Feature","properties":{"name":"Donegal","iso":"IRL"},"geometry":{"type":"Point","coordinates":[-7.962,54.954]}},{"type":"Feature","properties":{"name":"Derry","iso":"GBR"},"geometry":{"type":"Point","coordinates":[-7.229,54.951]}},{"type":"Feature","properties":{"name":"Strabane","iso":"GBR"},"geometry":{"type":"Point","coordinates":[-7.446,54.756]}},{"type":"Feature","properties":{"name":"Fermanagh","iso":"GBR"},"geometry":{"type":"Point","coordinates":[-7.539,54.315]}},{"type":"Feature","properties":{"name":"Leitrim","iso":"IRL"},"geometry":{"type":"Point","coordinates":[-8.037,54.132]}},{"type":"Feature","properties":{"name":"Cavan","iso":"IRL"},"geometry":{"type":"Point","coordinates":[-7.418,54.012]}},{"type":"Feature","properties":{"name":"Monaghan","iso":"IRL"},"geometry":{"type":"Point","coordinates":[-6.93,54.139]}},{"type":"Feature","properties":{"name":"Dungannon","iso":"GBR"},"geometry":{"type":"Point","coordinates":[-6.923,54.446]}},{"type":"Feature","properties":{"name":"Armagh","iso":"GBR"},"geometry":{"type":"Point","coordinates":[-6.648,54.305]}},{"type":"Feature","properties":{"name":"Newry and Mourne","iso":"GBR"},"geometry":{"type":"Point","coordinates":[-6.311,54.137]}},{"type":"Feature","properties":{"name":"Louth","iso":"IRL"},"geometry":{"type":"Point","coordinates":[-6.434,53.939]}},{"type":"Feature","properties":{"name":"Lower Silesian","iso":"POL"},"geometry":{"type":"Point","coordinates":[16.102,50.823]}},{"type":"Feature","properties":{"name":"Královéhradecký","iso":"CZE"},"geometry":{"type":"Point","coordinates":[15.778,50.377]}},{"type":"Feature","properties":{"name":"Opole","iso":"POL"},"geometry":{"type":"Point","coordinates":[17.773,50.433]}},{"type":"Feature","properties":{"name":"Olomoucký","iso":"CZE"},"geometry":{"type":"Point","coordinates":[17.195,49.752]}},{"type":"Feature","properties":{"name":"Pardubický","iso":"CZE"},"geometry":{"type":"Point","coordinates":[16.129,49.92]}},{"type":"Feature","properties":{"name":"Moravskoslezský","iso":"CZE"},"geometry":{"type":"Point","coordinates":[17.887,49.864]}},{"type":"Feature","properties":{"name":"Tadzhikistan Territories","iso":"TJK"},"geometry":{"type":"Point","coordinates":[70.065,38.823]}},{"type":"Feature","properties":{"name":"Gorno-Badakhshan","iso":"TJK"},"geometry":{"type":"Point","coordinates":[72.466,38.222]}},{"type":"Feature","properties":{"name":"Dytiki Makedonia","iso":"GRC"},"geometry":{"type":"Point","coordinates":[21.4,40.427]}},{"type":"Feature","properties":{"name":"Ipeiros","iso":"GRC"},"geometry":{"type":"Point","coordinates":[20.643,39.504]}},{"type":"Feature","properties":{"name":"Gjirokastër","iso":"ALB"},"geometry":{"type":"Point","coordinates":[20.177,40.226]}},{"type":"Feature","properties":{"name":"Vlorë","iso":"ALB"},"geometry":{"type":"Point","coordinates":[19.787,40.217]}},{"type":"Feature","properties":{"name":"Chitipa","iso":"MWI"},"geometry":{"type":"Point","coordinates":[33.389,-9.819]}},{"type":"Feature","properties":{"name":"Muchinga","iso":"ZMB"},"geometry":{"type":"Point","coordinates":[31.586,-11.558]}},{"type":"Feature","properties":{"name":"Mzimba","iso":"MWI"},"geometry":{"type":"Point","coordinates":[33.7,-11.868]}},{"type":"Feature","properties":{"name":"Eastern","iso":"ZMB"},"geometry":{"type":"Point","coordinates":[31.874,-13.417]}},{"type":"Feature","properties":{"name":"Kasungu","iso":"MWI"},"geometry":{"type":"Point","coordinates":[33.477,-12.939]}},{"type":"Feature","properties":{"name":"Mchinji","iso":"MWI"},"geometry":{"type":"Point","coordinates":[33.108,-13.787]}},{"type":"Feature","properties":{"name":"Transcarpathia","iso":"UKR"},"geometry":{"type":"Point","coordinates":[23.378,48.453]}},{"type":"Feature","properties":{"name":"Košický","iso":"SVK"},"geometry":{"type":"Point","coordinates":[21.122,48.783]}},{"type":"Feature","properties":{"name":"Northern","iso":"SLE"},"geometry":{"type":"Point","coordinates":[-12.175,8.857]}},{"type":"Feature","properties":{"name":"Faranah","iso":"GIN"},"geometry":{"type":"Point","coordinates":[-10.509,9.988]}},{"type":"Feature","properties":{"name":"Kindia","iso":"GIN"},"geometry":{"type":"Point","coordinates":[-12.581,10.145]}},{"type":"Feature","properties":{"name":"Mamou","iso":"GIN"},"geometry":{"type":"Point","coordinates":[-11.878,10.644]}},{"type":"Feature","properties":{"name":"Dabola","iso":"GIN"},"geometry":{"type":"Point","coordinates":[-11.021,10.763]}},{"type":"Feature","properties":{"name":"Forécariah","iso":"GIN"},"geometry":{"type":"Point","coordinates":[-13.121,9.33]}},{"type":"Feature","properties":{"name":"Guéckédou","iso":"GIN"},"geometry":{"type":"Point","coordinates":[-10.351,8.686]}},{"type":"Feature","properties":{"name":"Eastern","iso":"SLE"},"geometry":{"type":"Point","coordinates":[-11.073,8.312]}},{"type":"Feature","properties":{"name":"Grand Cape Mount","iso":"LBR"},"geometry":{"type":"Point","coordinates":[-10.956,7.076]}},{"type":"Feature","properties":{"name":"Southern","iso":"SLE"},"geometry":{"type":"Point","coordinates":[-12.13,7.834]}},{"type":"Feature","properties":{"name":"Gbapolu","iso":"LBR"},"geometry":{"type":"Point","coordinates":[-10.534,7.154]}},{"type":"Feature","properties":{"name":"Lofa","iso":"LBR"},"geometry":{"type":"Point","coordinates":[-9.763,8.046]}},{"type":"Feature","properties":{"name":"Vakaga","iso":"CAF"},"geometry":{"type":"Point","coordinates":[21.98,9.738]}},{"type":"Feature","properties":{"name":"Central Darfur","iso":"SDN"},"geometry":{"type":"Point","coordinates":[23.507,12.405]}},{"type":"Feature","properties":{"name":"Southern Darfur","iso":"SDN"},"geometry":{"type":"Point","coordinates":[24.503,9.872]}},{"type":"Feature","properties":{"name":"Haute-Kotto","iso":"CAF"},"geometry":{"type":"Point","coordinates":[22.992,7.366]}},{"type":"Feature","properties":{"name":"Western Bahr el Ghazal","iso":"SDS"},"geometry":{"type":"Point","coordinates":[25.577,8.55]}},{"type":"Feature","properties":{"name":"Haut-Mbomou","iso":"CAF"},"geometry":{"type":"Point","coordinates":[25.352,6.061]}},{"type":"Feature","properties":{"name":"Western Equatoria","iso":"SDS"},"geometry":{"type":"Point","coordinates":[28.334,5.284]}},{"type":"Feature","properties":{"name":"Orientale","iso":"COD"},"geometry":{"type":"Point","coordinates":[26.062,2.294]}},{"type":"Feature","properties":{"name":"Central Equatoria","iso":"SDS"},"geometry":{"type":"Point","coordinates":[30.797,4.364]}},{"type":"Feature","properties":{"name":"Ali Sabieh","iso":"DJI"},"geometry":{"type":"Point","coordinates":[42.821,11.151]}},{"type":"Feature","properties":{"name":"Arta","iso":"DJI"},"geometry":{"type":"Point","coordinates":[42.782,11.508]}},{"type":"Feature","properties":{"name":"Dikhil","iso":"DJI"},"geometry":{"type":"Point","coordinates":[42.104,11.264]}},{"type":"Feature","properties":{"name":"Afar","iso":"ETH"},"geometry":{"type":"Point","coordinates":[40.326,11.747]}},{"type":"Feature","properties":{"name":"Tadjourah","iso":"DJI"},"geometry":{"type":"Point","coordinates":[42.622,11.947]}},{"type":"Feature","properties":{"name":"Sud-Kivu","iso":"COD"},"geometry":{"type":"Point","coordinates":[28.022,-2.931]}},{"type":"Feature","properties":{"name":"Kigoma","iso":"TZA"},"geometry":{"type":"Point","coordinates":[30.566,-4.387]}},{"type":"Feature","properties":{"name":"Katanga","iso":"COD"},"geometry":{"type":"Point","coordinates":[26.036,-9.841]}},{"type":"Feature","properties":{"name":"Katavi","iso":"TZA"},"geometry":{"type":"Point","coordinates":[31.46,-6.064]}},{"type":"Feature","properties":{"name":"Rukwa","iso":"TZA"},"geometry":{"type":"Point","coordinates":[31.645,-8.421]}},{"type":"Feature","properties":{"name":"Obock","iso":"DJI"},"geometry":{"type":"Point","coordinates":[43.052,12.296]}},{"type":"Feature","properties":{"name":"Debubawi Keyih Bahri","iso":"ERI"},"geometry":{"type":"Point","coordinates":[41.929,13.653]}},{"type":"Feature","properties":{"name":"Niederösterreich","iso":"AUT"},"geometry":{"type":"Point","coordinates":[15.747,48.252]}},{"type":"Feature","properties":{"name":"Jihomoravský","iso":"CZE"},"geometry":{"type":"Point","coordinates":[16.577,49.136]}},{"type":"Feature","properties":{"name":"Oberösterreich","iso":"AUT"},"geometry":{"type":"Point","coordinates":[13.938,48.16]}},{"type":"Feature","properties":{"name":"Dihok","iso":"IRQ"},"geometry":{"type":"Point","coordinates":[43.4,37.046]}},{"type":"Feature","properties":{"name":"Sirnak","iso":"TUR"},"geometry":{"type":"Point","coordinates":[42.613,37.371]}},{"type":"Feature","properties":{"name":"Hakkari","iso":"TUR"},"geometry":{"type":"Point","coordinates":[44.217,37.414]}},{"type":"Feature","properties":{"name":"Arbil","iso":"IRQ"},"geometry":{"type":"Point","coordinates":[44.221,36.39]}},{"type":"Feature","properties":{"name":"Gyor-Moson-Sopron","iso":"HUN"},"geometry":{"type":"Point","coordinates":[17.21,47.665]}},{"type":"Feature","properties":{"name":"Burgenland","iso":"AUT"},"geometry":{"type":"Point","coordinates":[16.54,47.505]}},{"type":"Feature","properties":{"name":"Sopron","iso":"HUN"},"geometry":{"type":"Point","coordinates":[16.553,47.69]}},{"type":"Feature","properties":{"name":"Vas","iso":"HUN"},"geometry":{"type":"Point","coordinates":[16.557,47.076]}},{"type":"Feature","properties":{"name":"Aoste","iso":"ITA"},"geometry":{"type":"Point","coordinates":[7.369,45.728]}},{"type":"Feature","properties":{"name":"Valais","iso":"CHE"},"geometry":{"type":"Point","coordinates":[7.65,46.288]}},{"type":"Feature","properties":{"name":"Verbano-Cusio-Ossola","iso":"ITA"},"geometry":{"type":"Point","coordinates":[8.313,46.058]}},{"type":"Feature","properties":{"name":"Ticino","iso":"CHE"},"geometry":{"type":"Point","coordinates":[8.86,46.294]}},{"type":"Feature","properties":{"name":"Varese","iso":"ITA"},"geometry":{"type":"Point","coordinates":[8.786,45.761]}},{"type":"Feature","properties":{"name":"Como","iso":"ITA"},"geometry":{"type":"Point","coordinates":[9.13,45.911]}},{"type":"Feature","properties":{"name":"Graubünden","iso":"CHE"},"geometry":{"type":"Point","coordinates":[9.485,46.626]}},{"type":"Feature","properties":{"name":"Sondrio","iso":"ITA"},"geometry":{"type":"Point","coordinates":[9.94,46.343]}},{"type":"Feature","properties":{"name":"Bozen","iso":"ITA"},"geometry":{"type":"Point","coordinates":[11.502,46.691]}},{"type":"Feature","properties":{"name":"Vorarlberg","iso":"AUT"},"geometry":{"type":"Point","coordinates":[9.893,47.262]}},{"type":"Feature","properties":{"name":"Tirol","iso":"AUT"},"geometry":{"type":"Point","coordinates":[11.6,47.177]}},{"type":"Feature","properties":{"name":"West Azarbaijan","iso":"IRN"},"geometry":{"type":"Point","coordinates":[44.982,37.905]}},{"type":"Feature","properties":{"name":"Iğdir","iso":"TUR"},"geometry":{"type":"Point","coordinates":[44.174,39.838]}},{"type":"Feature","properties":{"name":"Agri","iso":"TUR"},"geometry":{"type":"Point","coordinates":[43.45,39.515]}},{"type":"Feature","properties":{"name":"Van","iso":"TUR"},"geometry":{"type":"Point","coordinates":[43.807,38.583]}},{"type":"Feature","properties":{"name":"Marijampoles","iso":"LTU"},"geometry":{"type":"Point","coordinates":[23.274,54.693]}},{"type":"Feature","properties":{"name":"Podlachian","iso":"POL"},"geometry":{"type":"Point","coordinates":[22.977,53.31]}},{"type":"Feature","properties":{"name":"Warmian-Masurian","iso":"POL"},"geometry":{"type":"Point","coordinates":[20.397,53.853]}},{"type":"Feature","properties":{"name":"Northern","iso":"ZMB"},"geometry":{"type":"Point","coordinates":[30.182,-10.02]}},{"type":"Feature","properties":{"name":"Groningen","iso":"NLD"},"geometry":{"type":"Point","coordinates":[6.616,53.227]}},{"type":"Feature","properties":{"name":"Niedersachsen","iso":"DEU"},"geometry":{"type":"Point","coordinates":[9.338,52.455]}},{"type":"Feature","properties":{"name":"Drenthe","iso":"NLD"},"geometry":{"type":"Point","coordinates":[6.524,52.856]}},{"type":"Feature","properties":{"name":"Overijssel","iso":"NLD"},"geometry":{"type":"Point","coordinates":[6.317,52.506]}},{"type":"Feature","properties":{"name":"Nordrhein-Westfalen","iso":"DEU"},"geometry":{"type":"Point","coordinates":[7.941,51.451]}},{"type":"Feature","properties":{"name":"Gelderland","iso":"NLD"},"geometry":{"type":"Point","coordinates":[5.899,52.076]}},{"type":"Feature","properties":{"name":"Limburg","iso":"NLD"},"geometry":{"type":"Point","coordinates":[5.902,51.209]}},{"type":"Feature","properties":{"name":"Triesen","iso":"LIE"},"geometry":{"type":"Point","coordinates":[9.548,47.086]}},{"type":"Feature","properties":{"name":"Schaan","iso":"LIE"},"geometry":{"type":"Point","coordinates":[9.557,47.139]}},{"type":"Feature","properties":{"name":"Triesenberg","iso":"LIE"},"geometry":{"type":"Point","coordinates":[9.569,47.115]}},{"type":"Feature","properties":{"name":"Balzers","iso":"LIE"},"geometry":{"type":"Point","coordinates":[9.549,47.099]}},{"type":"Feature","properties":{"name":"Planken","iso":"LIE"},"geometry":{"type":"Point","coordinates":[9.551,47.176]}},{"type":"Feature","properties":{"name":"Eschen","iso":"LIE"},"geometry":{"type":"Point","coordinates":[9.535,47.207]}},{"type":"Feature","properties":{"name":"Mauren","iso":"LIE"},"geometry":{"type":"Point","coordinates":[9.538,47.224]}},{"type":"Feature","properties":{"name":"Schellenberg","iso":"LIE"},"geometry":{"type":"Point","coordinates":[9.531,47.239]}},{"type":"Feature","properties":{"name":"Ruggell","iso":"LIE"},"geometry":{"type":"Point","coordinates":[9.518,47.241]}},{"type":"Feature","properties":{"name":"Denguélé","iso":"CIV"},"geometry":{"type":"Point","coordinates":[-7.217,9.6]}},{"type":"Feature","properties":{"name":"Kankan","iso":"GIN"},"geometry":{"type":"Point","coordinates":[-8.816,9.89]}},{"type":"Feature","properties":{"name":"Mandiana","iso":"GIN"},"geometry":{"type":"Point","coordinates":[-8.495,10.859]}},{"type":"Feature","properties":{"name":"Beyla","iso":"GIN"},"geometry":{"type":"Point","coordinates":[-8.118,8.669]}},{"type":"Feature","properties":{"name":"Bafing","iso":"CIV"},"geometry":{"type":"Point","coordinates":[-7.658,8.263]}},{"type":"Feature","properties":{"name":"Dix-Huit Montagnes","iso":"CIV"},"geometry":{"type":"Point","coordinates":[-7.745,7.468]}},{"type":"Feature","properties":{"name":"Lola","iso":"GIN"},"geometry":{"type":"Point","coordinates":[-8.285,7.787]}},{"type":"Feature","properties":{"name":"Imperia","iso":"ITA"},"geometry":{"type":"Point","coordinates":[7.791,44.005]}},{"type":"Feature","properties":{"name":"Alpes-Maritimes","iso":"FRA"},"geometry":{"type":"Point","coordinates":[7.102,43.863]}},{"type":"Feature","properties":{"name":"Cuneo","iso":"ITA"},"geometry":{"type":"Point","coordinates":[7.731,44.432]}},{"type":"Feature","properties":{"name":"Alpes-de-Haute-Provence","iso":"FRA"},"geometry":{"type":"Point","coordinates":[6.23,44.194]}},{"type":"Feature","properties":{"name":"Hautes-Alpes","iso":"FRA"},"geometry":{"type":"Point","coordinates":[6.118,44.636]}},{"type":"Feature","properties":{"name":"Turin","iso":"ITA"},"geometry":{"type":"Point","coordinates":[7.434,45.156]}},{"type":"Feature","properties":{"name":"Savoie","iso":"FRA"},"geometry":{"type":"Point","coordinates":[6.338,45.529]}},{"type":"Feature","properties":{"name":"Haute-Savoie","iso":"FRA"},"geometry":{"type":"Point","coordinates":[6.477,46.008]}},{"type":"Feature","properties":{"name":"Murmansk","iso":"RUS"},"geometry":{"type":"Point","coordinates":[34.348,68.246]}},{"type":"Feature","properties":{"name":"Karelia","iso":"RUS"},"geometry":{"type":"Point","coordinates":[34.102,63.946]}},{"type":"Feature","properties":{"name":"Northern Ostrobothnia","iso":"FIN"},"geometry":{"type":"Point","coordinates":[26.371,65.066]}},{"type":"Feature","properties":{"name":"Kainuu","iso":"FIN"},"geometry":{"type":"Point","coordinates":[28.501,64.584]}},{"type":"Feature","properties":{"name":"North Karelia","iso":"FIN"},"geometry":{"type":"Point","coordinates":[29.553,62.877]}},{"type":"Feature","properties":{"name":"South Karelia","iso":"FIN"},"geometry":{"type":"Point","coordinates":[28.093,61.192]}},{"type":"Feature","properties":{"name":"Leningrad","iso":"RUS"},"geometry":{"type":"Point","coordinates":[31.635,59.828]}},{"type":"Feature","properties":{"name":"Kymenlaakso","iso":"FIN"},"geometry":{"type":"Point","coordinates":[26.947,60.739]}},{"type":"Feature","properties":{"name":"Al Batnah North","iso":"OMN"},"geometry":{"type":"Point","coordinates":[56.548,24.462]}},{"type":"Feature","properties":{"name":"Dubay","iso":"ARE"},"geometry":{"type":"Point","coordinates":[55.527,24.984]}},{"type":"Feature","properties":{"name":"Neutral Zone","iso":"ARE"},"geometry":{"type":"Point","coordinates":[56.299,24.927]}},{"type":"Feature","properties":{"name":"Al Buraymi","iso":"OMN"},"geometry":{"type":"Point","coordinates":[55.822,24.335]}},{"type":"Feature","properties":{"name":"Neutral Zone","iso":"ARE"},"geometry":{"type":"Point","coordinates":[56.031,24.82]}},{"type":"Feature","properties":{"name":"Abu Dhabi","iso":"ARE"},"geometry":{"type":"Point","coordinates":[53.623,24.222]}},{"type":"Feature","properties":{"name":"Al Dhahira","iso":"OMN"},"geometry":{"type":"Point","coordinates":[55.739,23.128]}},{"type":"Feature","properties":{"name":"Balakən","iso":"AZE"},"geometry":{"type":"Point","coordinates":[46.43,41.722]}},{"type":"Feature","properties":{"name":"Zaqatala","iso":"AZE"},"geometry":{"type":"Point","coordinates":[46.668,41.612]}},{"type":"Feature","properties":{"name":"Xaçmaz","iso":"AZE"},"geometry":{"type":"Point","coordinates":[48.76,41.521]}},{"type":"Feature","properties":{"name":"Qusar","iso":"AZE"},"geometry":{"type":"Point","coordinates":[48.173,41.418]}},{"type":"Feature","properties":{"name":"Oğuz","iso":"AZE"},"geometry":{"type":"Point","coordinates":[47.489,41.074]}},{"type":"Feature","properties":{"name":"Şəki","iso":"AZE"},"geometry":{"type":"Point","coordinates":[47.215,41.101]}},{"type":"Feature","properties":{"name":"Qax","iso":"AZE"},"geometry":{"type":"Point","coordinates":[46.846,41.305]}},{"type":"Feature","properties":{"name":"Qəbələ","iso":"AZE"},"geometry":{"type":"Point","coordinates":[47.781,40.944]}},{"type":"Feature","properties":{"name":"Amapá","iso":"BRA"},"geometry":{"type":"Point","coordinates":[-52.454,1.4]}},{"type":"Feature","properties":{"name":"Samux","iso":"AZE"},"geometry":{"type":"Point","coordinates":[46.434,40.998]}},{"type":"Feature","properties":{"name":"Severno-Backi","iso":"SRB"},"geometry":{"type":"Point","coordinates":[19.626,45.869]}},{"type":"Feature","properties":{"name":"Bács-Kiskun","iso":"HUN"},"geometry":{"type":"Point","coordinates":[19.36,46.513]}},{"type":"Feature","properties":{"name":"Zapadno-Backi","iso":"SRB"},"geometry":{"type":"Point","coordinates":[19.294,45.667]}},{"type":"Feature","properties":{"name":"Severno-Banatski","iso":"SRB"},"geometry":{"type":"Point","coordinates":[20.218,45.804]}},{"type":"Feature","properties":{"name":"Szeged","iso":"HUN"},"geometry":{"type":"Point","coordinates":[20.159,46.235]}},{"type":"Feature","properties":{"name":"Kayes","iso":"MLI"},"geometry":{"type":"Point","coordinates":[-10.556,13.582]}},{"type":"Feature","properties":{"name":"Kédougou","iso":"SEN"},"geometry":{"type":"Point","coordinates":[-12.553,12.922]}},{"type":"Feature","properties":{"name":"Tambacounda","iso":"SEN"},"geometry":{"type":"Point","coordinates":[-13.251,13.707]}},{"type":"Feature","properties":{"name":"Koundara","iso":"GIN"},"geometry":{"type":"Point","coordinates":[-13.196,12.378]}},{"type":"Feature","properties":{"name":"Kolda","iso":"SEN"},"geometry":{"type":"Point","coordinates":[-14.005,13.189]}},{"type":"Feature","properties":{"name":"Mali","iso":"GIN"},"geometry":{"type":"Point","coordinates":[-12.225,12.12]}},{"type":"Feature","properties":{"name":"Kebbi","iso":"NGA"},"geometry":{"type":"Point","coordinates":[4.708,11.568]}},{"type":"Feature","properties":{"name":"Alibori","iso":"BEN"},"geometry":{"type":"Point","coordinates":[2.909,11.681]}},{"type":"Feature","properties":{"name":"Niger","iso":"NGA"},"geometry":{"type":"Point","coordinates":[5.482,9.895]}},{"type":"Feature","properties":{"name":"Borgou","iso":"BEN"},"geometry":{"type":"Point","coordinates":[2.675,9.663]}},{"type":"Feature","properties":{"name":"Kwara","iso":"NGA"},"geometry":{"type":"Point","coordinates":[4.317,8.944]}},{"type":"Feature","properties":{"name":"Ogun","iso":"NGA"},"geometry":{"type":"Point","coordinates":[3.522,6.957]}},{"type":"Feature","properties":{"name":"Plateau","iso":"BEN"},"geometry":{"type":"Point","coordinates":[2.644,7.118]}},{"type":"Feature","properties":{"name":"Collines","iso":"BEN"},"geometry":{"type":"Point","coordinates":[2.189,8.23]}},{"type":"Feature","properties":{"name":"Oyo","iso":"NGA"},"geometry":{"type":"Point","coordinates":[3.592,8.091]}},{"type":"Feature","properties":{"name":"Lagos","iso":"NGA"},"geometry":{"type":"Point","coordinates":[3.544,6.518]}},{"type":"Feature","properties":{"name":"Ouémé","iso":"BEN"},"geometry":{"type":"Point","coordinates":[2.527,6.62]}},{"type":"Feature","properties":{"name":"Cabinda","iso":"AGO"},"geometry":{"type":"Point","coordinates":[12.416,-4.96]}},{"type":"Feature","properties":{"name":"Kouilou","iso":"COG"},"geometry":{"type":"Point","coordinates":[12.097,-4.239]}},{"type":"Feature","properties":{"name":"Zala","iso":"HUN"},"geometry":{"type":"Point","coordinates":[16.806,46.625]}},{"type":"Feature","properties":{"name":"Medimurska","iso":"HRV"},"geometry":{"type":"Point","coordinates":[16.526,46.416]}},{"type":"Feature","properties":{"name":"Somogy","iso":"HUN"},"geometry":{"type":"Point","coordinates":[17.539,46.297]}},{"type":"Feature","properties":{"name":"Viroviticko-Podravska","iso":"HRV"},"geometry":{"type":"Point","coordinates":[17.571,45.732]}},{"type":"Feature","properties":{"name":"Koprivničko-Križevačka","iso":"HRV"},"geometry":{"type":"Point","coordinates":[16.81,46.071]}},{"type":"Feature","properties":{"name":"Baranya","iso":"HUN"},"geometry":{"type":"Point","coordinates":[18.297,45.981]}},{"type":"Feature","properties":{"name":"Osjecko-Baranjska","iso":"HRV"},"geometry":{"type":"Point","coordinates":[18.514,45.536]}},{"type":"Feature","properties":{"name":"Piran","iso":"SVN"},"geometry":{"type":"Point","coordinates":[13.635,45.496]}},{"type":"Feature","properties":{"name":"Istarska","iso":"HRV"},"geometry":{"type":"Point","coordinates":[13.894,45.115]}},{"type":"Feature","properties":{"name":"Moravske Toplice","iso":"SVN"},"geometry":{"type":"Point","coordinates":[16.276,46.712]}},{"type":"Feature","properties":{"name":"Šalovci","iso":"SVN"},"geometry":{"type":"Point","coordinates":[16.282,46.813]}},{"type":"Feature","properties":{"name":"Hodoš","iso":"SVN"},"geometry":{"type":"Point","coordinates":[16.307,46.825]}},{"type":"Feature","properties":{"name":"Gornji Petrovci","iso":"SVN"},"geometry":{"type":"Point","coordinates":[16.198,46.803]}},{"type":"Feature","properties":{"name":"Kuzma","iso":"SVN"},"geometry":{"type":"Point","coordinates":[16.092,46.839]}},{"type":"Feature","properties":{"name":"Lendava","iso":"SVN"},"geometry":{"type":"Point","coordinates":[16.393,46.562]}},{"type":"Feature","properties":{"name":"Dobrovnik","iso":"SVN"},"geometry":{"type":"Point","coordinates":[16.364,46.66]}},{"type":"Feature","properties":{"name":"Kobilje","iso":"SVN"},"geometry":{"type":"Point","coordinates":[16.381,46.682]}},{"type":"Feature","properties":{"name":"Ar Rayyān","iso":"QAT"},"geometry":{"type":"Point","coordinates":[50.968,25.384]}},{"type":"Feature","properties":{"name":"Ash Sharqiyah","iso":"SAU"},"geometry":{"type":"Point","coordinates":[49.771,25.789]}},{"type":"Feature","properties":{"name":"North-West","iso":"BWA"},"geometry":{"type":"Point","coordinates":[23.629,-18.678]}},{"type":"Feature","properties":{"name":"Matabeleland North","iso":"ZWE"},"geometry":{"type":"Point","coordinates":[27.816,-18.902]}},{"type":"Feature","properties":{"name":"Central","iso":"BWA"},"geometry":{"type":"Point","coordinates":[27.157,-21.913]}},{"type":"Feature","properties":{"name":"Matabeleland South","iso":"ZWE"},"geometry":{"type":"Point","coordinates":[29.218,-20.921]}},{"type":"Feature","properties":{"name":"North-East","iso":"BWA"},"geometry":{"type":"Point","coordinates":[27.683,-21.077]}},{"type":"Feature","properties":{"name":"Northern Areas","iso":"PAK"},"geometry":{"type":"Point","coordinates":[74.17,35.927]}},{"type":"Feature","properties":{"name":"Burgas","iso":"BGR"},"geometry":{"type":"Point","coordinates":[27.462,42.39]}},{"type":"Feature","properties":{"name":"Kirklareli","iso":"TUR"},"geometry":{"type":"Point","coordinates":[27.563,41.841]}},{"type":"Feature","properties":{"name":"Yambol","iso":"BGR"},"geometry":{"type":"Point","coordinates":[26.657,42.208]}},{"type":"Feature","properties":{"name":"Edirne","iso":"TUR"},"geometry":{"type":"Point","coordinates":[26.457,41.239]}},{"type":"Feature","properties":{"name":"Haskovo","iso":"BGR"},"geometry":{"type":"Point","coordinates":[25.843,41.873]}},{"type":"Feature","properties":{"name":"Otdar Mean Chey","iso":"KHM"},"geometry":{"type":"Point","coordinates":[103.537,14.236]}},{"type":"Feature","properties":{"name":"Surin","iso":"THA"},"geometry":{"type":"Point","coordinates":[103.631,15.013]}},{"type":"Feature","properties":{"name":"Preah Vihéar","iso":"KHM"},"geometry":{"type":"Point","coordinates":[105.055,13.929]}},{"type":"Feature","properties":{"name":"Si Sa Ket","iso":"THA"},"geometry":{"type":"Point","coordinates":[104.414,14.934]}},{"type":"Feature","properties":{"name":"Ubon Ratchathani","iso":"THA"},"geometry":{"type":"Point","coordinates":[104.943,15.148]}},{"type":"Feature","properties":{"name":"Siemréab","iso":"KHM"},"geometry":{"type":"Point","coordinates":[104.194,13.744]}},{"type":"Feature","properties":{"name":"Bântéay Méanchey","iso":"KHM"},"geometry":{"type":"Point","coordinates":[102.955,13.833]}},{"type":"Feature","properties":{"name":"Sa Kaeo","iso":"THA"},"geometry":{"type":"Point","coordinates":[102.297,13.817]}},{"type":"Feature","properties":{"name":"Buri Ram","iso":"THA"},"geometry":{"type":"Point","coordinates":[102.981,15.045]}},{"type":"Feature","properties":{"name":"Kaôh Kong","iso":"KHM"},"geometry":{"type":"Point","coordinates":[103.349,11.346]}},{"type":"Feature","properties":{"name":"Trat","iso":"THA"},"geometry":{"type":"Point","coordinates":[102.484,12.217]}},{"type":"Feature","properties":{"name":"Pouthisat","iso":"KHM"},"geometry":{"type":"Point","coordinates":[103.597,12.376]}},{"type":"Feature","properties":{"name":"Batdâmbâng","iso":"KHM"},"geometry":{"type":"Point","coordinates":[103.119,12.881]}},{"type":"Feature","properties":{"name":"Krong Pailin","iso":"KHM"},"geometry":{"type":"Point","coordinates":[102.549,12.897]}},{"type":"Feature","properties":{"name":"Chanthaburi","iso":"THA"},"geometry":{"type":"Point","coordinates":[102.12,12.799]}},{"type":"Feature","properties":{"name":"Melilla","iso":"ESP"},"geometry":{"type":"Point","coordinates":[-2.939,35.288]}},{"type":"Feature","properties":{"name":"Oriental","iso":"MAR"},"geometry":{"type":"Point","coordinates":[-2.611,33.889]}},{"type":"Feature","properties":{"name":"Sikkim","iso":"IND"},"geometry":{"type":"Point","coordinates":[88.435,27.548]}},{"type":"Feature","properties":{"name":"Ha","iso":"BTN"},"geometry":{"type":"Point","coordinates":[89.122,27.33]}},{"type":"Feature","properties":{"name":"Samchi","iso":"BTN"},"geometry":{"type":"Point","coordinates":[89.102,27.043]}},{"type":"Feature","properties":{"name":"West Bengal","iso":"IND"},"geometry":{"type":"Point","coordinates":[88.164,24.107]}},{"type":"Feature","properties":{"name":"Chhukha","iso":"BTN"},"geometry":{"type":"Point","coordinates":[89.524,26.999]}},{"type":"Feature","properties":{"name":"Geylegphug","iso":"BTN"},"geometry":{"type":"Point","coordinates":[90.239,26.883]}},{"type":"Feature","properties":{"name":"Assam","iso":"IND"},"geometry":{"type":"Point","coordinates":[92.64,26.053]}},{"type":"Feature","properties":{"name":"Shemgang","iso":"BTN"},"geometry":{"type":"Point","coordinates":[90.837,27.063]}},{"type":"Feature","properties":{"name":"Samdrup Jongkhar","iso":"BTN"},"geometry":{"type":"Point","coordinates":[91.574,26.947]}},{"type":"Feature","properties":{"name":"Tashigang","iso":"BTN"},"geometry":{"type":"Point","coordinates":[91.704,27.249]}},{"type":"Feature","properties":{"name":"Perlis","iso":"MYS"},"geometry":{"type":"Point","coordinates":[100.224,6.53]}},{"type":"Feature","properties":{"name":"Satun","iso":"THA"},"geometry":{"type":"Point","coordinates":[99.888,6.805]}},{"type":"Feature","properties":{"name":"Songkhla","iso":"THA"},"geometry":{"type":"Point","coordinates":[100.464,7.012]}},{"type":"Feature","properties":{"name":"Kedah","iso":"MYS"},"geometry":{"type":"Point","coordinates":[100.502,5.93]}},{"type":"Feature","properties":{"name":"Yala","iso":"THA"},"geometry":{"type":"Point","coordinates":[101.243,6.292]}},{"type":"Feature","properties":{"name":"Kelantan","iso":"MYS"},"geometry":{"type":"Point","coordinates":[101.974,5.033]}},{"type":"Feature","properties":{"name":"Narathiwat","iso":"THA"},"geometry":{"type":"Point","coordinates":[101.624,6.223]}},{"type":"Feature","properties":{"name":"Perak","iso":"MYS"},"geometry":{"type":"Point","coordinates":[101.191,4.637]}},{"type":"Feature","properties":{"name":"Serravalle","iso":"SMR"},"geometry":{"type":"Point","coordinates":[12.461,43.967]}},{"type":"Feature","properties":{"name":"Rimini","iso":"ITA"},"geometry":{"type":"Point","coordinates":[12.43,43.896]}},{"type":"Feature","properties":{"name":"Domagnano","iso":"SMR"},"geometry":{"type":"Point","coordinates":[12.471,43.95]}},{"type":"Feature","properties":{"name":"Faetano","iso":"SMR"},"geometry":{"type":"Point","coordinates":[12.476,43.934]}},{"type":"Feature","properties":{"name":"Pesaro e Urbino","iso":"ITA"},"geometry":{"type":"Point","coordinates":[12.513,43.725]}},{"type":"Feature","properties":{"name":"Montegiardino","iso":"SMR"},"geometry":{"type":"Point","coordinates":[12.471,43.917]}},{"type":"Feature","properties":{"name":"Fiorentino","iso":"SMR"},"geometry":{"type":"Point","coordinates":[12.455,43.909]}},{"type":"Feature","properties":{"name":"Chiesanuova","iso":"SMR"},"geometry":{"type":"Point","coordinates":[12.421,43.905]}},{"type":"Feature","properties":{"name":"San Marino","iso":"SMR"},"geometry":{"type":"Point","coordinates":[12.418,43.921]}},{"type":"Feature","properties":{"name":"Acquaviva","iso":"SMR"},"geometry":{"type":"Point","coordinates":[12.411,43.944]}},{"type":"Feature","properties":{"name":"Borgo Maggiore","iso":"SMR"},"geometry":{"type":"Point","coordinates":[12.438,43.944]}},{"type":"Feature","properties":{"name":"Nord-Est","iso":"HTI"},"geometry":{"type":"Point","coordinates":[-71.895,19.565]}},{"type":"Feature","properties":{"name":"Monte Cristi","iso":"DOM"},"geometry":{"type":"Point","coordinates":[-71.5,19.741]}},{"type":"Feature","properties":{"name":"Dajabón","iso":"DOM"},"geometry":{"type":"Point","coordinates":[-71.618,19.402]}},{"type":"Feature","properties":{"name":"Centre","iso":"HTI"},"geometry":{"type":"Point","coordinates":[-71.937,18.997]}},{"type":"Feature","properties":{"name":"La Estrelleta","iso":"DOM"},"geometry":{"type":"Point","coordinates":[-71.627,18.982]}},{"type":"Feature","properties":{"name":"Independencia","iso":"DOM"},"geometry":{"type":"Point","coordinates":[-71.641,18.432]}},{"type":"Feature","properties":{"name":"Ouest","iso":"HTI"},"geometry":{"type":"Point","coordinates":[-72.52,18.59]}},{"type":"Feature","properties":{"name":"Sud-Est","iso":"HTI"},"geometry":{"type":"Point","coordinates":[-72.47,18.247]}},{"type":"Feature","properties":{"name":"Pedernales","iso":"DOM"},"geometry":{"type":"Point","coordinates":[-71.507,17.888]}},{"type":"Feature","properties":{"name":"Lac","iso":"TCD"},"geometry":{"type":"Point","coordinates":[14.654,13.626]}},{"type":"Feature","properties":{"name":"Borno","iso":"NGA"},"geometry":{"type":"Point","coordinates":[13.296,12.213]}},{"type":"Feature","properties":{"name":"Al Jahrah","iso":"KWT"},"geometry":{"type":"Point","coordinates":[47.841,29.661]}},{"type":"Feature","properties":{"name":"Al-Basrah","iso":"IRQ"},"geometry":{"type":"Point","coordinates":[47.689,30.187]}},{"type":"Feature","properties":{"name":"Al-Muthannia","iso":"IRQ"},"geometry":{"type":"Point","coordinates":[45.575,30.571]}},{"type":"Feature","properties":{"name":"Ahuachapán","iso":"SLV"},"geometry":{"type":"Point","coordinates":[-89.848,13.85]}},{"type":"Feature","properties":{"name":"Jutiapa","iso":"GTM"},"geometry":{"type":"Point","coordinates":[-89.89,14.223]}},{"type":"Feature","properties":{"name":"Santa Ana","iso":"SLV"},"geometry":{"type":"Point","coordinates":[-89.512,14.078]}},{"type":"Feature","properties":{"name":"Chiquimula","iso":"GTM"},"geometry":{"type":"Point","coordinates":[-89.408,14.691]}},{"type":"Feature","properties":{"name":"Nusa Tenggara Timur","iso":"IDN"},"geometry":{"type":"Point","coordinates":[122.339,-9.042]}},{"type":"Feature","properties":{"name":"Ambeno","iso":"TLS"},"geometry":{"type":"Point","coordinates":[124.284,-9.361]}},{"type":"Feature","properties":{"name":"Bobonaro","iso":"TLS"},"geometry":{"type":"Point","coordinates":[125.15,-8.998]}},{"type":"Feature","properties":{"name":"Cova Lima","iso":"TLS"},"geometry":{"type":"Point","coordinates":[125.199,-9.237]}},{"type":"Feature","properties":{"name":"Sarawak","iso":"MYS"},"geometry":{"type":"Point","coordinates":[112.841,2.592]}},{"type":"Feature","properties":{"name":"Temburong","iso":"BRN"},"geometry":{"type":"Point","coordinates":[115.184,4.613]}},{"type":"Feature","properties":{"name":"Kalimantan Barat","iso":"IDN"},"geometry":{"type":"Point","coordinates":[110.805,-0.271]}},{"type":"Feature","properties":{"name":"Salzburg","iso":"AUT"},"geometry":{"type":"Point","coordinates":[12.999,47.483]}},{"type":"Feature","properties":{"name":"Belluno","iso":"ITA"},"geometry":{"type":"Point","coordinates":[12.178,46.325]}},{"type":"Feature","properties":{"name":"Kärnten","iso":"AUT"},"geometry":{"type":"Point","coordinates":[13.787,46.769]}},{"type":"Feature","properties":{"name":"Udine","iso":"ITA"},"geometry":{"type":"Point","coordinates":[13.121,46.184]}},{"type":"Feature","properties":{"name":"Monaco","iso":"MCO"},"geometry":{"type":"Point","coordinates":[7.401,43.741]}},{"type":"Feature","properties":{"name":"Timbuktu","iso":"MLI"},"geometry":{"type":"Point","coordinates":[-3.929,19.571]}},{"type":"Feature","properties":{"name":"Adrar","iso":"DZA"},"geometry":{"type":"Point","coordinates":[0.561,22.915]}},{"type":"Feature","properties":{"name":"Kranjska Gora","iso":"SVN"},"geometry":{"type":"Point","coordinates":[13.827,46.455]}},{"type":"Feature","properties":{"name":"Bovec","iso":"SVN"},"geometry":{"type":"Point","coordinates":[13.618,46.365]}},{"type":"Feature","properties":{"name":"Kobarid","iso":"SVN"},"geometry":{"type":"Point","coordinates":[13.548,46.249]}},{"type":"Feature","properties":{"name":"Tolmin","iso":"SVN"},"geometry":{"type":"Point","coordinates":[13.801,46.144]}},{"type":"Feature","properties":{"name":"Kanal","iso":"SVN"},"geometry":{"type":"Point","coordinates":[13.646,46.066]}},{"type":"Feature","properties":{"name":"Brda","iso":"SVN"},"geometry":{"type":"Point","coordinates":[13.525,46.016]}},{"type":"Feature","properties":{"name":"Gorizia","iso":"ITA"},"geometry":{"type":"Point","coordinates":[13.498,45.851]}},{"type":"Feature","properties":{"name":"Nova Goriška","iso":"SVN"},"geometry":{"type":"Point","coordinates":[13.71,45.957]}},{"type":"Feature","properties":{"name":"Šempeter-Vrtojba","iso":"SVN"},"geometry":{"type":"Point","coordinates":[13.656,45.923]}},{"type":"Feature","properties":{"name":"Miren-Kostanjevica","iso":"SVN"},"geometry":{"type":"Point","coordinates":[13.637,45.861]}},{"type":"Feature","properties":{"name":"Komen","iso":"SVN"},"geometry":{"type":"Point","coordinates":[13.721,45.818]}},{"type":"Feature","properties":{"name":"Trieste","iso":"ITA"},"geometry":{"type":"Point","coordinates":[13.755,45.675]}},{"type":"Feature","properties":{"name":"Sežana","iso":"SVN"},"geometry":{"type":"Point","coordinates":[13.883,45.721]}},{"type":"Feature","properties":{"name":"Hrpelje-Kozina","iso":"SVN"},"geometry":{"type":"Point","coordinates":[14.024,45.565]}},{"type":"Feature","properties":{"name":"Koper","iso":"SVN"},"geometry":{"type":"Point","coordinates":[13.807,45.51]}},{"type":"Feature","properties":{"name":"Maputo","iso":"MOZ"},"geometry":{"type":"Point","coordinates":[32.628,-25.5]}},{"type":"Feature","properties":{"name":"Lubombo","iso":"SWZ"},"geometry":{"type":"Point","coordinates":[31.73,-26.621]}},{"type":"Feature","properties":{"name":"Muyinga","iso":"BDI"},"geometry":{"type":"Point","coordinates":[30.357,-2.755]}},{"type":"Feature","properties":{"name":"Eastern","iso":"RWA"},"geometry":{"type":"Point","coordinates":[30.365,-1.798]}},{"type":"Feature","properties":{"name":"Kirundo","iso":"BDI"},"geometry":{"type":"Point","coordinates":[30.179,-2.48]}},{"type":"Feature","properties":{"name":"Southern","iso":"RWA"},"geometry":{"type":"Point","coordinates":[29.673,-2.258]}},{"type":"Feature","properties":{"name":"Ngozi","iso":"BDI"},"geometry":{"type":"Point","coordinates":[29.883,-2.864]}},{"type":"Feature","properties":{"name":"Cibitoke","iso":"BDI"},"geometry":{"type":"Point","coordinates":[29.231,-2.838]}},{"type":"Feature","properties":{"name":"Western","iso":"RWA"},"geometry":{"type":"Point","coordinates":[29.348,-2.177]}},{"type":"Feature","properties":{"name":"Kayanza","iso":"BDI"},"geometry":{"type":"Point","coordinates":[29.667,-2.974]}},{"type":"Feature","properties":{"name":"Rakhine","iso":"MMR"},"geometry":{"type":"Point","coordinates":[93.662,19.583]}},{"type":"Feature","properties":{"name":"Chittagong","iso":"BGD"},"geometry":{"type":"Point","coordinates":[91.588,22.678]}},{"type":"Feature","properties":{"name":"Chin","iso":"MMR"},"geometry":{"type":"Point","coordinates":[93.495,22.315]}},{"type":"Feature","properties":{"name":"Pyrénées-Atlantiques","iso":"FRA"},"geometry":{"type":"Point","coordinates":[-0.772,43.217]}},{"type":"Feature","properties":{"name":"Navarra","iso":"ESP"},"geometry":{"type":"Point","coordinates":[-1.621,42.59]}},{"type":"Feature","properties":{"name":"Gipuzkoa","iso":"ESP"},"geometry":{"type":"Point","coordinates":[-2.13,43.167]}},{"type":"Feature","properties":{"name":"Huesca","iso":"ESP"},"geometry":{"type":"Point","coordinates":[-0.025,42.254]}},{"type":"Feature","properties":{"name":"Haute-Garonne","iso":"FRA"},"geometry":{"type":"Point","coordinates":[1.234,43.302]}},{"type":"Feature","properties":{"name":"Lérida","iso":"ESP"},"geometry":{"type":"Point","coordinates":[0.993,42.071]}},{"type":"Feature","properties":{"name":"Hautes-Pyrénées","iso":"FRA"},"geometry":{"type":"Point","coordinates":[0.066,43.163]}},{"type":"Feature","properties":{"name":"Ariège","iso":"FRA"},"geometry":{"type":"Point","coordinates":[1.591,42.925]}},{"type":"Feature","properties":{"name":"Ordino","iso":"AND"},"geometry":{"type":"Point","coordinates":[1.528,42.6]}},{"type":"Feature","properties":{"name":"Canillo","iso":"AND"},"geometry":{"type":"Point","coordinates":[1.655,42.577]}},{"type":"Feature","properties":{"name":"Pyrénées-Orientales","iso":"FRA"},"geometry":{"type":"Point","coordinates":[2.432,42.52]}},{"type":"Feature","properties":{"name":"Encamp","iso":"AND"},"geometry":{"type":"Point","coordinates":[1.643,42.535]}},{"type":"Feature","properties":{"name":"La Massana","iso":"AND"},"geometry":{"type":"Point","coordinates":[1.476,42.557]}},{"type":"Feature","properties":{"name":"Gerona","iso":"ESP"},"geometry":{"type":"Point","coordinates":[2.529,42.191]}},{"type":"Feature","properties":{"name":"Sant Julià de Lòria","iso":"AND"},"geometry":{"type":"Point","coordinates":[1.502,42.473]}},{"type":"Feature","properties":{"name":"Escaldes-Engordany","iso":"AND"},"geometry":{"type":"Point","coordinates":[1.58,42.501]}},{"type":"Feature","properties":{"name":"Badakhshan","iso":"AFG"},"geometry":{"type":"Point","coordinates":[71.727,36.951]}},{"type":"Feature","properties":{"name":"Kentriki Makedonia","iso":"GRC"},"geometry":{"type":"Point","coordinates":[23.042,40.533]}},{"type":"Feature","properties":{"name":"Novo Selo","iso":"MKD"},"geometry":{"type":"Point","coordinates":[22.854,41.427]}},{"type":"Feature","properties":{"name":"Dojran","iso":"MKD"},"geometry":{"type":"Point","coordinates":[22.654,41.236]}},{"type":"Feature","properties":{"name":"Valandovo","iso":"MKD"},"geometry":{"type":"Point","coordinates":[22.539,41.326]}},{"type":"Feature","properties":{"name":"Strumitsa","iso":"MKD"},"geometry":{"type":"Point","coordinates":[22.63,41.398]}},{"type":"Feature","properties":{"name":"Bogdanci","iso":"MKD"},"geometry":{"type":"Point","coordinates":[22.578,41.194]}},{"type":"Feature","properties":{"name":"Gevgelija","iso":"MKD"},"geometry":{"type":"Point","coordinates":[22.379,41.233]}},{"type":"Feature","properties":{"name":"Kavadartsi","iso":"MKD"},"geometry":{"type":"Point","coordinates":[22.013,41.308]}},{"type":"Feature","properties":{"name":"Novaci","iso":"MKD"},"geometry":{"type":"Point","coordinates":[21.636,41.029]}},{"type":"Feature","properties":{"name":"Prilep","iso":"MKD"},"geometry":{"type":"Point","coordinates":[21.673,41.279]}},{"type":"Feature","properties":{"name":"Bitola","iso":"MKD"},"geometry":{"type":"Point","coordinates":[21.29,41.045]}},{"type":"Feature","properties":{"name":"Gnjilane","iso":"KOS"},"geometry":{"type":"Point","coordinates":[21.441,42.421]}},{"type":"Feature","properties":{"name":"Lipkovo","iso":"MKD"},"geometry":{"type":"Point","coordinates":[21.587,42.144]}},{"type":"Feature","properties":{"name":"Vitina","iso":"KOS"},"geometry":{"type":"Point","coordinates":[21.372,42.292]}},{"type":"Feature","properties":{"name":"Čučer Sandevo","iso":"MKD"},"geometry":{"type":"Point","coordinates":[21.416,42.136]}},{"type":"Feature","properties":{"name":"Kačanik","iso":"KOS"},"geometry":{"type":"Point","coordinates":[21.226,42.204]}},{"type":"Feature","properties":{"name":"Gjorče Petrov","iso":"MKD"},"geometry":{"type":"Point","coordinates":[21.302,42.05]}},{"type":"Feature","properties":{"name":"Saraj","iso":"MKD"},"geometry":{"type":"Point","coordinates":[21.223,42.003]}},{"type":"Feature","properties":{"name":"Jegunovce","iso":"MKD"},"geometry":{"type":"Point","coordinates":[21.128,42.061]}},{"type":"Feature","properties":{"name":"Štrpce","iso":"KOS"},"geometry":{"type":"Point","coordinates":[20.995,42.231]}},{"type":"Feature","properties":{"name":"Tearce","iso":"MKD"},"geometry":{"type":"Point","coordinates":[21.028,42.075]}},{"type":"Feature","properties":{"name":"Tetovo","iso":"MKD"},"geometry":{"type":"Point","coordinates":[20.942,42.006]}},{"type":"Feature","properties":{"name":"Bogovinje","iso":"MKD"},"geometry":{"type":"Point","coordinates":[20.89,41.926]}},{"type":"Feature","properties":{"name":"Vrapcište","iso":"MKD"},"geometry":{"type":"Point","coordinates":[20.847,41.856]}},{"type":"Feature","properties":{"name":"Pcinjski","iso":"SRB"},"geometry":{"type":"Point","coordinates":[22.074,42.673]}},{"type":"Feature","properties":{"name":"Kriva Palanka","iso":"MKD"},"geometry":{"type":"Point","coordinates":[22.313,42.184]}},{"type":"Feature","properties":{"name":"Rankovce","iso":"MKD"},"geometry":{"type":"Point","coordinates":[22.099,42.187]}},{"type":"Feature","properties":{"name":"Staro Nagoričane","iso":"MKD"},"geometry":{"type":"Point","coordinates":[21.9,42.186]}},{"type":"Feature","properties":{"name":"Kumanovo","iso":"MKD"},"geometry":{"type":"Point","coordinates":[21.78,42.085]}},{"type":"Feature","properties":{"name":"Vidin","iso":"BGR"},"geometry":{"type":"Point","coordinates":[22.659,43.775]}},{"type":"Feature","properties":{"name":"Borski","iso":"SRB"},"geometry":{"type":"Point","coordinates":[22.104,44.185]}},{"type":"Feature","properties":{"name":"Zajecarski","iso":"SRB"},"geometry":{"type":"Point","coordinates":[22.117,43.746]}},{"type":"Feature","properties":{"name":"Pirotski","iso":"SRB"},"geometry":{"type":"Point","coordinates":[22.387,43.167]}},{"type":"Feature","properties":{"name":"Pernik","iso":"BGR"},"geometry":{"type":"Point","coordinates":[22.785,42.669]}},{"type":"Feature","properties":{"name":"Sofia","iso":"BGR"},"geometry":{"type":"Point","coordinates":[23.554,42.684]}},{"type":"Feature","properties":{"name":"Montana","iso":"BGR"},"geometry":{"type":"Point","coordinates":[23.215,43.488]}},{"type":"Feature","properties":{"name":"Jablanicki","iso":"SRB"},"geometry":{"type":"Point","coordinates":[22.002,42.917]}},{"type":"Feature","properties":{"name":"Kyustendil","iso":"BGR"},"geometry":{"type":"Point","coordinates":[22.877,42.27]}},{"type":"Feature","properties":{"name":"Delčevo","iso":"MKD"},"geometry":{"type":"Point","coordinates":[22.736,41.93]}},{"type":"Feature","properties":{"name":"Makedonska Kamenica","iso":"MKD"},"geometry":{"type":"Point","coordinates":[22.521,42.038]}},{"type":"Feature","properties":{"name":"Blagoevgrad","iso":"BGR"},"geometry":{"type":"Point","coordinates":[23.441,41.696]}},{"type":"Feature","properties":{"name":"Berovo","iso":"MKD"},"geometry":{"type":"Point","coordinates":[22.775,41.657]}},{"type":"Feature","properties":{"name":"Pehčevo","iso":"MKD"},"geometry":{"type":"Point","coordinates":[22.871,41.77]}},{"type":"Feature","properties":{"name":"Dubrovacko-Neretvanska","iso":"HRV"},"geometry":{"type":"Point","coordinates":[17.511,42.869]}},{"type":"Feature","properties":{"name":"Herceg Novi","iso":"MNE"},"geometry":{"type":"Point","coordinates":[18.544,42.458]}},{"type":"Feature","properties":{"name":"Herzegovina-Neretva","iso":"BIH"},"geometry":{"type":"Point","coordinates":[17.847,43.363]}},{"type":"Feature","properties":{"name":"Trebinje","iso":"BIH"},"geometry":{"type":"Point","coordinates":[18.312,42.956]}},{"type":"Feature","properties":{"name":"Ntungamo","iso":"UGA"},"geometry":{"type":"Point","coordinates":[30.302,-0.953]}},{"type":"Feature","properties":{"name":"Isingiro","iso":"UGA"},"geometry":{"type":"Point","coordinates":[30.796,-0.882]}},{"type":"Feature","properties":{"name":"Northern","iso":"RWA"},"geometry":{"type":"Point","coordinates":[29.92,-1.629]}},{"type":"Feature","properties":{"name":"Kabale","iso":"UGA"},"geometry":{"type":"Point","coordinates":[30.02,-1.235]}},{"type":"Feature","properties":{"name":"Kisoro","iso":"UGA"},"geometry":{"type":"Point","coordinates":[29.666,-1.206]}},{"type":"Feature","properties":{"name":"Guantanamo Bay USNB","iso":"USG"},"geometry":{"type":"Point","coordinates":[-75.164,19.934]}},{"type":"Feature","properties":{"name":"Guantánamo","iso":"CUB"},"geometry":{"type":"Point","coordinates":[-75.006,20.256]}},{"type":"Feature","properties":{"name":"Uttarakhand","iso":"IND"},"geometry":{"type":"Point","coordinates":[79.21,30.125]}},{"type":"Feature","properties":{"name":"Leposavić","iso":"KOS"},"geometry":{"type":"Point","coordinates":[20.786,43.133]}},{"type":"Feature","properties":{"name":"Raški","iso":"SRB"},"geometry":{"type":"Point","coordinates":[20.586,43.493]}},{"type":"Feature","properties":{"name":"Pomoravski","iso":"SRB"},"geometry":{"type":"Point","coordinates":[21.143,43.524]}},{"type":"Feature","properties":{"name":"Toplicki","iso":"SRB"},"geometry":{"type":"Point","coordinates":[21.443,43.187]}},{"type":"Feature","properties":{"name":"Podujevo","iso":"KOS"},"geometry":{"type":"Point","coordinates":[21.187,42.897]}},{"type":"Feature","properties":{"name":"Zubin Potok","iso":"KOS"},"geometry":{"type":"Point","coordinates":[20.618,42.921]}},{"type":"Feature","properties":{"name":"Zvečan","iso":"KOS"},"geometry":{"type":"Point","coordinates":[20.754,42.975]}},{"type":"Feature","properties":{"name":"Istok","iso":"KOS"},"geometry":{"type":"Point","coordinates":[20.485,42.769]}},{"type":"Feature","properties":{"name":"Priština","iso":"KOS"},"geometry":{"type":"Point","coordinates":[21.268,42.684]}},{"type":"Feature","properties":{"name":"Kosovska Kamenica","iso":"KOS"},"geometry":{"type":"Point","coordinates":[21.605,42.613]}},{"type":"Feature","properties":{"name":"Rožaje","iso":"MNE"},"geometry":{"type":"Point","coordinates":[20.185,42.839]}},{"type":"Feature","properties":{"name":"Peć","iso":"KOS"},"geometry":{"type":"Point","coordinates":[20.272,42.673]}},{"type":"Feature","properties":{"name":"Berane","iso":"MNE"},"geometry":{"type":"Point","coordinates":[19.918,42.845]}},{"type":"Feature","properties":{"name":"Plav","iso":"MNE"},"geometry":{"type":"Point","coordinates":[19.907,42.572]}},{"type":"Feature","properties":{"name":"Pljevlja","iso":"MNE"},"geometry":{"type":"Point","coordinates":[19.172,43.343]}},{"type":"Feature","properties":{"name":"Zlatiborski","iso":"SRB"},"geometry":{"type":"Point","coordinates":[19.945,43.687]}},{"type":"Feature","properties":{"name":"Bijelo Polje","iso":"MNE"},"geometry":{"type":"Point","coordinates":[19.735,43.064]}},{"type":"Feature","properties":{"name":"Ocotepeque","iso":"HND"},"geometry":{"type":"Point","coordinates":[-89.003,14.462]}},{"type":"Feature","properties":{"name":"Chalatenango","iso":"SLV"},"geometry":{"type":"Point","coordinates":[-89.111,14.147]}},{"type":"Feature","properties":{"name":"Lempira","iso":"HND"},"geometry":{"type":"Point","coordinates":[-88.611,14.393]}},{"type":"Feature","properties":{"name":"Cabañas","iso":"SLV"},"geometry":{"type":"Point","coordinates":[-88.722,13.857]}},{"type":"Feature","properties":{"name":"Intibucá","iso":"HND"},"geometry":{"type":"Point","coordinates":[-88.241,14.216]}},{"type":"Feature","properties":{"name":"Morazán","iso":"SLV"},"geometry":{"type":"Point","coordinates":[-88.158,13.753]}},{"type":"Feature","properties":{"name":"La Paz","iso":"HND"},"geometry":{"type":"Point","coordinates":[-87.867,14.129]}},{"type":"Feature","properties":{"name":"San Miguel","iso":"SLV"},"geometry":{"type":"Point","coordinates":[-88.259,13.557]}},{"type":"Feature","properties":{"name":"La Unión","iso":"SLV"},"geometry":{"type":"Point","coordinates":[-87.879,13.499]}},{"type":"Feature","properties":{"name":"Valle","iso":"HND"},"geometry":{"type":"Point","coordinates":[-87.601,13.479]}},{"type":"Feature","properties":{"name":"Atlántico Norte","iso":"NIC"},"geometry":{"type":"Point","coordinates":[-84.139,14.248]}},{"type":"Feature","properties":{"name":"Olancho","iso":"HND"},"geometry":{"type":"Point","coordinates":[-86.074,14.712]}},{"type":"Feature","properties":{"name":"Gracias a Dios","iso":"HND"},"geometry":{"type":"Point","coordinates":[-83.951,15.19]}},{"type":"Feature","properties":{"name":"Jinotega","iso":"NIC"},"geometry":{"type":"Point","coordinates":[-85.491,13.89]}},{"type":"Feature","properties":{"name":"El Paraíso","iso":"HND"},"geometry":{"type":"Point","coordinates":[-86.385,13.993]}},{"type":"Feature","properties":{"name":"Nueva Segovia","iso":"NIC"},"geometry":{"type":"Point","coordinates":[-86.233,13.722]}},{"type":"Feature","properties":{"name":"Chinandega","iso":"NIC"},"geometry":{"type":"Point","coordinates":[-87.139,12.905]}},{"type":"Feature","properties":{"name":"Choluteca","iso":"HND"},"geometry":{"type":"Point","coordinates":[-87.137,13.41]}},{"type":"Feature","properties":{"name":"Madriz","iso":"NIC"},"geometry":{"type":"Point","coordinates":[-86.499,13.469]}},{"type":"Feature","properties":{"name":"Esmeraldas","iso":"ECU"},"geometry":{"type":"Point","coordinates":[-79.299,0.589]}},{"type":"Feature","properties":{"name":"Nariño","iso":"COL"},"geometry":{"type":"Point","coordinates":[-77.896,1.714]}},{"type":"Feature","properties":{"name":"Carchi","iso":"ECU"},"geometry":{"type":"Point","coordinates":[-78.015,0.742]}},{"type":"Feature","properties":{"name":"Sucumbios","iso":"ECU"},"geometry":{"type":"Point","coordinates":[-76.613,-0.054]}},{"type":"Feature","properties":{"name":"Putumayo","iso":"COL"},"geometry":{"type":"Point","coordinates":[-75.67,0.357]}},{"type":"Feature","properties":{"name":"Nickerie","iso":"SUR"},"geometry":{"type":"Point","coordinates":[-56.858,5.547]}},{"type":"Feature","properties":{"name":"Marowijne","iso":"SUR"},"geometry":{"type":"Point","coordinates":[-54.373,5.609]}},{"type":"Feature","properties":{"name":"Tarija","iso":"BOL"},"geometry":{"type":"Point","coordinates":[-64.397,-21.546]}},{"type":"Feature","properties":{"name":"Boquerón","iso":"PRY"},"geometry":{"type":"Point","coordinates":[-61.074,-22.497]}},{"type":"Feature","properties":{"name":"Formosa","iso":"ARG"},"geometry":{"type":"Point","coordinates":[-59.89,-25.098]}},{"type":"Feature","properties":{"name":"Presidente Hayes","iso":"PRY"},"geometry":{"type":"Point","coordinates":[-58.464,-23.821]}},{"type":"Feature","properties":{"name":"Central","iso":"PRY"},"geometry":{"type":"Point","coordinates":[-57.553,-25.601]}},{"type":"Feature","properties":{"name":"Asunción","iso":"PRY"},"geometry":{"type":"Point","coordinates":[-57.605,-25.31]}},{"type":"Feature","properties":{"name":"Alto Paraná","iso":"PRY"},"geometry":{"type":"Point","coordinates":[-55.001,-25.401]}},{"type":"Feature","properties":{"name":"Misiones","iso":"ARG"},"geometry":{"type":"Point","coordinates":[-54.653,-26.855]}},{"type":"Feature","properties":{"name":"Itapúa","iso":"PRY"},"geometry":{"type":"Point","coordinates":[-55.537,-26.734]}},{"type":"Feature","properties":{"name":"Ñeembucú","iso":"PRY"},"geometry":{"type":"Point","coordinates":[-58.039,-26.617]}},{"type":"Feature","properties":{"name":"Chaco","iso":"ARG"},"geometry":{"type":"Point","coordinates":[-59.946,-25.892]}},{"type":"Feature","properties":{"name":"Corrientes","iso":"ARG"},"geometry":{"type":"Point","coordinates":[-57.567,-28.704]}},{"type":"Feature","properties":{"name":"Misiones","iso":"PRY"},"geometry":{"type":"Point","coordinates":[-57.038,-26.875]}},{"type":"Feature","properties":{"name":"Santa Cruz","iso":"BOL"},"geometry":{"type":"Point","coordinates":[-61.708,-17.317]}},{"type":"Feature","properties":{"name":"Mato Grosso do Sul","iso":"BRA"},"geometry":{"type":"Point","coordinates":[-55.435,-20.195]}},{"type":"Feature","properties":{"name":"Alto Paraguay","iso":"PRY"},"geometry":{"type":"Point","coordinates":[-58.696,-20.922]}},{"type":"Feature","properties":{"name":"Concepción","iso":"PRY"},"geometry":{"type":"Point","coordinates":[-57.042,-22.799]}},{"type":"Feature","properties":{"name":"Amambay","iso":"PRY"},"geometry":{"type":"Point","coordinates":[-56.215,-22.995]}},{"type":"Feature","properties":{"name":"Canindeyú","iso":"PRY"},"geometry":{"type":"Point","coordinates":[-55.27,-24.259]}},{"type":"Feature","properties":{"name":"Paraná","iso":"BRA"},"geometry":{"type":"Point","coordinates":[-50.533,-25.084]}},{"type":"Feature","properties":{"name":"Santa Catarina","iso":"BRA"},"geometry":{"type":"Point","coordinates":[-50.571,-27.245]}},{"type":"Feature","properties":{"name":"Zeeland","iso":"NLD"},"geometry":{"type":"Point","coordinates":[3.94,51.479]}},{"type":"Feature","properties":{"name":"East Flanders","iso":"BEL"},"geometry":{"type":"Point","coordinates":[3.869,51.048]}},{"type":"Feature","properties":{"name":"Noord-Brabant","iso":"NLD"},"geometry":{"type":"Point","coordinates":[5.036,51.523]}},{"type":"Feature","properties":{"name":"Antwerp","iso":"BEL"},"geometry":{"type":"Point","coordinates":[4.639,51.254]}},{"type":"Feature","properties":{"name":"Limburg","iso":"BEL"},"geometry":{"type":"Point","coordinates":[5.471,50.966]}},{"type":"Feature","properties":{"name":"Baden-Württemberg","iso":"DEU"},"geometry":{"type":"Point","coordinates":[9.433,48.838]}},{"type":"Feature","properties":{"name":"Schaffhausen","iso":"CHE"},"geometry":{"type":"Point","coordinates":[8.624,47.687]}},{"type":"Feature","properties":{"name":"Thurgau","iso":"CHE"},"geometry":{"type":"Point","coordinates":[9.06,47.524]}},{"type":"Feature","properties":{"name":"Zürich","iso":"CHE"},"geometry":{"type":"Point","coordinates":[8.664,47.471]}},{"type":"Feature","properties":{"name":"Aargau","iso":"CHE"},"geometry":{"type":"Point","coordinates":[8.112,47.395]}},{"type":"Feature","properties":{"name":"Basel-Stadt","iso":"CHE"},"geometry":{"type":"Point","coordinates":[7.602,47.558]}},{"type":"Feature","properties":{"name":"Basel-Landschaft","iso":"CHE"},"geometry":{"type":"Point","coordinates":[7.631,47.458]}},{"type":"Feature","properties":{"name":"Bas-Rhin","iso":"FRA"},"geometry":{"type":"Point","coordinates":[7.42,48.71]}},{"type":"Feature","properties":{"name":"Haute-Rhin","iso":"FRA"},"geometry":{"type":"Point","coordinates":[7.305,47.738]}},{"type":"Feature","properties":{"name":"Sankt Gallen","iso":"CHE"},"geometry":{"type":"Point","coordinates":[9.241,47.295]}},{"type":"Feature","properties":{"name":"Vaduz","iso":"LIE"},"geometry":{"type":"Point","coordinates":[9.545,47.131]}},{"type":"Feature","properties":{"name":"Gamprin","iso":"LIE"},"geometry":{"type":"Point","coordinates":[9.505,47.207]}},{"type":"Feature","properties":{"name":"Solothurn","iso":"CHE"},"geometry":{"type":"Point","coordinates":[7.597,47.318]}},{"type":"Feature","properties":{"name":"Jura","iso":"CHE"},"geometry":{"type":"Point","coordinates":[7.156,47.333]}},{"type":"Feature","properties":{"name":"Territoire de Belfort","iso":"FRA"},"geometry":{"type":"Point","coordinates":[6.973,47.586]}},{"type":"Feature","properties":{"name":"Doubs","iso":"FRA"},"geometry":{"type":"Point","coordinates":[6.359,47.145]}},{"type":"Feature","properties":{"name":"Genève","iso":"CHE"},"geometry":{"type":"Point","coordinates":[6.105,46.235]}},{"type":"Feature","properties":{"name":"Ain","iso":"FRA"},"geometry":{"type":"Point","coordinates":[5.485,46.108]}},{"type":"Feature","properties":{"name":"Vaud","iso":"CHE"},"geometry":{"type":"Point","coordinates":[6.848,46.65]}},{"type":"Feature","properties":{"name":"Jura","iso":"FRA"},"geometry":{"type":"Point","coordinates":[5.636,46.677]}},{"type":"Feature","properties":{"name":"Neuchâtel","iso":"CHE"},"geometry":{"type":"Point","coordinates":[6.837,47.016]}},{"type":"Feature","properties":{"name":"Badajoz","iso":"ESP"},"geometry":{"type":"Point","coordinates":[-5.947,38.744]}},{"type":"Feature","properties":{"name":"Évora","iso":"PRT"},"geometry":{"type":"Point","coordinates":[-7.866,38.663]}},{"type":"Feature","properties":{"name":"Portalegre","iso":"PRT"},"geometry":{"type":"Point","coordinates":[-7.639,39.122]}},{"type":"Feature","properties":{"name":"Rogašovci","iso":"SVN"},"geometry":{"type":"Point","coordinates":[16.013,46.798]}},{"type":"Feature","properties":{"name":"Steiermark","iso":"AUT"},"geometry":{"type":"Point","coordinates":[15.015,47.26]}},{"type":"Feature","properties":{"name":"Cankova","iso":"SVN"},"geometry":{"type":"Point","coordinates":[16.051,46.702]}},{"type":"Feature","properties":{"name":"Gornja Radgona","iso":"SVN"},"geometry":{"type":"Point","coordinates":[15.951,46.644]}},{"type":"Feature","properties":{"name":"Apace","iso":"SVN"},"geometry":{"type":"Point","coordinates":[15.868,46.694]}},{"type":"Feature","properties":{"name":"Šentilj","iso":"SVN"},"geometry":{"type":"Point","coordinates":[15.723,46.67]}},{"type":"Feature","properties":{"name":"Kungota","iso":"SVN"},"geometry":{"type":"Point","coordinates":[15.594,46.644]}},{"type":"Feature","properties":{"name":"Maribor","iso":"SVN"},"geometry":{"type":"Point","coordinates":[15.629,46.579]}},{"type":"Feature","properties":{"name":"Selnica ob Dravi","iso":"SVN"},"geometry":{"type":"Point","coordinates":[15.485,46.594]}},{"type":"Feature","properties":{"name":"Radlje ob Dravi","iso":"SVN"},"geometry":{"type":"Point","coordinates":[15.216,46.591]}},{"type":"Feature","properties":{"name":"Muta","iso":"SVN"},"geometry":{"type":"Point","coordinates":[15.136,46.626]}},{"type":"Feature","properties":{"name":"Dravograd","iso":"SVN"},"geometry":{"type":"Point","coordinates":[15.031,46.586]}},{"type":"Feature","properties":{"name":"Podvelka","iso":"SVN"},"geometry":{"type":"Point","coordinates":[15.369,46.585]}},{"type":"Feature","properties":{"name":"Ravne na Koroškem","iso":"SVN"},"geometry":{"type":"Point","coordinates":[14.947,46.562]}},{"type":"Feature","properties":{"name":"Prevalje","iso":"SVN"},"geometry":{"type":"Point","coordinates":[14.895,46.561]}},{"type":"Feature","properties":{"name":"Mežica","iso":"SVN"},"geometry":{"type":"Point","coordinates":[14.856,46.531]}},{"type":"Feature","properties":{"name":"Črna na Koroškem","iso":"SVN"},"geometry":{"type":"Point","coordinates":[14.808,46.477]}},{"type":"Feature","properties":{"name":"Tržič","iso":"SVN"},"geometry":{"type":"Point","coordinates":[14.327,46.381]}},{"type":"Feature","properties":{"name":"Žirovnica","iso":"SVN"},"geometry":{"type":"Point","coordinates":[14.178,46.414]}},{"type":"Feature","properties":{"name":"Jesenice","iso":"SVN"},"geometry":{"type":"Point","coordinates":[14.07,46.447]}},{"type":"Feature","properties":{"name":"Solcava","iso":"SVN"},"geometry":{"type":"Point","coordinates":[14.658,46.414]}},{"type":"Feature","properties":{"name":"Jezersko","iso":"SVN"},"geometry":{"type":"Point","coordinates":[14.473,46.38]}},{"type":"Feature","properties":{"name":"Foča","iso":"BIH"},"geometry":{"type":"Point","coordinates":[18.989,43.529]}},{"type":"Feature","properties":{"name":"Žabljak","iso":"MNE"},"geometry":{"type":"Point","coordinates":[19.145,43.14]}},{"type":"Feature","properties":{"name":"Plužine","iso":"MNE"},"geometry":{"type":"Point","coordinates":[18.878,43.175]}},{"type":"Feature","properties":{"name":"Nikšic","iso":"MNE"},"geometry":{"type":"Point","coordinates":[18.786,42.808]}},{"type":"Feature","properties":{"name":"Kotor","iso":"MNE"},"geometry":{"type":"Point","coordinates":[18.686,42.457]}},{"type":"Feature","properties":{"name":"Sisacko-Moslavacka","iso":"HRV"},"geometry":{"type":"Point","coordinates":[16.353,45.422]}},{"type":"Feature","properties":{"name":"Banja Luka","iso":"BIH"},"geometry":{"type":"Point","coordinates":[17.075,44.804]}},{"type":"Feature","properties":{"name":"Brodsko-Posavska","iso":"HRV"},"geometry":{"type":"Point","coordinates":[17.756,45.204]}},{"type":"Feature","properties":{"name":"Una-Sana","iso":"BIH"},"geometry":{"type":"Point","coordinates":[16.171,44.737]}},{"type":"Feature","properties":{"name":"Karlovacka","iso":"HRV"},"geometry":{"type":"Point","coordinates":[15.498,45.305]}},{"type":"Feature","properties":{"name":"Zadarska","iso":"HRV"},"geometry":{"type":"Point","coordinates":[15.553,44.258]}},{"type":"Feature","properties":{"name":"Doboj","iso":"BIH"},"geometry":{"type":"Point","coordinates":[18.222,44.901]}},{"type":"Feature","properties":{"name":"Posavina","iso":"BIH"},"geometry":{"type":"Point","coordinates":[18.542,45.03]}},{"type":"Feature","properties":{"name":"Vukovarsko-Srijemska","iso":"HRV"},"geometry":{"type":"Point","coordinates":[18.849,45.208]}},{"type":"Feature","properties":{"name":"Brčko Distrikt","iso":"BIH"},"geometry":{"type":"Point","coordinates":[18.842,44.83]}},{"type":"Feature","properties":{"name":"Bijeljina","iso":"BIH"},"geometry":{"type":"Point","coordinates":[19.107,44.747]}},{"type":"Feature","properties":{"name":"West Bosnia","iso":"BIH"},"geometry":{"type":"Point","coordinates":[16.924,43.99]}},{"type":"Feature","properties":{"name":"Splitsko-Dalmatinska","iso":"HRV"},"geometry":{"type":"Point","coordinates":[16.561,43.388]}},{"type":"Feature","properties":{"name":"West Herzegovina","iso":"BIH"},"geometry":{"type":"Point","coordinates":[17.518,43.428]}},{"type":"Feature","properties":{"name":"Sremski","iso":"SRB"},"geometry":{"type":"Point","coordinates":[19.679,44.983]}},{"type":"Feature","properties":{"name":"Macvanski","iso":"SRB"},"geometry":{"type":"Point","coordinates":[19.594,44.472]}},{"type":"Feature","properties":{"name":"Vlasenica","iso":"BIH"},"geometry":{"type":"Point","coordinates":[19.204,44.221]}},{"type":"Feature","properties":{"name":"Južno-Backi","iso":"SRB"},"geometry":{"type":"Point","coordinates":[19.57,45.44]}},{"type":"Feature","properties":{"name":"Bratislavský","iso":"SVK"},"geometry":{"type":"Point","coordinates":[17.27,48.321]}},{"type":"Feature","properties":{"name":"Trnavský","iso":"SVK"},"geometry":{"type":"Point","coordinates":[17.553,48.348]}},{"type":"Feature","properties":{"name":"Trenciansky","iso":"SVK"},"geometry":{"type":"Point","coordinates":[18.211,48.817]}},{"type":"Feature","properties":{"name":"Zlínský","iso":"CZE"},"geometry":{"type":"Point","coordinates":[17.624,49.252]}},{"type":"Feature","properties":{"name":"Borsod-Abaúj-Zemplén","iso":"HUN"},"geometry":{"type":"Point","coordinates":[21.025,48.2]}},{"type":"Feature","properties":{"name":"Banskobystrický","iso":"SVK"},"geometry":{"type":"Point","coordinates":[19.313,48.474]}},{"type":"Feature","properties":{"name":"Nógrád","iso":"HUN"},"geometry":{"type":"Point","coordinates":[19.65,48.054]}},{"type":"Feature","properties":{"name":"Salgótarján","iso":"HUN"},"geometry":{"type":"Point","coordinates":[19.799,48.119]}},{"type":"Feature","properties":{"name":"Nitriansky","iso":"SVK"},"geometry":{"type":"Point","coordinates":[18.337,48.269]}},{"type":"Feature","properties":{"name":"Komárom-Esztergom","iso":"HUN"},"geometry":{"type":"Point","coordinates":[18.366,47.598]}},{"type":"Feature","properties":{"name":"Pest","iso":"HUN"},"geometry":{"type":"Point","coordinates":[19.256,47.447]}},{"type":"Feature","properties":{"name":"Lubusz","iso":"POL"},"geometry":{"type":"Point","coordinates":[15.301,52.132]}},{"type":"Feature","properties":{"name":"Brandenburg","iso":"DEU"},"geometry":{"type":"Point","coordinates":[12.939,52.566]}},{"type":"Feature","properties":{"name":"West Pomeranian","iso":"POL"},"geometry":{"type":"Point","coordinates":[15.248,53.678]}},{"type":"Feature","properties":{"name":"Mecklenburg-Vorpommern","iso":"DEU"},"geometry":{"type":"Point","coordinates":[12.667,53.948]}},{"type":"Feature","properties":{"name":"Mehedinti","iso":"ROU"},"geometry":{"type":"Point","coordinates":[22.715,44.6]}},{"type":"Feature","properties":{"name":"Dolj","iso":"ROU"},"geometry":{"type":"Point","coordinates":[23.693,44.267]}},{"type":"Feature","properties":{"name":"Silistra","iso":"BGR"},"geometry":{"type":"Point","coordinates":[27.051,43.924]}},{"type":"Feature","properties":{"name":"Calarasi","iso":"ROU"},"geometry":{"type":"Point","coordinates":[26.943,44.344]}},{"type":"Feature","properties":{"name":"Ruse","iso":"BGR"},"geometry":{"type":"Point","coordinates":[25.944,43.629]}},{"type":"Feature","properties":{"name":"Teleorman","iso":"ROU"},"geometry":{"type":"Point","coordinates":[25.251,44.132]}},{"type":"Feature","properties":{"name":"Giurgiu","iso":"ROU"},"geometry":{"type":"Point","coordinates":[25.897,44.198]}},{"type":"Feature","properties":{"name":"Constanta","iso":"ROU"},"geometry":{"type":"Point","coordinates":[28.37,44.402]}},{"type":"Feature","properties":{"name":"Dobrich","iso":"BGR"},"geometry":{"type":"Point","coordinates":[27.865,43.625]}},{"type":"Feature","properties":{"name":"Vratsa","iso":"BGR"},"geometry":{"type":"Point","coordinates":[23.765,43.369]}},{"type":"Feature","properties":{"name":"Olt","iso":"ROU"},"geometry":{"type":"Point","coordinates":[24.399,44.369]}},{"type":"Feature","properties":{"name":"Pleven","iso":"BGR"},"geometry":{"type":"Point","coordinates":[24.614,43.42]}},{"type":"Feature","properties":{"name":"Veliko Tarnovo","iso":"BGR"},"geometry":{"type":"Point","coordinates":[25.637,43.221]}},{"type":"Feature","properties":{"name":"Srednje-Banatski","iso":"SRB"},"geometry":{"type":"Point","coordinates":[20.51,45.48]}},{"type":"Feature","properties":{"name":"Južno-Banatski","iso":"SRB"},"geometry":{"type":"Point","coordinates":[20.779,45.087]}},{"type":"Feature","properties":{"name":"Caras-Severin","iso":"ROU"},"geometry":{"type":"Point","coordinates":[21.99,45.174]}},{"type":"Feature","properties":{"name":"Branicevski","iso":"SRB"},"geometry":{"type":"Point","coordinates":[21.622,44.314]}},{"type":"Feature","properties":{"name":"Anatoliki Makedonia kai Thraki","iso":"GRC"},"geometry":{"type":"Point","coordinates":[25.255,41.128]}},{"type":"Feature","properties":{"name":"Kardzhali","iso":"BGR"},"geometry":{"type":"Point","coordinates":[25.602,41.543]}},{"type":"Feature","properties":{"name":"Smolyan","iso":"BGR"},"geometry":{"type":"Point","coordinates":[24.659,41.584]}},{"type":"Feature","properties":{"name":"Shkodër","iso":"ALB"},"geometry":{"type":"Point","coordinates":[19.744,42.136]}},{"type":"Feature","properties":{"name":"Andrijevica","iso":"MNE"},"geometry":{"type":"Point","coordinates":[19.742,42.704]}},{"type":"Feature","properties":{"name":"Podgorica","iso":"MNE"},"geometry":{"type":"Point","coordinates":[19.345,42.502]}},{"type":"Feature","properties":{"name":"Bar","iso":"MNE"},"geometry":{"type":"Point","coordinates":[19.125,42.176]}},{"type":"Feature","properties":{"name":"Ulcinj","iso":"MNE"},"geometry":{"type":"Point","coordinates":[19.282,41.984]}},{"type":"Feature","properties":{"name":"Botosani","iso":"ROU"},"geometry":{"type":"Point","coordinates":[26.907,47.835]}},{"type":"Feature","properties":{"name":"Briceni","iso":"MDA"},"geometry":{"type":"Point","coordinates":[26.94,48.28]}},{"type":"Feature","properties":{"name":"Edineţ","iso":"MDA"},"geometry":{"type":"Point","coordinates":[27.238,48.082]}},{"type":"Feature","properties":{"name":"Rîşcani","iso":"MDA"},"geometry":{"type":"Point","coordinates":[27.482,47.906]}},{"type":"Feature","properties":{"name":"Glodeni","iso":"MDA"},"geometry":{"type":"Point","coordinates":[27.543,47.736]}},{"type":"Feature","properties":{"name":"Făleşti","iso":"MDA"},"geometry":{"type":"Point","coordinates":[27.695,47.547]}},{"type":"Feature","properties":{"name":"Iasi","iso":"ROU"},"geometry":{"type":"Point","coordinates":[27.411,47.155]}},{"type":"Feature","properties":{"name":"Ungheni","iso":"MDA"},"geometry":{"type":"Point","coordinates":[27.914,47.239]}},{"type":"Feature","properties":{"name":"Nisporeni","iso":"MDA"},"geometry":{"type":"Point","coordinates":[28.24,47.064]}},{"type":"Feature","properties":{"name":"Hîncesti","iso":"MDA"},"geometry":{"type":"Point","coordinates":[28.404,46.832]}},{"type":"Feature","properties":{"name":"Vaslui","iso":"ROU"},"geometry":{"type":"Point","coordinates":[27.841,46.545]}},{"type":"Feature","properties":{"name":"Leova","iso":"MDA"},"geometry":{"type":"Point","coordinates":[28.371,46.539]}},{"type":"Feature","properties":{"name":"Cantemir","iso":"MDA"},"geometry":{"type":"Point","coordinates":[28.284,46.272]}},{"type":"Feature","properties":{"name":"Cahul","iso":"MDA"},"geometry":{"type":"Point","coordinates":[28.292,45.785]}},{"type":"Feature","properties":{"name":"Galati","iso":"ROU"},"geometry":{"type":"Point","coordinates":[27.834,45.806]}},{"type":"Feature","properties":{"name":"Chernivtsi","iso":"UKR"},"geometry":{"type":"Point","coordinates":[26.206,48.371]}},{"type":"Feature","properties":{"name":"Suceava","iso":"ROU"},"geometry":{"type":"Point","coordinates":[25.683,47.39]}},{"type":"Feature","properties":{"name":"Maramures","iso":"ROU"},"geometry":{"type":"Point","coordinates":[23.844,47.664]}},{"type":"Feature","properties":{"name":"Ivano-Frankivs'k","iso":"UKR"},"geometry":{"type":"Point","coordinates":[24.645,48.765]}},{"type":"Feature","properties":{"name":"Odessa","iso":"UKR"},"geometry":{"type":"Point","coordinates":[29.872,46.73]}},{"type":"Feature","properties":{"name":"Tulcea","iso":"ROU"},"geometry":{"type":"Point","coordinates":[28.807,45.08]}},{"type":"Feature","properties":{"name":"Ocniţa","iso":"MDA"},"geometry":{"type":"Point","coordinates":[27.56,48.391]}},{"type":"Feature","properties":{"name":"Vinnytsya","iso":"UKR"},"geometry":{"type":"Point","coordinates":[28.815,48.994]}},{"type":"Feature","properties":{"name":"Donduseni","iso":"MDA"},"geometry":{"type":"Point","coordinates":[27.772,48.215]}},{"type":"Feature","properties":{"name":"Soroca","iso":"MDA"},"geometry":{"type":"Point","coordinates":[28.265,48.144]}},{"type":"Feature","properties":{"name":"Camenca","iso":"MDA"},"geometry":{"type":"Point","coordinates":[28.71,47.994]}},{"type":"Feature","properties":{"name":"Rezina","iso":"MDA"},"geometry":{"type":"Point","coordinates":[29.088,47.719]}},{"type":"Feature","properties":{"name":"Stîngă Nistrului","iso":"MDA"},"geometry":{"type":"Point","coordinates":[29.192,47.266]}},{"type":"Feature","properties":{"name":"Grigoriopol","iso":"MDA"},"geometry":{"type":"Point","coordinates":[29.428,47.115]}},{"type":"Feature","properties":{"name":"Bender","iso":"MDA"},"geometry":{"type":"Point","coordinates":[29.721,46.751]}},{"type":"Feature","properties":{"name":"Ștefan Vodă","iso":"MDA"},"geometry":{"type":"Point","coordinates":[29.727,46.52]}},{"type":"Feature","properties":{"name":"Causeni","iso":"MDA"},"geometry":{"type":"Point","coordinates":[29.315,46.629]}},{"type":"Feature","properties":{"name":"Cimişlia","iso":"MDA"},"geometry":{"type":"Point","coordinates":[28.851,46.62]}},{"type":"Feature","properties":{"name":"Basarabeasca","iso":"MDA"},"geometry":{"type":"Point","coordinates":[28.89,46.369]}},{"type":"Feature","properties":{"name":"Taraclia","iso":"MDA"},"geometry":{"type":"Point","coordinates":[28.676,45.95]}},{"type":"Feature","properties":{"name":"Comrat","iso":"MDA"},"geometry":{"type":"Point","coordinates":[28.549,46.015]}},{"type":"Feature","properties":{"name":"Lublin","iso":"POL"},"geometry":{"type":"Point","coordinates":[23.045,51.348]}},{"type":"Feature","properties":{"name":"L'viv","iso":"UKR"},"geometry":{"type":"Point","coordinates":[24.224,49.71]}},{"type":"Feature","properties":{"name":"Dagdas","iso":"LVA"},"geometry":{"type":"Point","coordinates":[27.708,56.148]}},{"type":"Feature","properties":{"name":"Kraslavas","iso":"LVA"},"geometry":{"type":"Point","coordinates":[27.268,55.923]}},{"type":"Feature","properties":{"name":"Kaliningrad","iso":"RUS"},"geometry":{"type":"Point","coordinates":[21.339,54.928]}},{"type":"Feature","properties":{"name":"Taurages","iso":"LTU"},"geometry":{"type":"Point","coordinates":[22.565,55.346]}},{"type":"Feature","properties":{"name":"Smolensk","iso":"RUS"},"geometry":{"type":"Point","coordinates":[33.375,54.895]}},{"type":"Feature","properties":{"name":"Mogilev","iso":"BLR"},"geometry":{"type":"Point","coordinates":[29.938,53.554]}},{"type":"Feature","properties":{"name":"Bryansk","iso":"RUS"},"geometry":{"type":"Point","coordinates":[33.801,52.928]}},{"type":"Feature","properties":{"name":"Sumy","iso":"UKR"},"geometry":{"type":"Point","coordinates":[34.032,51.018]}},{"type":"Feature","properties":{"name":"Kursk","iso":"RUS"},"geometry":{"type":"Point","coordinates":[36.333,51.665]}},{"type":"Feature","properties":{"name":"Belgorod","iso":"RUS"},"geometry":{"type":"Point","coordinates":[37.593,50.769]}},{"type":"Feature","properties":{"name":"Kharkiv","iso":"UKR"},"geometry":{"type":"Point","coordinates":[36.315,49.46]}},{"type":"Feature","properties":{"name":"Luhans'k","iso":"UKR"},"geometry":{"type":"Point","coordinates":[38.683,48.97]}},{"type":"Feature","properties":{"name":"Voronezh","iso":"RUS"},"geometry":{"type":"Point","coordinates":[39.798,51.148]}},{"type":"Feature","properties":{"name":"Rostov","iso":"RUS"},"geometry":{"type":"Point","coordinates":[41.086,47.595]}},{"type":"Feature","properties":{"name":"Donets'k","iso":"UKR"},"geometry":{"type":"Point","coordinates":[37.457,48.177]}},{"type":"Feature","properties":{"name":"East Azarbaijan","iso":"IRN"},"geometry":{"type":"Point","coordinates":[46.749,38.191]}},{"type":"Feature","properties":{"name":"Kars","iso":"TUR"},"geometry":{"type":"Point","coordinates":[43.226,40.462]}},{"type":"Feature","properties":{"name":"Aragatsotn","iso":"ARM"},"geometry":{"type":"Point","coordinates":[44.108,40.432]}},{"type":"Feature","properties":{"name":"Armavir","iso":"ARM"},"geometry":{"type":"Point","coordinates":[44.079,40.174]}},{"type":"Feature","properties":{"name":"Ardebil","iso":"IRN"},"geometry":{"type":"Point","coordinates":[47.857,38.573]}},{"type":"Feature","properties":{"name":"İmişli","iso":"AZE"},"geometry":{"type":"Point","coordinates":[48.046,39.939]}},{"type":"Feature","properties":{"name":"Biləsuvar","iso":"AZE"},"geometry":{"type":"Point","coordinates":[48.455,39.484]}},{"type":"Feature","properties":{"name":"Cəlilabad","iso":"AZE"},"geometry":{"type":"Point","coordinates":[48.489,39.228]}},{"type":"Feature","properties":{"name":"Yardımlı","iso":"AZE"},"geometry":{"type":"Point","coordinates":[48.256,38.887]}},{"type":"Feature","properties":{"name":"Lerik","iso":"AZE"},"geometry":{"type":"Point","coordinates":[48.478,38.667]}},{"type":"Feature","properties":{"name":"Cəbrayıl","iso":"AZE"},"geometry":{"type":"Point","coordinates":[46.951,39.347]}},{"type":"Feature","properties":{"name":"Füzuli","iso":"AZE"},"geometry":{"type":"Point","coordinates":[47.235,39.557]}},{"type":"Feature","properties":{"name":"Beyləqan","iso":"AZE"},"geometry":{"type":"Point","coordinates":[47.672,39.861]}},{"type":"Feature","properties":{"name":"Astara","iso":"AZE"},"geometry":{"type":"Point","coordinates":[48.676,38.48]}},{"type":"Feature","properties":{"name":"Gilan","iso":"IRN"},"geometry":{"type":"Point","coordinates":[49.412,37.506]}},{"type":"Feature","properties":{"name":"Buryat","iso":"RUS"},"geometry":{"type":"Point","coordinates":[108.98,53.744]}},{"type":"Feature","properties":{"name":"Hövsgöl","iso":"MNG"},"geometry":{"type":"Point","coordinates":[99.984,49.937]}},{"type":"Feature","properties":{"name":"Tuva","iso":"RUS"},"geometry":{"type":"Point","coordinates":[94.276,51.916]}},{"type":"Feature","properties":{"name":"Bulgan","iso":"MNG"},"geometry":{"type":"Point","coordinates":[103.32,48.928]}},{"type":"Feature","properties":{"name":"Uvs","iso":"MNG"},"geometry":{"type":"Point","coordinates":[92.636,49.612]}},{"type":"Feature","properties":{"name":"Selenge","iso":"MNG"},"geometry":{"type":"Point","coordinates":[106.342,49.393]}},{"type":"Feature","properties":{"name":"Chita","iso":"RUS"},"geometry":{"type":"Point","coordinates":[116.484,54.096]}},{"type":"Feature","properties":{"name":"Dzavhan","iso":"MNG"},"geometry":{"type":"Point","coordinates":[96.384,48.455]}},{"type":"Feature","properties":{"name":"Hentiy","iso":"MNG"},"geometry":{"type":"Point","coordinates":[110.059,47.867]}},{"type":"Feature","properties":{"name":"Heilongjiang","iso":"CHN"},"geometry":{"type":"Point","coordinates":[127.283,48.132]}},{"type":"Feature","properties":{"name":"Amur","iso":"RUS"},"geometry":{"type":"Point","coordinates":[128.171,53.609]}},{"type":"Feature","properties":{"name":"Yevrey","iso":"RUS"},"geometry":{"type":"Point","coordinates":[132.69,48.671]}},{"type":"Feature","properties":{"name":"Khabarovsk","iso":"RUS"},"geometry":{"type":"Point","coordinates":[136.926,54.627]}},{"type":"Feature","properties":{"name":"Primor'ye","iso":"RUS"},"geometry":{"type":"Point","coordinates":[134.86,45.404]}},{"type":"Feature","properties":{"name":"Jilin","iso":"CHN"},"geometry":{"type":"Point","coordinates":[126.245,43.671]}},{"type":"Feature","properties":{"name":"Hamgyŏng-bukto","iso":"PRK"},"geometry":{"type":"Point","coordinates":[129.506,41.839]}},{"type":"Feature","properties":{"name":"Rasŏn","iso":"PRK"},"geometry":{"type":"Point","coordinates":[130.457,42.351]}},{"type":"Feature","properties":{"name":"Ryanggang","iso":"PRK"},"geometry":{"type":"Point","coordinates":[127.851,41.33]}},{"type":"Feature","properties":{"name":"Chagang-do","iso":"PRK"},"geometry":{"type":"Point","coordinates":[126.424,40.873]}},{"type":"Feature","properties":{"name":"Liaoning","iso":"CHN"},"geometry":{"type":"Point","coordinates":[122.279,40.935]}},{"type":"Feature","properties":{"name":"P'yŏngan-bukto","iso":"PRK"},"geometry":{"type":"Point","coordinates":[125.079,39.924]}},{"type":"Feature","properties":{"name":"Sirdaryo","iso":"UZB"},"geometry":{"type":"Point","coordinates":[68.713,40.421]}},{"type":"Feature","properties":{"name":"Jizzakh","iso":"UZB"},"geometry":{"type":"Point","coordinates":[67.735,40.38]}},{"type":"Feature","properties":{"name":"Samarkand","iso":"UZB"},"geometry":{"type":"Point","coordinates":[66.398,39.923]}},{"type":"Feature","properties":{"name":"Kashkadarya","iso":"UZB"},"geometry":{"type":"Point","coordinates":[66.509,38.957]}},{"type":"Feature","properties":{"name":"Surkhandarya","iso":"UZB"},"geometry":{"type":"Point","coordinates":[67.527,38.19]}},{"type":"Feature","properties":{"name":"Khatlon","iso":"TJK"},"geometry":{"type":"Point","coordinates":[69.268,37.846]}},{"type":"Feature","properties":{"name":"Takhar","iso":"AFG"},"geometry":{"type":"Point","coordinates":[69.729,36.631]}},{"type":"Feature","properties":{"name":"Kunduz","iso":"AFG"},"geometry":{"type":"Point","coordinates":[68.869,36.835]}},{"type":"Feature","properties":{"name":"Balkh","iso":"AFG"},"geometry":{"type":"Point","coordinates":[66.961,36.597]}},{"type":"Feature","properties":{"name":"Chardzhou","iso":"TKM"},"geometry":{"type":"Point","coordinates":[63.989,38.806]}},{"type":"Feature","properties":{"name":"Jawzjan","iso":"AFG"},"geometry":{"type":"Point","coordinates":[65.748,36.577]}},{"type":"Feature","properties":{"name":"Faryab","iso":"AFG"},"geometry":{"type":"Point","coordinates":[65.119,35.87]}},{"type":"Feature","properties":{"name":"Mary","iso":"TKM"},"geometry":{"type":"Point","coordinates":[62.192,36.633]}},{"type":"Feature","properties":{"name":"Badghis","iso":"AFG"},"geometry":{"type":"Point","coordinates":[63.837,35.147]}},{"type":"Feature","properties":{"name":"Hirat","iso":"AFG"},"geometry":{"type":"Point","coordinates":[62.522,34.098]}},{"type":"Feature","properties":{"name":"Ahal","iso":"TKM"},"geometry":{"type":"Point","coordinates":[59.653,37.718]}},{"type":"Feature","properties":{"name":"Hasaka (Al Haksa)","iso":"SYR"},"geometry":{"type":"Point","coordinates":[41.143,36.684]}},{"type":"Feature","properties":{"name":"Mardin","iso":"TUR"},"geometry":{"type":"Point","coordinates":[40.921,37.335]}},{"type":"Feature","properties":{"name":"Ar Raqqah","iso":"SYR"},"geometry":{"type":"Point","coordinates":[38.68,36.272]}},{"type":"Feature","properties":{"name":"Sanliurfa","iso":"TUR"},"geometry":{"type":"Point","coordinates":[38.713,37.398]}},{"type":"Feature","properties":{"name":"Aleppo","iso":"SYR"},"geometry":{"type":"Point","coordinates":[37.495,36.236]}},{"type":"Feature","properties":{"name":"Kilis","iso":"TUR"},"geometry":{"type":"Point","coordinates":[37.078,36.755]}},{"type":"Feature","properties":{"name":"Gaziantep","iso":"TUR"},"geometry":{"type":"Point","coordinates":[37.547,37.097]}},{"type":"Feature","properties":{"name":"Hatay","iso":"TUR"},"geometry":{"type":"Point","coordinates":[36.26,36.417]}},{"type":"Feature","properties":{"name":"Idlib","iso":"SYR"},"geometry":{"type":"Point","coordinates":[36.748,35.71]}},{"type":"Feature","properties":{"name":"Lattakia","iso":"SYR"},"geometry":{"type":"Point","coordinates":[36.019,35.64]}},{"type":"Feature","properties":{"name":"As-Sulaymaniyah","iso":"IRQ"},"geometry":{"type":"Point","coordinates":[45.337,35.468]}},{"type":"Feature","properties":{"name":"Kordestan","iso":"IRN"},"geometry":{"type":"Point","coordinates":[46.82,35.686]}},{"type":"Feature","properties":{"name":"Kermanshah","iso":"IRN"},"geometry":{"type":"Point","coordinates":[46.364,34.542]}},{"type":"Feature","properties":{"name":"Diyala","iso":"IRQ"},"geometry":{"type":"Point","coordinates":[45.079,34.201]}},{"type":"Feature","properties":{"name":"Ilam","iso":"IRN"},"geometry":{"type":"Point","coordinates":[46.793,33.14]}},{"type":"Feature","properties":{"name":"Wasit","iso":"IRQ"},"geometry":{"type":"Point","coordinates":[45.642,32.781]}},{"type":"Feature","properties":{"name":"Maysan","iso":"IRQ"},"geometry":{"type":"Point","coordinates":[47.004,31.994]}},{"type":"Feature","properties":{"name":"Khuzestan","iso":"IRN"},"geometry":{"type":"Point","coordinates":[48.994,30.776]}},{"type":"Feature","properties":{"name":"Irbid","iso":"JOR"},"geometry":{"type":"Point","coordinates":[35.72,32.48]}},{"type":"Feature","properties":{"name":"Madaba","iso":"JOR"},"geometry":{"type":"Point","coordinates":[35.711,31.585]}},{"type":"Feature","properties":{"name":"Karak","iso":"JOR"},"geometry":{"type":"Point","coordinates":[35.641,31.11]}},{"type":"Feature","properties":{"name":"Tafilah","iso":"JOR"},"geometry":{"type":"Point","coordinates":[35.57,30.805]}},{"type":"Feature","properties":{"name":"Aqaba","iso":"JOR"},"geometry":{"type":"Point","coordinates":[35.24,29.989]}},{"type":"Feature","properties":{"name":"Balqa","iso":"JOR"},"geometry":{"type":"Point","coordinates":[35.66,31.963]}},{"type":"Feature","properties":{"name":"Karnali","iso":"NPL"},"geometry":{"type":"Point","coordinates":[82.262,29.582]}},{"type":"Feature","properties":{"name":"Mahakali","iso":"NPL"},"geometry":{"type":"Point","coordinates":[80.565,29.405]}},{"type":"Feature","properties":{"name":"Seti","iso":"NPL"},"geometry":{"type":"Point","coordinates":[81.176,29.302]}},{"type":"Feature","properties":{"name":"Dhawalagiri","iso":"NPL"},"geometry":{"type":"Point","coordinates":[83.63,28.687]}},{"type":"Feature","properties":{"name":"Gandaki","iso":"NPL"},"geometry":{"type":"Point","coordinates":[84.335,28.254]}},{"type":"Feature","properties":{"name":"Bagmati","iso":"NPL"},"geometry":{"type":"Point","coordinates":[85.32,27.887]}},{"type":"Feature","properties":{"name":"Janakpur","iso":"NPL"},"geometry":{"type":"Point","coordinates":[86.017,27.347]}},{"type":"Feature","properties":{"name":"Sagarmatha","iso":"NPL"},"geometry":{"type":"Point","coordinates":[86.603,27.201]}},{"type":"Feature","properties":{"name":"Bhojpur","iso":"NPL"},"geometry":{"type":"Point","coordinates":[87.293,27.175]}},{"type":"Feature","properties":{"name":"Mechi","iso":"NPL"},"geometry":{"type":"Point","coordinates":[87.832,27.173]}},{"type":"Feature","properties":{"name":"Kachin","iso":"MMR"},"geometry":{"type":"Point","coordinates":[97.371,25.989]}},{"type":"Feature","properties":{"name":"Sagaing","iso":"MMR"},"geometry":{"type":"Point","coordinates":[95.526,24.535]}},{"type":"Feature","properties":{"name":"Nagaland","iso":"IND"},"geometry":{"type":"Point","coordinates":[94.35,26.024]}},{"type":"Feature","properties":{"name":"Manipur","iso":"IND"},"geometry":{"type":"Point","coordinates":[93.694,24.719]}},{"type":"Feature","properties":{"name":"Mizoram","iso":"IND"},"geometry":{"type":"Point","coordinates":[92.8,23.38]}},{"type":"Feature","properties":{"name":"Chiang Rai","iso":"THA"},"geometry":{"type":"Point","coordinates":[99.723,19.717]}},{"type":"Feature","properties":{"name":"Shan","iso":"MMR"},"geometry":{"type":"Point","coordinates":[97.631,21.687]}},{"type":"Feature","properties":{"name":"Chiang Mai","iso":"THA"},"geometry":{"type":"Point","coordinates":[98.763,18.706]}},{"type":"Feature","properties":{"name":"Mae Hong Son","iso":"THA"},"geometry":{"type":"Point","coordinates":[98.108,18.727]}},{"type":"Feature","properties":{"name":"Kayah","iso":"MMR"},"geometry":{"type":"Point","coordinates":[97.388,19.326]}},{"type":"Feature","properties":{"name":"Kayin","iso":"MMR"},"geometry":{"type":"Point","coordinates":[97.58,17.381]}},{"type":"Feature","properties":{"name":"Tak","iso":"THA"},"geometry":{"type":"Point","coordinates":[98.786,16.815]}},{"type":"Feature","properties":{"name":"Kanchanaburi","iso":"THA"},"geometry":{"type":"Point","coordinates":[99.171,14.649]}},{"type":"Feature","properties":{"name":"Mon","iso":"MMR"},"geometry":{"type":"Point","coordinates":[97.638,16.437]}},{"type":"Feature","properties":{"name":"Tanintharyi","iso":"MMR"},"geometry":{"type":"Point","coordinates":[98.437,12.144]}},{"type":"Feature","properties":{"name":"Prachuap Khiri Khan","iso":"THA"},"geometry":{"type":"Point","coordinates":[99.562,11.791]}},{"type":"Feature","properties":{"name":"Phetchaburi","iso":"THA"},"geometry":{"type":"Point","coordinates":[99.57,13.017]}},{"type":"Feature","properties":{"name":"Ratchaburi","iso":"THA"},"geometry":{"type":"Point","coordinates":[99.634,13.532]}},{"type":"Feature","properties":{"name":"Chumphon","iso":"THA"},"geometry":{"type":"Point","coordinates":[99.017,10.336]}},{"type":"Feature","properties":{"name":"Ranong","iso":"THA"},"geometry":{"type":"Point","coordinates":[98.727,9.971]}},{"type":"Feature","properties":{"name":"Bokeo","iso":"LAO"},"geometry":{"type":"Point","coordinates":[100.56,20.292]}},{"type":"Feature","properties":{"name":"Xaignabouri","iso":"LAO"},"geometry":{"type":"Point","coordinates":[101.237,18.754]}},{"type":"Feature","properties":{"name":"Phayao","iso":"THA"},"geometry":{"type":"Point","coordinates":[100.226,19.254]}},{"type":"Feature","properties":{"name":"Nan","iso":"THA"},"geometry":{"type":"Point","coordinates":[100.668,18.779]}},{"type":"Feature","properties":{"name":"Uttaradit","iso":"THA"},"geometry":{"type":"Point","coordinates":[100.438,17.744]}},{"type":"Feature","properties":{"name":"Phitsanulok","iso":"THA"},"geometry":{"type":"Point","coordinates":[100.549,17.013]}},{"type":"Feature","properties":{"name":"Loei","iso":"THA"},"geometry":{"type":"Point","coordinates":[101.577,17.323]}},{"type":"Feature","properties":{"name":"Bueng Kan","iso":"THA"},"geometry":{"type":"Point","coordinates":[103.786,17.994]}},{"type":"Feature","properties":{"name":"Bolikhamxai","iso":"LAO"},"geometry":{"type":"Point","coordinates":[104.026,18.478]}},{"type":"Feature","properties":{"name":"Nong Khai","iso":"THA"},"geometry":{"type":"Point","coordinates":[102.779,17.904]}},{"type":"Feature","properties":{"name":"Nakhon Phanom","iso":"THA"},"geometry":{"type":"Point","coordinates":[104.283,17.428]}},{"type":"Feature","properties":{"name":"Khammouan","iso":"LAO"},"geometry":{"type":"Point","coordinates":[105.341,17.569]}},{"type":"Feature","properties":{"name":"Savannakhét","iso":"LAO"},"geometry":{"type":"Point","coordinates":[105.728,16.552]}},{"type":"Feature","properties":{"name":"Mukdahan","iso":"THA"},"geometry":{"type":"Point","coordinates":[104.5,16.548]}},{"type":"Feature","properties":{"name":"Amnat Charoen","iso":"THA"},"geometry":{"type":"Point","coordinates":[104.701,15.828]}},{"type":"Feature","properties":{"name":"Saravan","iso":"LAO"},"geometry":{"type":"Point","coordinates":[106.351,15.925]}},{"type":"Feature","properties":{"name":"Vientiane [prefecture]","iso":"LAO"},"geometry":{"type":"Point","coordinates":[102.591,18.15]}},{"type":"Feature","properties":{"name":"Vientiane","iso":"LAO"},"geometry":{"type":"Point","coordinates":[102.396,18.639]}},{"type":"Feature","properties":{"name":"Champasak","iso":"LAO"},"geometry":{"type":"Point","coordinates":[105.911,14.727]}},{"type":"Feature","properties":{"name":"Điện Biên","iso":"VNM"},"geometry":{"type":"Point","coordinates":[102.938,21.686]}},{"type":"Feature","properties":{"name":"Louangphrabang","iso":"LAO"},"geometry":{"type":"Point","coordinates":[102.548,20.144]}},{"type":"Feature","properties":{"name":"Houaphan","iso":"LAO"},"geometry":{"type":"Point","coordinates":[104.1,20.296]}},{"type":"Feature","properties":{"name":"Son La","iso":"VNM"},"geometry":{"type":"Point","coordinates":[104.029,21.07]}},{"type":"Feature","properties":{"name":"Thanh Hóa","iso":"VNM"},"geometry":{"type":"Point","coordinates":[105.367,19.947]}},{"type":"Feature","properties":{"name":"Nghệ An","iso":"VNM"},"geometry":{"type":"Point","coordinates":[104.899,19.264]}},{"type":"Feature","properties":{"name":"Xiangkhoang","iso":"LAO"},"geometry":{"type":"Point","coordinates":[103.697,19.463]}},{"type":"Feature","properties":{"name":"Ha Tinh","iso":"VNM"},"geometry":{"type":"Point","coordinates":[105.781,18.26]}},{"type":"Feature","properties":{"name":"Quảng Bình","iso":"VNM"},"geometry":{"type":"Point","coordinates":[106.309,17.577]}},{"type":"Feature","properties":{"name":"Quảng Trị","iso":"VNM"},"geometry":{"type":"Point","coordinates":[106.962,16.63]}},{"type":"Feature","properties":{"name":"Thừa Thiên - Huế","iso":"VNM"},"geometry":{"type":"Point","coordinates":[107.633,16.344]}},{"type":"Feature","properties":{"name":"Xékong","iso":"LAO"},"geometry":{"type":"Point","coordinates":[107.128,15.57]}},{"type":"Feature","properties":{"name":"Quàng Nam","iso":"VNM"},"geometry":{"type":"Point","coordinates":[107.941,15.581]}},{"type":"Feature","properties":{"name":"Attapu","iso":"LAO"},"geometry":{"type":"Point","coordinates":[106.906,14.741]}},{"type":"Feature","properties":{"name":"KwaZulu-Natal","iso":"ZAF"},"geometry":{"type":"Point","coordinates":[30.227,-28.913]}},{"type":"Feature","properties":{"name":"Mokhotlong","iso":"LSO"},"geometry":{"type":"Point","coordinates":[28.96,-29.244]}},{"type":"Feature","properties":{"name":"Free State","iso":"ZAF"},"geometry":{"type":"Point","coordinates":[27.438,-28.439]}},{"type":"Feature","properties":{"name":"Butha-Buthe","iso":"LSO"},"geometry":{"type":"Point","coordinates":[28.556,-28.851]}},{"type":"Feature","properties":{"name":"Leribe","iso":"LSO"},"geometry":{"type":"Point","coordinates":[28.234,-29.016]}},{"type":"Feature","properties":{"name":"Eastern Cape","iso":"ZAF"},"geometry":{"type":"Point","coordinates":[27.087,-31.643]}},{"type":"Feature","properties":{"name":"Qacha's Nek","iso":"LSO"},"geometry":{"type":"Point","coordinates":[28.653,-29.936]}},{"type":"Feature","properties":{"name":"Thaba-Tseka","iso":"LSO"},"geometry":{"type":"Point","coordinates":[28.641,-29.526]}},{"type":"Feature","properties":{"name":"Berea","iso":"LSO"},"geometry":{"type":"Point","coordinates":[27.891,-29.202]}},{"type":"Feature","properties":{"name":"Maseru","iso":"LSO"},"geometry":{"type":"Point","coordinates":[27.777,-29.506]}},{"type":"Feature","properties":{"name":"Mafeteng","iso":"LSO"},"geometry":{"type":"Point","coordinates":[27.626,-29.81]}},{"type":"Feature","properties":{"name":"Mohale's Hoek","iso":"LSO"},"geometry":{"type":"Point","coordinates":[27.808,-30.033]}},{"type":"Feature","properties":{"name":"Quthing","iso":"LSO"},"geometry":{"type":"Point","coordinates":[27.994,-30.3]}},{"type":"Feature","properties":{"name":"Limpopo","iso":"ZAF"},"geometry":{"type":"Point","coordinates":[29.071,-23.857]}},{"type":"Feature","properties":{"name":"Kgatleng","iso":"BWA"},"geometry":{"type":"Point","coordinates":[26.553,-24.175]}},{"type":"Feature","properties":{"name":"North West","iso":"ZAF"},"geometry":{"type":"Point","coordinates":[25.686,-26.452]}},{"type":"Feature","properties":{"name":"South-East","iso":"BWA"},"geometry":{"type":"Point","coordinates":[25.81,-24.894]}},{"type":"Feature","properties":{"name":"Southern","iso":"BWA"},"geometry":{"type":"Point","coordinates":[24.884,-25.228]}},{"type":"Feature","properties":{"name":"Kgalagadi","iso":"BWA"},"geometry":{"type":"Point","coordinates":[21.995,-25.627]}},{"type":"Feature","properties":{"name":"Masvingo","iso":"ZWE"},"geometry":{"type":"Point","coordinates":[30.801,-20.756]}},{"type":"Feature","properties":{"name":"Lusaka","iso":"ZMB"},"geometry":{"type":"Point","coordinates":[29.259,-15.352]}},{"type":"Feature","properties":{"name":"Mashonaland West","iso":"ZWE"},"geometry":{"type":"Point","coordinates":[29.817,-17.348]}},{"type":"Feature","properties":{"name":"Mashonaland Central","iso":"ZWE"},"geometry":{"type":"Point","coordinates":[30.9,-16.728]}},{"type":"Feature","properties":{"name":"Southern","iso":"ZMB"},"geometry":{"type":"Point","coordinates":[26.307,-16.479]}},{"type":"Feature","properties":{"name":"Kémo","iso":"CAF"},"geometry":{"type":"Point","coordinates":[19.388,5.774]}},{"type":"Feature","properties":{"name":"Ouaka","iso":"CAF"},"geometry":{"type":"Point","coordinates":[20.78,6.087]}},{"type":"Feature","properties":{"name":"Basse-Kotto","iso":"CAF"},"geometry":{"type":"Point","coordinates":[21.411,4.971]}},{"type":"Feature","properties":{"name":"Mbomou","iso":"CAF"},"geometry":{"type":"Point","coordinates":[23.723,5.311]}},{"type":"Feature","properties":{"name":"Ombella-M'Poko","iso":"CAF"},"geometry":{"type":"Point","coordinates":[18.055,5.016]}},{"type":"Feature","properties":{"name":"Bangui","iso":"CAF"},"geometry":{"type":"Point","coordinates":[18.542,4.381]}},{"type":"Feature","properties":{"name":"Lobaye","iso":"CAF"},"geometry":{"type":"Point","coordinates":[17.683,4.158]}},{"type":"Feature","properties":{"name":"Kagera","iso":"TZA"},"geometry":{"type":"Point","coordinates":[30.807,-1.971]}},{"type":"Feature","properties":{"name":"Cankuzo","iso":"BDI"},"geometry":{"type":"Point","coordinates":[30.587,-3.131]}},{"type":"Feature","properties":{"name":"Ruyigi","iso":"BDI"},"geometry":{"type":"Point","coordinates":[30.363,-3.434]}},{"type":"Feature","properties":{"name":"Rutana","iso":"BDI"},"geometry":{"type":"Point","coordinates":[30.114,-3.848]}},{"type":"Feature","properties":{"name":"Makamba","iso":"BDI"},"geometry":{"type":"Point","coordinates":[29.841,-4.196]}},{"type":"Feature","properties":{"name":"Bubanza","iso":"BDI"},"geometry":{"type":"Point","coordinates":[29.392,-3.142]}},{"type":"Feature","properties":{"name":"Bujumbura Rural","iso":"BDI"},"geometry":{"type":"Point","coordinates":[29.411,-3.453]}},{"type":"Feature","properties":{"name":"Bujumbura Mairie","iso":"BDI"},"geometry":{"type":"Point","coordinates":[29.344,-3.426]}},{"type":"Feature","properties":{"name":"Bururi","iso":"BDI"},"geometry":{"type":"Point","coordinates":[29.663,-3.845]}},{"type":"Feature","properties":{"name":"Nord-Kivu","iso":"COD"},"geometry":{"type":"Point","coordinates":[28.468,-0.424]}},{"type":"Feature","properties":{"name":"Amhara","iso":"ETH"},"geometry":{"type":"Point","coordinates":[38.049,11.238]}},{"type":"Feature","properties":{"name":"Gedarif","iso":"SDN"},"geometry":{"type":"Point","coordinates":[34.825,13.864]}},{"type":"Feature","properties":{"name":"Tigray","iso":"ETH"},"geometry":{"type":"Point","coordinates":[38.617,13.853]}},{"type":"Feature","properties":{"name":"Benshangul-Gumaz","iso":"ETH"},"geometry":{"type":"Point","coordinates":[35.827,10.185]}},{"type":"Feature","properties":{"name":"Blue Nile","iso":"SDN"},"geometry":{"type":"Point","coordinates":[34.239,10.998]}},{"type":"Feature","properties":{"name":"Sennar","iso":"SDN"},"geometry":{"type":"Point","coordinates":[34.248,13.217]}},{"type":"Feature","properties":{"name":"Gambela Peoples","iso":"ETH"},"geometry":{"type":"Point","coordinates":[34.092,7.837]}},{"type":"Feature","properties":{"name":"Upper Nile","iso":"SDS"},"geometry":{"type":"Point","coordinates":[32.959,9.42]}},{"type":"Feature","properties":{"name":"Oromiya","iso":"ETH"},"geometry":{"type":"Point","coordinates":[38.428,7.725]}},{"type":"Feature","properties":{"name":"Jonglei","iso":"SDS"},"geometry":{"type":"Point","coordinates":[31.68,7.829]}},{"type":"Feature","properties":{"name":"Sila","iso":"TCD"},"geometry":{"type":"Point","coordinates":[21.327,12.111]}},{"type":"Feature","properties":{"name":"Salamat","iso":"TCD"},"geometry":{"type":"Point","coordinates":[20.31,10.5]}},{"type":"Feature","properties":{"name":"Bamingui-Bangoran","iso":"CAF"},"geometry":{"type":"Point","coordinates":[20.535,8.507]}},{"type":"Feature","properties":{"name":"Moyen-Chari","iso":"TCD"},"geometry":{"type":"Point","coordinates":[18.828,9.748]}},{"type":"Feature","properties":{"name":"Ouham","iso":"CAF"},"geometry":{"type":"Point","coordinates":[17.885,6.947]}},{"type":"Feature","properties":{"name":"Mandoul","iso":"TCD"},"geometry":{"type":"Point","coordinates":[17.512,8.832]}},{"type":"Feature","properties":{"name":"Logone Oriental","iso":"TCD"},"geometry":{"type":"Point","coordinates":[16.421,8.173]}},{"type":"Feature","properties":{"name":"Ouham-Pendé","iso":"CAF"},"geometry":{"type":"Point","coordinates":[16.39,6.69]}},{"type":"Feature","properties":{"name":"Sud","iso":"CMR"},"geometry":{"type":"Point","coordinates":[11.82,2.904]}},{"type":"Feature","properties":{"name":"Wouleu-Ntem","iso":"GAB"},"geometry":{"type":"Point","coordinates":[12.153,1.474]}},{"type":"Feature","properties":{"name":"Sangha","iso":"COG"},"geometry":{"type":"Point","coordinates":[15.265,1.303]}},{"type":"Feature","properties":{"name":"Ogooué-Ivindo","iso":"GAB"},"geometry":{"type":"Point","coordinates":[13.011,0.564]}},{"type":"Feature","properties":{"name":"Cuvette-Ouest","iso":"COG"},"geometry":{"type":"Point","coordinates":[14.65,0.354]}},{"type":"Feature","properties":{"name":"Haut-Ogooué","iso":"GAB"},"geometry":{"type":"Point","coordinates":[13.705,-1.587]}},{"type":"Feature","properties":{"name":"Ogooué-Lolo","iso":"GAB"},"geometry":{"type":"Point","coordinates":[12.559,-0.936]}},{"type":"Feature","properties":{"name":"Ngounié","iso":"GAB"},"geometry":{"type":"Point","coordinates":[11.097,-1.553]}},{"type":"Feature","properties":{"name":"Lékoumou","iso":"COG"},"geometry":{"type":"Point","coordinates":[13.496,-3.178]}},{"type":"Feature","properties":{"name":"Nyanga","iso":"GAB"},"geometry":{"type":"Point","coordinates":[11.138,-3.086]}},{"type":"Feature","properties":{"name":"Hadjer-Lamis","iso":"TCD"},"geometry":{"type":"Point","coordinates":[15.964,12.78]}},{"type":"Feature","properties":{"name":"Extrême-Nord","iso":"CMR"},"geometry":{"type":"Point","coordinates":[14.611,11.492]}},{"type":"Feature","properties":{"name":"Chari-Baguirmi","iso":"TCD"},"geometry":{"type":"Point","coordinates":[15.896,11.058]}},{"type":"Feature","properties":{"name":"Ville de N'Djamena","iso":"TCD"},"geometry":{"type":"Point","coordinates":[15.064,12.111]}},{"type":"Feature","properties":{"name":"Mayo-Kebbi Est","iso":"TCD"},"geometry":{"type":"Point","coordinates":[15.507,10.297]}},{"type":"Feature","properties":{"name":"Mayo-Kebbi Ouest","iso":"TCD"},"geometry":{"type":"Point","coordinates":[14.975,9.081]}},{"type":"Feature","properties":{"name":"Nord","iso":"CMR"},"geometry":{"type":"Point","coordinates":[13.766,8.46]}},{"type":"Feature","properties":{"name":"Adamawa","iso":"NGA"},"geometry":{"type":"Point","coordinates":[12.557,9.191]}},{"type":"Feature","properties":{"name":"Adamaoua","iso":"CMR"},"geometry":{"type":"Point","coordinates":[13.021,6.913]}},{"type":"Feature","properties":{"name":"Taraba","iso":"NGA"},"geometry":{"type":"Point","coordinates":[10.823,7.609]}},{"type":"Feature","properties":{"name":"Nord-Ouest","iso":"CMR"},"geometry":{"type":"Point","coordinates":[10.325,6.291]}},{"type":"Feature","properties":{"name":"Sud-Ouest","iso":"CMR"},"geometry":{"type":"Point","coordinates":[9.217,5.053]}},{"type":"Feature","properties":{"name":"Benue","iso":"NGA"},"geometry":{"type":"Point","coordinates":[8.494,7.206]}},{"type":"Feature","properties":{"name":"Cross River","iso":"NGA"},"geometry":{"type":"Point","coordinates":[8.541,5.567]}},{"type":"Feature","properties":{"name":"Sokoto","iso":"NGA"},"geometry":{"type":"Point","coordinates":[5.256,12.968]}},{"type":"Feature","properties":{"name":"Tahoua","iso":"NER"},"geometry":{"type":"Point","coordinates":[5.147,15.847]}},{"type":"Feature","properties":{"name":"Dosso","iso":"NER"},"geometry":{"type":"Point","coordinates":[3.221,12.958]}},{"type":"Feature","properties":{"name":"Diffa","iso":"NER"},"geometry":{"type":"Point","coordinates":[13.155,14.438]}},{"type":"Feature","properties":{"name":"Maradi","iso":"NER"},"geometry":{"type":"Point","coordinates":[7.538,14.014]}},{"type":"Feature","properties":{"name":"Zamfara","iso":"NGA"},"geometry":{"type":"Point","coordinates":[6.327,11.955]}},{"type":"Feature","properties":{"name":"Yobe","iso":"NGA"},"geometry":{"type":"Point","coordinates":[11.324,12.341]}},{"type":"Feature","properties":{"name":"Zinder","iso":"NER"},"geometry":{"type":"Point","coordinates":[9.186,14.087]}},{"type":"Feature","properties":{"name":"Katsina","iso":"NGA"},"geometry":{"type":"Point","coordinates":[7.789,12.271]}},{"type":"Feature","properties":{"name":"Jigawa","iso":"NGA"},"geometry":{"type":"Point","coordinates":[9.387,12.144]}},{"type":"Feature","properties":{"name":"Tillabéri","iso":"NER"},"geometry":{"type":"Point","coordinates":[2.121,13.427]}},{"type":"Feature","properties":{"name":"Tapoa","iso":"BFA"},"geometry":{"type":"Point","coordinates":[1.792,12.124]}},{"type":"Feature","properties":{"name":"Atakora","iso":"BEN"},"geometry":{"type":"Point","coordinates":[1.484,10.897]}},{"type":"Feature","properties":{"name":"Kompienga","iso":"BFA"},"geometry":{"type":"Point","coordinates":[0.977,11.317]}},{"type":"Feature","properties":{"name":"Savanes","iso":"TGO"},"geometry":{"type":"Point","coordinates":[0.453,10.378]}},{"type":"Feature","properties":{"name":"Upper East","iso":"GHA"},"geometry":{"type":"Point","coordinates":[-0.916,10.664]}},{"type":"Feature","properties":{"name":"Northern","iso":"GHA"},"geometry":{"type":"Point","coordinates":[-0.881,9.326]}},{"type":"Feature","properties":{"name":"Kara","iso":"TGO"},"geometry":{"type":"Point","coordinates":[0.654,9.56]}},{"type":"Feature","properties":{"name":"Centre","iso":"TGO"},"geometry":{"type":"Point","coordinates":[0.902,8.582]}},{"type":"Feature","properties":{"name":"Plateaux","iso":"TGO"},"geometry":{"type":"Point","coordinates":[0.996,7.36]}},{"type":"Feature","properties":{"name":"Volta","iso":"GHA"},"geometry":{"type":"Point","coordinates":[0.32,7.426]}},{"type":"Feature","properties":{"name":"Maritime","iso":"TGO"},"geometry":{"type":"Point","coordinates":[1.275,6.594]}},{"type":"Feature","properties":{"name":"Zanzan","iso":"CIV"},"geometry":{"type":"Point","coordinates":[-3.572,8.648]}},{"type":"Feature","properties":{"name":"Brong Ahafo","iso":"GHA"},"geometry":{"type":"Point","coordinates":[-1.701,7.57]}},{"type":"Feature","properties":{"name":"Comoe","iso":"CIV"},"geometry":{"type":"Point","coordinates":[-3.5,6.697]}},{"type":"Feature","properties":{"name":"Western","iso":"GHA"},"geometry":{"type":"Point","coordinates":[-2.27,5.856]}},{"type":"Feature","properties":{"name":"Sud-Comoé","iso":"CIV"},"geometry":{"type":"Point","coordinates":[-3.177,5.411]}},{"type":"Feature","properties":{"name":"Léraba","iso":"BFA"},"geometry":{"type":"Point","coordinates":[-5.276,10.574]}},{"type":"Feature","properties":{"name":"Savanes","iso":"CIV"},"geometry":{"type":"Point","coordinates":[-5.464,9.492]}},{"type":"Feature","properties":{"name":"Komoé","iso":"BFA"},"geometry":{"type":"Point","coordinates":[-4.486,10.204]}},{"type":"Feature","properties":{"name":"Poni","iso":"BFA"},"geometry":{"type":"Point","coordinates":[-3.283,10.292]}},{"type":"Feature","properties":{"name":"Noumbiel","iso":"BFA"},"geometry":{"type":"Point","coordinates":[-2.901,9.788]}},{"type":"Feature","properties":{"name":"Oudalan","iso":"BFA"},"geometry":{"type":"Point","coordinates":[-0.325,14.629]}},{"type":"Feature","properties":{"name":"Gao","iso":"MLI"},"geometry":{"type":"Point","coordinates":[1.906,16.042]}},{"type":"Feature","properties":{"name":"Soum","iso":"BFA"},"geometry":{"type":"Point","coordinates":[-1.266,14.17]}},{"type":"Feature","properties":{"name":"Mopti","iso":"MLI"},"geometry":{"type":"Point","coordinates":[-3.546,14.331]}},{"type":"Feature","properties":{"name":"Loroum","iso":"BFA"},"geometry":{"type":"Point","coordinates":[-2.181,13.899]}},{"type":"Feature","properties":{"name":"Yatenga","iso":"BFA"},"geometry":{"type":"Point","coordinates":[-2.299,13.494]}},{"type":"Feature","properties":{"name":"Sourou","iso":"BFA"},"geometry":{"type":"Point","coordinates":[-3.009,13.246]}},{"type":"Feature","properties":{"name":"Kossi","iso":"BFA"},"geometry":{"type":"Point","coordinates":[-3.893,12.968]}},{"type":"Feature","properties":{"name":"Ségou","iso":"MLI"},"geometry":{"type":"Point","coordinates":[-5.293,13.824]}},{"type":"Feature","properties":{"name":"Banwa","iso":"BFA"},"geometry":{"type":"Point","coordinates":[-4.172,12.253]}},{"type":"Feature","properties":{"name":"Sikasso","iso":"MLI"},"geometry":{"type":"Point","coordinates":[-6.512,11.212]}},{"type":"Feature","properties":{"name":"Houet","iso":"BFA"},"geometry":{"type":"Point","coordinates":[-4.316,11.388]}},{"type":"Feature","properties":{"name":"Kénédougou","iso":"BFA"},"geometry":{"type":"Point","coordinates":[-5,11.506]}},{"type":"Feature","properties":{"name":"Nimba","iso":"LBR"},"geometry":{"type":"Point","coordinates":[-8.946,6.593]}},{"type":"Feature","properties":{"name":"Cavally","iso":"CIV"},"geometry":{"type":"Point","coordinates":[-7.856,6.483]}},{"type":"Feature","properties":{"name":"Grand Gedeh","iso":"LBR"},"geometry":{"type":"Point","coordinates":[-8.193,5.974]}},{"type":"Feature","properties":{"name":"Bas-Sassandra","iso":"CIV"},"geometry":{"type":"Point","coordinates":[-6.849,5.457]}},{"type":"Feature","properties":{"name":"River Gee","iso":"LBR"},"geometry":{"type":"Point","coordinates":[-7.733,5.104]}},{"type":"Feature","properties":{"name":"Maryland","iso":"LBR"},"geometry":{"type":"Point","coordinates":[-7.792,4.744]}},{"type":"Feature","properties":{"name":"Macenta","iso":"GIN"},"geometry":{"type":"Point","coordinates":[-9.497,8.369]}},{"type":"Feature","properties":{"name":"Yomou","iso":"GIN"},"geometry":{"type":"Point","coordinates":[-9.126,7.465]}},{"type":"Feature","properties":{"name":"Bong","iso":"LBR"},"geometry":{"type":"Point","coordinates":[-9.669,6.87]}},{"type":"Feature","properties":{"name":"Nzérékoré","iso":"GIN"},"geometry":{"type":"Point","coordinates":[-8.704,7.998]}},{"type":"Feature","properties":{"name":"Gaoual","iso":"GIN"},"geometry":{"type":"Point","coordinates":[-13.344,11.809]}},{"type":"Feature","properties":{"name":"Gabú","iso":"GNB"},"geometry":{"type":"Point","coordinates":[-14.296,12.196]}},{"type":"Feature","properties":{"name":"Boke","iso":"GIN"},"geometry":{"type":"Point","coordinates":[-14.564,10.958]}},{"type":"Feature","properties":{"name":"Tombali","iso":"GNB"},"geometry":{"type":"Point","coordinates":[-15.06,11.283]}},{"type":"Feature","properties":{"name":"Siguiri","iso":"GIN"},"geometry":{"type":"Point","coordinates":[-9.321,11.95]}},{"type":"Feature","properties":{"name":"Koulikoro","iso":"MLI"},"geometry":{"type":"Point","coordinates":[-7.923,13.232]}},{"type":"Feature","properties":{"name":"Koubia","iso":"GIN"},"geometry":{"type":"Point","coordinates":[-11.818,11.665]}},{"type":"Feature","properties":{"name":"Tougué","iso":"GIN"},"geometry":{"type":"Point","coordinates":[-11.475,11.413]}},{"type":"Feature","properties":{"name":"Dinguiraye","iso":"GIN"},"geometry":{"type":"Point","coordinates":[-10.675,11.822]}},{"type":"Feature","properties":{"name":"Stœng Trêng","iso":"KHM"},"geometry":{"type":"Point","coordinates":[106.102,13.886]}},{"type":"Feature","properties":{"name":"Hà Giang","iso":"VNM"},"geometry":{"type":"Point","coordinates":[104.964,22.801]}},{"type":"Feature","properties":{"name":"Guangxi","iso":"CHN"},"geometry":{"type":"Point","coordinates":[108.678,23.592]}},{"type":"Feature","properties":{"name":"Cao Bằng","iso":"VNM"},"geometry":{"type":"Point","coordinates":[106.073,22.746]}},{"type":"Feature","properties":{"name":"Lào Cai","iso":"VNM"},"geometry":{"type":"Point","coordinates":[104.093,22.322]}},{"type":"Feature","properties":{"name":"Lai Chau","iso":"VNM"},"geometry":{"type":"Point","coordinates":[103.098,22.436]}},{"type":"Feature","properties":{"name":"Lạng Sơn","iso":"VNM"},"geometry":{"type":"Point","coordinates":[106.647,21.858]}},{"type":"Feature","properties":{"name":"Quảng Ninh","iso":"VNM"},"geometry":{"type":"Point","coordinates":[107.332,21.11]}},{"type":"Feature","properties":{"name":"Brunei and Muara","iso":"BRN"},"geometry":{"type":"Point","coordinates":[114.909,4.874]}},{"type":"Feature","properties":{"name":"Tutong","iso":"BRN"},"geometry":{"type":"Point","coordinates":[114.706,4.58]}},{"type":"Feature","properties":{"name":"Belait","iso":"BRN"},"geometry":{"type":"Point","coordinates":[114.479,4.365]}},{"type":"Feature","properties":{"name":"Tripura","iso":"IND"},"geometry":{"type":"Point","coordinates":[91.787,23.726]}},{"type":"Feature","properties":{"name":"Sylhet","iso":"BGD"},"geometry":{"type":"Point","coordinates":[91.663,24.623]}},{"type":"Feature","properties":{"name":"Meghalaya","iso":"IND"},"geometry":{"type":"Point","coordinates":[91.449,25.62]}},{"type":"Feature","properties":{"name":"Dhaka","iso":"BGD"},"geometry":{"type":"Point","coordinates":[90.348,23.882]}},{"type":"Feature","properties":{"name":"Rangpur","iso":"BGD"},"geometry":{"type":"Point","coordinates":[88.983,26.026]}},{"type":"Feature","properties":{"name":"Rajshahi","iso":"BGD"},"geometry":{"type":"Point","coordinates":[88.991,24.557]}},{"type":"Feature","properties":{"name":"Khulna","iso":"BGD"},"geometry":{"type":"Point","coordinates":[89.364,22.685]}},{"type":"Feature","properties":{"name":"Cabo Delgado","iso":"MOZ"},"geometry":{"type":"Point","coordinates":[39.387,-12.515]}},{"type":"Feature","properties":{"name":"Mtwara","iso":"TZA"},"geometry":{"type":"Point","coordinates":[39.572,-10.604]}},{"type":"Feature","properties":{"name":"Niassa","iso":"MOZ"},"geometry":{"type":"Point","coordinates":[37.182,-12.959]}},{"type":"Feature","properties":{"name":"Gibraltar","iso":"GIB"},"geometry":{"type":"Point","coordinates":[-5.347,36.13]}},{"type":"Feature","properties":{"name":"Cádiz","iso":"ESP"},"geometry":{"type":"Point","coordinates":[-5.7,36.565]}},{"type":"Feature","properties":{"name":"Washington","iso":"USA"},"geometry":{"type":"Point","coordinates":[-122.689,47.539]}},{"type":"Feature","properties":{"name":"British Columbia","iso":"CAN"},"geometry":{"type":"Point","coordinates":[-126.978,52.037]}},{"type":"Feature","properties":{"name":"Idaho","iso":"USA"},"geometry":{"type":"Point","coordinates":[-114.383,45.48]}},{"type":"Feature","properties":{"name":"Montana","iso":"USA"},"geometry":{"type":"Point","coordinates":[-112.824,45.928]}},{"type":"Feature","properties":{"name":"Alberta","iso":"CAN"},"geometry":{"type":"Point","coordinates":[-116.491,51.955]}},{"type":"Feature","properties":{"name":"Saskatchewan","iso":"CAN"},"geometry":{"type":"Point","coordinates":[-105.492,53.168]}},{"type":"Feature","properties":{"name":"North Dakota","iso":"USA"},"geometry":{"type":"Point","coordinates":[-98.52,47.423]}},{"type":"Feature","properties":{"name":"Manitoba","iso":"CAN"},"geometry":{"type":"Point","coordinates":[-94.631,57.004]}},{"type":"Feature","properties":{"name":"Minnesota","iso":"USA"},"geometry":{"type":"Point","coordinates":[-93.694,46.805]}},{"type":"Feature","properties":{"name":"Ontario","iso":"CAN"},"geometry":{"type":"Point","coordinates":[-83.25,49.722]}},{"type":"Feature","properties":{"name":"Michigan","iso":"USA"},"geometry":{"type":"Point","coordinates":[-86.828,45.29]}},{"type":"Feature","properties":{"name":"Ohio","iso":"USA"},"geometry":{"type":"Point","coordinates":[-82.408,39.706]}},{"type":"Feature","properties":{"name":"Pennsylvania","iso":"USA"},"geometry":{"type":"Point","coordinates":[-76.702,40.939]}},{"type":"Feature","properties":{"name":"New York","iso":"USA"},"geometry":{"type":"Point","coordinates":[-74.01,41.874]}},{"type":"Feature","properties":{"name":"Québec","iso":"CAN"},"geometry":{"type":"Point","coordinates":[-69.445,54.245]}},{"type":"Feature","properties":{"name":"Vermont","iso":"USA"},"geometry":{"type":"Point","coordinates":[-72.807,43.963]}},{"type":"Feature","properties":{"name":"New Hampshire","iso":"USA"},"geometry":{"type":"Point","coordinates":[-71.585,43.701]}},{"type":"Feature","properties":{"name":"Maine","iso":"USA"},"geometry":{"type":"Point","coordinates":[-68.954,44.505]}},{"type":"Feature","properties":{"name":"New Brunswick","iso":"CAN"},"geometry":{"type":"Point","coordinates":[-65.996,46.447]}},{"type":"Feature","properties":{"name":"Arizona","iso":"USA"},"geometry":{"type":"Point","coordinates":[-112.833,34.047]}},{"type":"Feature","properties":{"name":"Sonora","iso":"MEX"},"geometry":{"type":"Point","coordinates":[-111.078,29.064]}},{"type":"Feature","properties":{"name":"Baja California","iso":"MEX"},"geometry":{"type":"Point","coordinates":[-114.611,29.759]}},{"type":"Feature","properties":{"name":"California","iso":"USA"},"geometry":{"type":"Point","coordinates":[-120.441,36.142]}},{"type":"Feature","properties":{"name":"New Mexico","iso":"USA"},"geometry":{"type":"Point","coordinates":[-107.139,32.785]}},{"type":"Feature","properties":{"name":"Chihuahua","iso":"MEX"},"geometry":{"type":"Point","coordinates":[-106.749,28.941]}},{"type":"Feature","properties":{"name":"Texas","iso":"USA"},"geometry":{"type":"Point","coordinates":[-98.17,29.804]}},{"type":"Feature","properties":{"name":"Coahuila","iso":"MEX"},"geometry":{"type":"Point","coordinates":[-101.519,27.188]}},{"type":"Feature","properties":{"name":"Tamaulipas","iso":"MEX"},"geometry":{"type":"Point","coordinates":[-98.976,24.819]}},{"type":"Feature","properties":{"name":"Nuevo León","iso":"MEX"},"geometry":{"type":"Point","coordinates":[-99.943,25.552]}},{"type":"Feature","properties":{"name":"Cayo","iso":"BLZ"},"geometry":{"type":"Point","coordinates":[-88.805,16.903]}},{"type":"Feature","properties":{"name":"Petén","iso":"GTM"},"geometry":{"type":"Point","coordinates":[-90.264,16.382]}},{"type":"Feature","properties":{"name":"Orange Walk","iso":"BLZ"},"geometry":{"type":"Point","coordinates":[-88.77,17.782]}},{"type":"Feature","properties":{"name":"Corozal","iso":"BLZ"},"geometry":{"type":"Point","coordinates":[-88.323,18.336]}},{"type":"Feature","properties":{"name":"Quintana Roo","iso":"MEX"},"geometry":{"type":"Point","coordinates":[-87.753,19.665]}},{"type":"Feature","properties":{"name":"Campeche","iso":"MEX"},"geometry":{"type":"Point","coordinates":[-91.225,18.752]}},{"type":"Feature","properties":{"name":"Tabasco","iso":"MEX"},"geometry":{"type":"Point","coordinates":[-92.753,17.945]}},{"type":"Feature","properties":{"name":"Chiapas","iso":"MEX"},"geometry":{"type":"Point","coordinates":[-92.17,16.746]}},{"type":"Feature","properties":{"name":"San Marcos","iso":"GTM"},"geometry":{"type":"Point","coordinates":[-91.97,14.905]}},{"type":"Feature","properties":{"name":"Huehuetenango","iso":"GTM"},"geometry":{"type":"Point","coordinates":[-91.471,15.475]}},{"type":"Feature","properties":{"name":"Quiché","iso":"GTM"},"geometry":{"type":"Point","coordinates":[-90.931,15.468]}},{"type":"Feature","properties":{"name":"Alta Verapaz","iso":"GTM"},"geometry":{"type":"Point","coordinates":[-90.124,15.73]}},{"type":"Feature","properties":{"name":"Guanacaste","iso":"CRI"},"geometry":{"type":"Point","coordinates":[-85.354,10.387]}},{"type":"Feature","properties":{"name":"Rivas","iso":"NIC"},"geometry":{"type":"Point","coordinates":[-85.754,11.356]}},{"type":"Feature","properties":{"name":"Izabal","iso":"GTM"},"geometry":{"type":"Point","coordinates":[-89.06,15.59]}},{"type":"Feature","properties":{"name":"Cortés","iso":"HND"},"geometry":{"type":"Point","coordinates":[-87.947,15.407]}},{"type":"Feature","properties":{"name":"Santa Bárbara","iso":"HND"},"geometry":{"type":"Point","coordinates":[-88.343,15.053]}},{"type":"Feature","properties":{"name":"Copán","iso":"HND"},"geometry":{"type":"Point","coordinates":[-88.847,14.838]}},{"type":"Feature","properties":{"name":"Zacapa","iso":"GTM"},"geometry":{"type":"Point","coordinates":[-89.448,15.021]}},{"type":"Feature","properties":{"name":"Bocas del Toro","iso":"PAN"},"geometry":{"type":"Point","coordinates":[-82.341,9.188]}},{"type":"Feature","properties":{"name":"Limón","iso":"CRI"},"geometry":{"type":"Point","coordinates":[-83.398,10.023]}},{"type":"Feature","properties":{"name":"Puntarenas","iso":"CRI"},"geometry":{"type":"Point","coordinates":[-84.164,9.39]}},{"type":"Feature","properties":{"name":"Chiriquí","iso":"PAN"},"geometry":{"type":"Point","coordinates":[-82.256,8.314]}},{"type":"Feature","properties":{"name":"Kuna Yala","iso":"PAN"},"geometry":{"type":"Point","coordinates":[-78.371,9.186]}},{"type":"Feature","properties":{"name":"Chocó","iso":"COL"},"geometry":{"type":"Point","coordinates":[-77.125,5.986]}},{"type":"Feature","properties":{"name":"Emberá","iso":"PAN"},"geometry":{"type":"Point","coordinates":[-77.827,8.214]}},{"type":"Feature","properties":{"name":"Darién","iso":"PAN"},"geometry":{"type":"Point","coordinates":[-78.027,8.242]}},{"type":"Feature","properties":{"name":"Barima-Waini","iso":"GUY"},"geometry":{"type":"Point","coordinates":[-59.909,7.586]}},{"type":"Feature","properties":{"name":"Delta Amacuro","iso":"VEN"},"geometry":{"type":"Point","coordinates":[-61.33,8.945]}},{"type":"Feature","properties":{"name":"Bolívar","iso":"VEN"},"geometry":{"type":"Point","coordinates":[-63.762,6.3]}},{"type":"Feature","properties":{"name":"Amazonas","iso":"BRA"},"geometry":{"type":"Point","coordinates":[-64.604,-3.096]}},{"type":"Feature","properties":{"name":"Guainía","iso":"COL"},"geometry":{"type":"Point","coordinates":[-68.772,2.899]}},{"type":"Feature","properties":{"name":"Vaupés","iso":"COL"},"geometry":{"type":"Point","coordinates":[-70.34,0.268]}},{"type":"Feature","properties":{"name":"Amazonas","iso":"COL"},"geometry":{"type":"Point","coordinates":[-71.672,-1.588]}},{"type":"Feature","properties":{"name":"Loreto","iso":"PER"},"geometry":{"type":"Point","coordinates":[-73.566,-3.675]}},{"type":"Feature","properties":{"name":"Orellana","iso":"ECU"},"geometry":{"type":"Point","coordinates":[-76.398,-0.856]}},{"type":"Feature","properties":{"name":"Pastaza","iso":"ECU"},"geometry":{"type":"Point","coordinates":[-76.647,-1.456]}},{"type":"Feature","properties":{"name":"Morona Santiago","iso":"ECU"},"geometry":{"type":"Point","coordinates":[-78.23,-2.562]}},{"type":"Feature","properties":{"name":"Amazonas","iso":"PER"},"geometry":{"type":"Point","coordinates":[-78.131,-5.146]}},{"type":"Feature","properties":{"name":"Zamora Chinchipe","iso":"ECU"},"geometry":{"type":"Point","coordinates":[-78.963,-4.096]}},{"type":"Feature","properties":{"name":"Cajamarca","iso":"PER"},"geometry":{"type":"Point","coordinates":[-78.825,-6.414]}},{"type":"Feature","properties":{"name":"Loja","iso":"ECU"},"geometry":{"type":"Point","coordinates":[-79.576,-4.003]}},{"type":"Feature","properties":{"name":"Tumbes","iso":"PER"},"geometry":{"type":"Point","coordinates":[-80.453,-3.781]}},{"type":"Feature","properties":{"name":"El Oro","iso":"ECU"},"geometry":{"type":"Point","coordinates":[-79.84,-3.523]}},{"type":"Feature","properties":{"name":"Piura","iso":"PER"},"geometry":{"type":"Point","coordinates":[-80.245,-5.194]}},{"type":"Feature","properties":{"name":"Amazonas","iso":"VEN"},"geometry":{"type":"Point","coordinates":[-66.172,3.918]}},{"type":"Feature","properties":{"name":"Chuquisaca","iso":"BOL"},"geometry":{"type":"Point","coordinates":[-64.786,-19.798]}},{"type":"Feature","properties":{"name":"Ucayali","iso":"PER"},"geometry":{"type":"Point","coordinates":[-73.421,-9.582]}},{"type":"Feature","properties":{"name":"Pando","iso":"BOL"},"geometry":{"type":"Point","coordinates":[-66.899,-10.804]}},{"type":"Feature","properties":{"name":"Rondônia","iso":"BRA"},"geometry":{"type":"Point","coordinates":[-63.452,-10.645]}},{"type":"Feature","properties":{"name":"El Beni","iso":"BOL"},"geometry":{"type":"Point","coordinates":[-65.092,-12.775]}},{"type":"Feature","properties":{"name":"Mato Grosso","iso":"BRA"},"geometry":{"type":"Point","coordinates":[-55.436,-13.532]}},{"type":"Feature","properties":{"name":"Puno","iso":"PER"},"geometry":{"type":"Point","coordinates":[-69.98,-15.433]}},{"type":"Feature","properties":{"name":"Catamarca","iso":"ARG"},"geometry":{"type":"Point","coordinates":[-67.01,-27.444]}},{"type":"Feature","properties":{"name":"Atacama","iso":"CHL"},"geometry":{"type":"Point","coordinates":[-70.184,-27.739]}},{"type":"Feature","properties":{"name":"La Rioja","iso":"ARG"},"geometry":{"type":"Point","coordinates":[-67.822,-29.382]}},{"type":"Feature","properties":{"name":"San Juan","iso":"ARG"},"geometry":{"type":"Point","coordinates":[-68.983,-30.699]}},{"type":"Feature","properties":{"name":"Coquimbo","iso":"CHL"},"geometry":{"type":"Point","coordinates":[-70.868,-30.609]}},{"type":"Feature","properties":{"name":"Mendoza","iso":"ARG"},"geometry":{"type":"Point","coordinates":[-68.979,-34.259]}},{"type":"Feature","properties":{"name":"Región Metropolitana de Santiago","iso":"CHL"},"geometry":{"type":"Point","coordinates":[-70.53,-33.736]}},{"type":"Feature","properties":{"name":"Valparaíso","iso":"CHL"},"geometry":{"type":"Point","coordinates":[-77.18,-32.038]}},{"type":"Feature","properties":{"name":"Maule","iso":"CHL"},"geometry":{"type":"Point","coordinates":[-71.352,-35.641]}},{"type":"Feature","properties":{"name":"Libertador General Bernardo O'Higgins","iso":"CHL"},"geometry":{"type":"Point","coordinates":[-71.138,-34.404]}},{"type":"Feature","properties":{"name":"Neuquén","iso":"ARG"},"geometry":{"type":"Point","coordinates":[-70.544,-38.574]}},{"type":"Feature","properties":{"name":"Ñuble","iso":"CHL"},"geometry":{"type":"Point","coordinates":[-71.968,-36.673]}},{"type":"Feature","properties":{"name":"La Araucanía","iso":"CHL"},"geometry":{"type":"Point","coordinates":[-72.302,-38.734]}},{"type":"Feature","properties":{"name":"Bío-Bío","iso":"CHL"},"geometry":{"type":"Point","coordinates":[-72.611,-37.428]}},{"type":"Feature","properties":{"name":"Los Ríos","iso":"CHL"},"geometry":{"type":"Point","coordinates":[-72.592,-39.873]}},{"type":"Feature","properties":{"name":"Chubut","iso":"ARG"},"geometry":{"type":"Point","coordinates":[-67.685,-43.965]}},{"type":"Feature","properties":{"name":"Los Lagos","iso":"CHL"},"geometry":{"type":"Point","coordinates":[-73.115,-42.364]}},{"type":"Feature","properties":{"name":"Río Negro","iso":"ARG"},"geometry":{"type":"Point","coordinates":[-67.714,-40.053]}},{"type":"Feature","properties":{"name":"Aisén del General Carlos Ibáñez del Campo","iso":"CHL"},"geometry":{"type":"Point","coordinates":[-74.056,-46.312]}},{"type":"Feature","properties":{"name":"Santa Cruz","iso":"ARG"},"geometry":{"type":"Point","coordinates":[-69.587,-49.223]}},{"type":"Feature","properties":{"name":"Magallanes y Antártica Chilena","iso":"CHL"},"geometry":{"type":"Point","coordinates":[-72.604,-52.547]}},{"type":"Feature","properties":{"name":"Tierra del Fuego","iso":"ARG"},"geometry":{"type":"Point","coordinates":[-65.869,-54.517]}},{"type":"Feature","properties":{"name":"Zulia","iso":"VEN"},"geometry":{"type":"Point","coordinates":[-71.765,9.834]}},{"type":"Feature","properties":{"name":"La Guajira","iso":"COL"},"geometry":{"type":"Point","coordinates":[-72.284,11.699]}},{"type":"Feature","properties":{"name":"Cesar","iso":"COL"},"geometry":{"type":"Point","coordinates":[-73.578,9.189]}},{"type":"Feature","properties":{"name":"Norte de Santander","iso":"COL"},"geometry":{"type":"Point","coordinates":[-72.935,7.899]}},{"type":"Feature","properties":{"name":"Táchira","iso":"VEN"},"geometry":{"type":"Point","coordinates":[-71.957,7.978]}},{"type":"Feature","properties":{"name":"Apure","iso":"VEN"},"geometry":{"type":"Point","coordinates":[-69.326,7.278]}},{"type":"Feature","properties":{"name":"Arauca","iso":"COL"},"geometry":{"type":"Point","coordinates":[-71.152,6.591]}},{"type":"Feature","properties":{"name":"Boyacá","iso":"COL"},"geometry":{"type":"Point","coordinates":[-73.321,5.836]}},{"type":"Feature","properties":{"name":"Vichada","iso":"COL"},"geometry":{"type":"Point","coordinates":[-69.078,4.292]}},{"type":"Feature","properties":{"name":"Pomeranian","iso":"POL"},"geometry":{"type":"Point","coordinates":[18.491,54.219]}},{"type":"Feature","properties":{"name":"Papua","iso":"IDN"},"geometry":{"type":"Point","coordinates":[137.674,-4.498]}},{"type":"Feature","properties":{"name":"Sandaun","iso":"PNG"},"geometry":{"type":"Point","coordinates":[142.09,-3.542]}},{"type":"Feature","properties":{"name":"Western","iso":"PNG"},"geometry":{"type":"Point","coordinates":[142.614,-8.06]}},{"type":"Feature","properties":{"name":"Balkan","iso":"TKM"},"geometry":{"type":"Point","coordinates":[54.104,40.023]}},{"type":"Feature","properties":{"name":"Mangghystau","iso":"KAZ"},"geometry":{"type":"Point","coordinates":[52.321,44.25]}},{"type":"Feature","properties":{"name":"Qyzylorda","iso":"KAZ"},"geometry":{"type":"Point","coordinates":[64.152,44.401]}},{"type":"Feature","properties":{"name":"Karakalpakstan","iso":"UZB"},"geometry":{"type":"Point","coordinates":[58.854,42.914]}},{"type":"Feature","properties":{"name":"Aqtöbe","iso":"KAZ"},"geometry":{"type":"Point","coordinates":[57.897,49.78]}},{"type":"Feature","properties":{"name":"Navoi","iso":"UZB"},"geometry":{"type":"Point","coordinates":[65.132,41.002]}},{"type":"Feature","properties":{"name":"Tashauz","iso":"TKM"},"geometry":{"type":"Point","coordinates":[58.681,41.265]}},{"type":"Feature","properties":{"name":"Khorezm","iso":"UZB"},"geometry":{"type":"Point","coordinates":[60.994,41.403]}},{"type":"Feature","properties":{"name":"Bukhoro","iso":"UZB"},"geometry":{"type":"Point","coordinates":[64.255,40.12]}},{"type":"Feature","properties":{"name":"North Khorasan","iso":"IRN"},"geometry":{"type":"Point","coordinates":[57.06,37.614]}},{"type":"Feature","properties":{"name":"Golestan","iso":"IRN"},"geometry":{"type":"Point","coordinates":[55.004,37.478]}},{"type":"Feature","properties":{"name":"Razavi Khorasan","iso":"IRN"},"geometry":{"type":"Point","coordinates":[59.461,36]}},{"type":"Feature","properties":{"name":"South Khorasan","iso":"IRN"},"geometry":{"type":"Point","coordinates":[59.888,32.681]}},{"type":"Feature","properties":{"name":"Nimroz","iso":"AFG"},"geometry":{"type":"Point","coordinates":[62.416,31.206]}},{"type":"Feature","properties":{"name":"Sistan and Baluchestan","iso":"IRN"},"geometry":{"type":"Point","coordinates":[61.271,27.334]}},{"type":"Feature","properties":{"name":"Farah","iso":"AFG"},"geometry":{"type":"Point","coordinates":[62.843,32.723]}},{"type":"Feature","properties":{"name":"K.P.","iso":"PAK"},"geometry":{"type":"Point","coordinates":[72.151,34.358]}},{"type":"Feature","properties":{"name":"F.A.T.A.","iso":"PAK"},"geometry":{"type":"Point","coordinates":[70.829,33.347]}},{"type":"Feature","properties":{"name":"Kunar","iso":"AFG"},"geometry":{"type":"Point","coordinates":[71.083,34.981]}},{"type":"Feature","properties":{"name":"Nuristan","iso":"AFG"},"geometry":{"type":"Point","coordinates":[70.816,35.494]}},{"type":"Feature","properties":{"name":"Nangarhar","iso":"AFG"},"geometry":{"type":"Point","coordinates":[70.357,34.347]}},{"type":"Feature","properties":{"name":"Khost","iso":"AFG"},"geometry":{"type":"Point","coordinates":[69.796,33.388]}},{"type":"Feature","properties":{"name":"Paktya","iso":"AFG"},"geometry":{"type":"Point","coordinates":[69.398,33.604]}},{"type":"Feature","properties":{"name":"Baluchistan","iso":"PAK"},"geometry":{"type":"Point","coordinates":[66.028,28.189]}},{"type":"Feature","properties":{"name":"Paktika","iso":"AFG"},"geometry":{"type":"Point","coordinates":[68.71,32.563]}},{"type":"Feature","properties":{"name":"Zabul","iso":"AFG"},"geometry":{"type":"Point","coordinates":[67.11,32.354]}},{"type":"Feature","properties":{"name":"Kandahar","iso":"AFG"},"geometry":{"type":"Point","coordinates":[66.2,31.777]}},{"type":"Feature","properties":{"name":"Hilmand","iso":"AFG"},"geometry":{"type":"Point","coordinates":[64.341,32.081]}},{"type":"Feature","properties":{"name":"North Kazakhstan","iso":"KAZ"},"geometry":{"type":"Point","coordinates":[70.634,54.081]}},{"type":"Feature","properties":{"name":"Tyumen'","iso":"RUS"},"geometry":{"type":"Point","coordinates":[69.241,57.271]}},{"type":"Feature","properties":{"name":"Kurgan","iso":"RUS"},"geometry":{"type":"Point","coordinates":[64.14,55.516]}},{"type":"Feature","properties":{"name":"Omsk","iso":"RUS"},"geometry":{"type":"Point","coordinates":[72.959,55.799]}},{"type":"Feature","properties":{"name":"Qostanay","iso":"KAZ"},"geometry":{"type":"Point","coordinates":[62.902,52.702]}},{"type":"Feature","properties":{"name":"Pavlodar","iso":"KAZ"},"geometry":{"type":"Point","coordinates":[75.843,52.541]}},{"type":"Feature","properties":{"name":"Novosibirsk","iso":"RUS"},"geometry":{"type":"Point","coordinates":[80.569,55.003]}},{"type":"Feature","properties":{"name":"Chelyabinsk","iso":"RUS"},"geometry":{"type":"Point","coordinates":[60.252,54.559]}},{"type":"Feature","properties":{"name":"Altay","iso":"RUS"},"geometry":{"type":"Point","coordinates":[83.174,52.757]}},{"type":"Feature","properties":{"name":"Orenburg","iso":"RUS"},"geometry":{"type":"Point","coordinates":[55.702,52.257]}},{"type":"Feature","properties":{"name":"West Kazakhstan","iso":"KAZ"},"geometry":{"type":"Point","coordinates":[51.029,50.646]}},{"type":"Feature","properties":{"name":"Saratov","iso":"RUS"},"geometry":{"type":"Point","coordinates":[46.661,51.681]}},{"type":"Feature","properties":{"name":"Astrakhan'","iso":"RUS"},"geometry":{"type":"Point","coordinates":[47.293,46.775]}},{"type":"Feature","properties":{"name":"Volgograd","iso":"RUS"},"geometry":{"type":"Point","coordinates":[44.238,49.526]}},{"type":"Feature","properties":{"name":"Atyrau","iso":"KAZ"},"geometry":{"type":"Point","coordinates":[51.054,46.978]}},{"type":"Feature","properties":{"name":"Mafraq","iso":"JOR"},"geometry":{"type":"Point","coordinates":[37.07,32.328]}},{"type":"Feature","properties":{"name":"As Suwayda'","iso":"SYR"},"geometry":{"type":"Point","coordinates":[36.682,32.866]}},{"type":"Feature","properties":{"name":"Dar`a","iso":"SYR"},"geometry":{"type":"Point","coordinates":[36.277,32.933]}},{"type":"Feature","properties":{"name":"Shamal Sina'","iso":"EGY"},"geometry":{"type":"Point","coordinates":[33.332,30.922]}},{"type":"Feature","properties":{"name":"Al Hudud ash Shamaliyah","iso":"SAU"},"geometry":{"type":"Point","coordinates":[42.216,29.745]}},{"type":"Feature","properties":{"name":"Al-Anbar","iso":"IRQ"},"geometry":{"type":"Point","coordinates":[42.195,32.773]}},{"type":"Feature","properties":{"name":"An-Najaf","iso":"IRQ"},"geometry":{"type":"Point","coordinates":[43.942,31.529]}},{"type":"Feature","properties":{"name":"Al Jawf","iso":"SAU"},"geometry":{"type":"Point","coordinates":[37.82,29.583]}},{"type":"Feature","properties":{"name":"Ma`an","iso":"JOR"},"geometry":{"type":"Point","coordinates":[36.363,30.211]}},{"type":"Feature","properties":{"name":"Amman","iso":"JOR"},"geometry":{"type":"Point","coordinates":[36.094,31.718]}},{"type":"Feature","properties":{"name":"Zarqa","iso":"JOR"},"geometry":{"type":"Point","coordinates":[36.356,31.985]}},{"type":"Feature","properties":{"name":"Al Ahmadi","iso":"KWT"},"geometry":{"type":"Point","coordinates":[48.089,28.796]}},{"type":"Feature","properties":{"name":"Ninawa","iso":"IRQ"},"geometry":{"type":"Point","coordinates":[43.286,36.302]}},{"type":"Feature","properties":{"name":"Dayr Az Zawr","iso":"SYR"},"geometry":{"type":"Point","coordinates":[40.418,35.213]}},{"type":"Feature","properties":{"name":"Hadramawt","iso":"YEM"},"geometry":{"type":"Point","coordinates":[51.058,14.331]}},{"type":"Feature","properties":{"name":"Dhofar","iso":"OMN"},"geometry":{"type":"Point","coordinates":[54.841,17.79]}},{"type":"Feature","properties":{"name":"Al Mahrah","iso":"YEM"},"geometry":{"type":"Point","coordinates":[51.606,16.141]}},{"type":"Feature","properties":{"name":"Al Wusta","iso":"OMN"},"geometry":{"type":"Point","coordinates":[57.537,20.103]}},{"type":"Feature","properties":{"name":"Najran","iso":"SAU"},"geometry":{"type":"Point","coordinates":[44.686,17.945]}},{"type":"Feature","properties":{"name":"Sa`dah","iso":"YEM"},"geometry":{"type":"Point","coordinates":[43.78,17.092]}},{"type":"Feature","properties":{"name":"`Asir","iso":"SAU"},"geometry":{"type":"Point","coordinates":[42.804,19.043]}},{"type":"Feature","properties":{"name":"Hajjah","iso":"YEM"},"geometry":{"type":"Point","coordinates":[43.354,16.078]}},{"type":"Feature","properties":{"name":"Jizan","iso":"SAU"},"geometry":{"type":"Point","coordinates":[42.341,17.183]}},{"type":"Feature","properties":{"name":"Al Jawf","iso":"YEM"},"geometry":{"type":"Point","coordinates":[44.939,16.663]}},{"type":"Feature","properties":{"name":"Al Kufrah","iso":"LBY"},"geometry":{"type":"Point","coordinates":[22.73,22.177]}},{"type":"Feature","properties":{"name":"Ennedi","iso":"TCD"},"geometry":{"type":"Point","coordinates":[22.297,16.628]}},{"type":"Feature","properties":{"name":"Borkou","iso":"TCD"},"geometry":{"type":"Point","coordinates":[18.999,17.612]}},{"type":"Feature","properties":{"name":"Murzuq","iso":"LBY"},"geometry":{"type":"Point","coordinates":[15.489,24.319]}},{"type":"Feature","properties":{"name":"Tibesti","iso":"TCD"},"geometry":{"type":"Point","coordinates":[15.92,20.746]}},{"type":"Feature","properties":{"name":"Agadez","iso":"NER"},"geometry":{"type":"Point","coordinates":[10.912,20.194]}},{"type":"Feature","properties":{"name":"Tamanghasset","iso":"DZA"},"geometry":{"type":"Point","coordinates":[6.568,24.071]}},{"type":"Feature","properties":{"name":"Tiris Zemmour","iso":"MRT"},"geometry":{"type":"Point","coordinates":[-9.84,25.112]}},{"type":"Feature","properties":{"name":"Tindouf","iso":"DZA"},"geometry":{"type":"Point","coordinates":[-7.582,28.182]}},{"type":"Feature","properties":{"name":"Kanem","iso":"TCD"},"geometry":{"type":"Point","coordinates":[14.708,14.604]}},{"type":"Feature","properties":{"name":"Northern","iso":"SDN"},"geometry":{"type":"Point","coordinates":[29.004,21.204]}},{"type":"Feature","properties":{"name":"Aswan","iso":"EGY"},"geometry":{"type":"Point","coordinates":[32.505,23.254]}},{"type":"Feature","properties":{"name":"Al Bahr al Ahmar","iso":"EGY"},"geometry":{"type":"Point","coordinates":[33.554,25.447]}},{"type":"Feature","properties":{"name":"River Nile","iso":"SDN"},"geometry":{"type":"Point","coordinates":[33.548,19.474]}},{"type":"Feature","properties":{"name":"Eastern","iso":"KEN"},"geometry":{"type":"Point","coordinates":[37.864,0.416]}},{"type":"Feature","properties":{"name":"North-Eastern","iso":"KEN"},"geometry":{"type":"Point","coordinates":[39.831,1.125]}},{"type":"Feature","properties":{"name":"Béchar","iso":"DZA"},"geometry":{"type":"Point","coordinates":[-2.712,31.133]}},{"type":"Feature","properties":{"name":"Meknès - Tafilalet","iso":"MAR"},"geometry":{"type":"Point","coordinates":[-5.04,32.537]}},{"type":"Feature","properties":{"name":"Souss - Massa - Draâ","iso":"MAR"},"geometry":{"type":"Point","coordinates":[-8.042,30.317]}},{"type":"Feature","properties":{"name":"Dakhlet Nouadhibou","iso":"MRT"},"geometry":{"type":"Point","coordinates":[-16.46,20.276]}},{"type":"Feature","properties":{"name":"Adrar","iso":"MRT"},"geometry":{"type":"Point","coordinates":[-10.596,21.399]}},{"type":"Feature","properties":{"name":"Jendouba","iso":"TUN"},"geometry":{"type":"Point","coordinates":[8.765,36.7]}},{"type":"Feature","properties":{"name":"El Tarf","iso":"DZA"},"geometry":{"type":"Point","coordinates":[8.131,36.713]}},{"type":"Feature","properties":{"name":"Kebili","iso":"TUN"},"geometry":{"type":"Point","coordinates":[9.372,33.383]}},{"type":"Feature","properties":{"name":"El Oued","iso":"DZA"},"geometry":{"type":"Point","coordinates":[6.786,33.668]}},{"type":"Feature","properties":{"name":"Tozeur","iso":"TUN"},"geometry":{"type":"Point","coordinates":[7.997,34.152]}},{"type":"Feature","properties":{"name":"Tébessa","iso":"DZA"},"geometry":{"type":"Point","coordinates":[7.688,35.103]}},{"type":"Feature","properties":{"name":"Gafsa","iso":"TUN"},"geometry":{"type":"Point","coordinates":[8.747,34.416]}},{"type":"Feature","properties":{"name":"Kassérine","iso":"TUN"},"geometry":{"type":"Point","coordinates":[8.892,35.252]}},{"type":"Feature","properties":{"name":"Le Kef","iso":"TUN"},"geometry":{"type":"Point","coordinates":[8.752,35.98]}},{"type":"Feature","properties":{"name":"Souk Ahras","iso":"DZA"},"geometry":{"type":"Point","coordinates":[7.905,36.144]}},{"type":"Feature","properties":{"name":"Ouargla","iso":"DZA"},"geometry":{"type":"Point","coordinates":[6.675,31.163]}},{"type":"Feature","properties":{"name":"Kidal","iso":"MLI"},"geometry":{"type":"Point","coordinates":[2.188,19.897]}},{"type":"Feature","properties":{"name":"North Darfur","iso":"SDN"},"geometry":{"type":"Point","coordinates":[25.452,14.529]}},{"type":"Feature","properties":{"name":"Western Darfur","iso":"SDN"},"geometry":{"type":"Point","coordinates":[22.739,14.055]}},{"type":"Feature","properties":{"name":"Ouaddaï","iso":"TCD"},"geometry":{"type":"Point","coordinates":[21.069,13.856]}},{"type":"Feature","properties":{"name":"Wadi Fira","iso":"TCD"},"geometry":{"type":"Point","coordinates":[21.824,15.184]}},{"type":"Feature","properties":{"name":"Al Butnan","iso":"LBY"},"geometry":{"type":"Point","coordinates":[24.313,30.956]}},{"type":"Feature","properties":{"name":"Matruh","iso":"EGY"},"geometry":{"type":"Point","coordinates":[26.768,30.783]}},{"type":"Feature","properties":{"name":"Ajdabiya","iso":"LBY"},"geometry":{"type":"Point","coordinates":[21.402,29.675]}},{"type":"Feature","properties":{"name":"Al Wadi at Jadid","iso":"EGY"},"geometry":{"type":"Point","coordinates":[30.895,23.846]}},{"type":"Feature","properties":{"name":"Bafatá","iso":"GNB"},"geometry":{"type":"Point","coordinates":[-14.664,12.214]}},{"type":"Feature","properties":{"name":"Oio","iso":"GNB"},"geometry":{"type":"Point","coordinates":[-15.268,12.224]}},{"type":"Feature","properties":{"name":"Sédhiou","iso":"SEN"},"geometry":{"type":"Point","coordinates":[-15.668,12.79]}},{"type":"Feature","properties":{"name":"Cacheu","iso":"GNB"},"geometry":{"type":"Point","coordinates":[-16.012,12.215]}},{"type":"Feature","properties":{"name":"Ziguinchor","iso":"SEN"},"geometry":{"type":"Point","coordinates":[-16.415,12.688]}},{"type":"Feature","properties":{"name":"Jubbada Hoose","iso":"SOM"},"geometry":{"type":"Point","coordinates":[41.866,-0.711]}},{"type":"Feature","properties":{"name":"Coast","iso":"KEN"},"geometry":{"type":"Point","coordinates":[39.627,-2.499]}},{"type":"Feature","properties":{"name":"Mara","iso":"TZA"},"geometry":{"type":"Point","coordinates":[33.712,-1.905]}},{"type":"Feature","properties":{"name":"Nyanza","iso":"KEN"},"geometry":{"type":"Point","coordinates":[34.762,-0.221]}},{"type":"Feature","properties":{"name":"Arusha","iso":"TZA"},"geometry":{"type":"Point","coordinates":[35.974,-3.318]}},{"type":"Feature","properties":{"name":"Kilimanjaro","iso":"TZA"},"geometry":{"type":"Point","coordinates":[37.535,-3.641]}},{"type":"Feature","properties":{"name":"Tanga","iso":"TZA"},"geometry":{"type":"Point","coordinates":[38.386,-5.387]}},{"type":"Feature","properties":{"name":"Rakai","iso":"UGA"},"geometry":{"type":"Point","coordinates":[31.493,-0.721]}},{"type":"Feature","properties":{"name":"Kalangala","iso":"UGA"},"geometry":{"type":"Point","coordinates":[32.167,-0.425]}},{"type":"Feature","properties":{"name":"Buvuma","iso":"UGA"},"geometry":{"type":"Point","coordinates":[33.174,-0.302]}},{"type":"Feature","properties":{"name":"Mayuge","iso":"UGA"},"geometry":{"type":"Point","coordinates":[33.58,0.035]}},{"type":"Feature","properties":{"name":"Namayingo","iso":"UGA"},"geometry":{"type":"Point","coordinates":[33.828,-0.016]}},{"type":"Feature","properties":{"name":"Litoral","iso":"GNQ"},"geometry":{"type":"Point","coordinates":[9.856,1.45]}},{"type":"Feature","properties":{"name":"Kié-Ntem","iso":"GNQ"},"geometry":{"type":"Point","coordinates":[10.81,1.933]}},{"type":"Feature","properties":{"name":"Centro Sur","iso":"GNQ"},"geometry":{"type":"Point","coordinates":[10.435,1.467]}},{"type":"Feature","properties":{"name":"Wele-Nzás","iso":"GNQ"},"geometry":{"type":"Point","coordinates":[10.876,1.573]}},{"type":"Feature","properties":{"name":"Estuaire","iso":"GAB"},"geometry":{"type":"Point","coordinates":[9.925,0.285]}},{"type":"Feature","properties":{"name":"Brakna","iso":"MRT"},"geometry":{"type":"Point","coordinates":[-13.723,16.675]}},{"type":"Feature","properties":{"name":"Saint-Louis","iso":"SEN"},"geometry":{"type":"Point","coordinates":[-15.156,16.341]}},{"type":"Feature","properties":{"name":"Trarza","iso":"MRT"},"geometry":{"type":"Point","coordinates":[-15.679,16.832]}},{"type":"Feature","properties":{"name":"Gorgol","iso":"MRT"},"geometry":{"type":"Point","coordinates":[-12.986,15.928]}},{"type":"Feature","properties":{"name":"Matam","iso":"SEN"},"geometry":{"type":"Point","coordinates":[-13.497,15.458]}},{"type":"Feature","properties":{"name":"Guidimaka","iso":"MRT"},"geometry":{"type":"Point","coordinates":[-12.01,15.339]}},{"type":"Feature","properties":{"name":"Hodh ech Chargui","iso":"MRT"},"geometry":{"type":"Point","coordinates":[-6.332,17.412]}},{"type":"Feature","properties":{"name":"Hodh el Gharbi","iso":"MRT"},"geometry":{"type":"Point","coordinates":[-10.311,16.31]}},{"type":"Feature","properties":{"name":"Assaba","iso":"MRT"},"geometry":{"type":"Point","coordinates":[-11.553,16.527]}},{"type":"Feature","properties":{"name":"Western","iso":"ZMB"},"geometry":{"type":"Point","coordinates":[24.246,-15.322]}},{"type":"Feature","properties":{"name":"Cuando Cubango","iso":"AGO"},"geometry":{"type":"Point","coordinates":[19.423,-15.572]}},{"type":"Feature","properties":{"name":"Moxico","iso":"AGO"},"geometry":{"type":"Point","coordinates":[20.805,-12.61]}},{"type":"Feature","properties":{"name":"North-Western","iso":"ZMB"},"geometry":{"type":"Point","coordinates":[25.141,-13.16]}},{"type":"Feature","properties":{"name":"Namibe","iso":"AGO"},"geometry":{"type":"Point","coordinates":[12.66,-15.614]}},{"type":"Feature","properties":{"name":"Kunene","iso":"NAM"},"geometry":{"type":"Point","coordinates":[13.973,-19.118]}},{"type":"Feature","properties":{"name":"Cunene","iso":"AGO"},"geometry":{"type":"Point","coordinates":[15.075,-16.268]}},{"type":"Feature","properties":{"name":"Omusati","iso":"NAM"},"geometry":{"type":"Point","coordinates":[14.875,-18.428]}},{"type":"Feature","properties":{"name":"Ohangwena","iso":"NAM"},"geometry":{"type":"Point","coordinates":[16.315,-17.535]}},{"type":"Feature","properties":{"name":"Kavango","iso":"NAM"},"geometry":{"type":"Point","coordinates":[19.863,-18]}},{"type":"Feature","properties":{"name":"Caprivi","iso":"NAM"},"geometry":{"type":"Point","coordinates":[23.769,-17.918]}},{"type":"Feature","properties":{"name":"Tete","iso":"MOZ"},"geometry":{"type":"Point","coordinates":[33.352,-16.078]}},{"type":"Feature","properties":{"name":"Mashonaland East","iso":"ZWE"},"geometry":{"type":"Point","coordinates":[31.478,-18.212]}},{"type":"Feature","properties":{"name":"Manica","iso":"MOZ"},"geometry":{"type":"Point","coordinates":[33.487,-19.028]}},{"type":"Feature","properties":{"name":"Manicaland","iso":"ZWE"},"geometry":{"type":"Point","coordinates":[32.271,-19.039]}},{"type":"Feature","properties":{"name":"Gaza","iso":"MOZ"},"geometry":{"type":"Point","coordinates":[33.324,-23.559]}},{"type":"Feature","properties":{"name":"Zaire","iso":"AGO"},"geometry":{"type":"Point","coordinates":[13.603,-6.809]}},{"type":"Feature","properties":{"name":"Uíge","iso":"AGO"},"geometry":{"type":"Point","coordinates":[15.52,-7.243]}},{"type":"Feature","properties":{"name":"Kasaï-Occidental","iso":"COD"},"geometry":{"type":"Point","coordinates":[21.465,-5.324]}},{"type":"Feature","properties":{"name":"Lunda Norte","iso":"AGO"},"geometry":{"type":"Point","coordinates":[19.689,-8.351]}},{"type":"Feature","properties":{"name":"Malanje","iso":"AGO"},"geometry":{"type":"Point","coordinates":[17.064,-9.763]}},{"type":"Feature","properties":{"name":"Lunda Sul","iso":"AGO"},"geometry":{"type":"Point","coordinates":[20.634,-10.608]}},{"type":"Feature","properties":{"name":"Hardap","iso":"NAM"},"geometry":{"type":"Point","coordinates":[17.113,-24.36]}},{"type":"Feature","properties":{"name":"Otjozondjupa","iso":"NAM"},"geometry":{"type":"Point","coordinates":[17.471,-20.874]}},{"type":"Feature","properties":{"name":"Omaheke","iso":"NAM"},"geometry":{"type":"Point","coordinates":[18.894,-22.045]}},{"type":"Feature","properties":{"name":"Ghanzi","iso":"BWA"},"geometry":{"type":"Point","coordinates":[20.983,-22.009]}},{"type":"Feature","properties":{"name":"Central River","iso":"GMB"},"geometry":{"type":"Point","coordinates":[-14.922,13.567]}},{"type":"Feature","properties":{"name":"Kaffrine","iso":"SEN"},"geometry":{"type":"Point","coordinates":[-15.14,14.128]}},{"type":"Feature","properties":{"name":"North Bank","iso":"GMB"},"geometry":{"type":"Point","coordinates":[-15.943,13.488]}},{"type":"Feature","properties":{"name":"Kaolack","iso":"SEN"},"geometry":{"type":"Point","coordinates":[-15.993,13.938]}},{"type":"Feature","properties":{"name":"Upper River","iso":"GMB"},"geometry":{"type":"Point","coordinates":[-14.24,13.417]}},{"type":"Feature","properties":{"name":"Lower River","iso":"GMB"},"geometry":{"type":"Point","coordinates":[-15.76,13.396]}},{"type":"Feature","properties":{"name":"Fatick","iso":"SEN"},"geometry":{"type":"Point","coordinates":[-16.406,14.096]}},{"type":"Feature","properties":{"name":"West Coast","iso":"GMB"},"geometry":{"type":"Point","coordinates":[-16.401,13.25]}},{"type":"Feature","properties":{"name":"Illizi","iso":"DZA"},"geometry":{"type":"Point","coordinates":[8.244,25.743]}},{"type":"Feature","properties":{"name":"Ash Shati'","iso":"LBY"},"geometry":{"type":"Point","coordinates":[12.752,28.228]}},{"type":"Feature","properties":{"name":"Ghat","iso":"LBY"},"geometry":{"type":"Point","coordinates":[10.299,26.168]}},{"type":"Feature","properties":{"name":"Séno","iso":"BFA"},"geometry":{"type":"Point","coordinates":[0.057,13.926]}},{"type":"Feature","properties":{"name":"Yagha","iso":"BFA"},"geometry":{"type":"Point","coordinates":[0.646,13.455]}},{"type":"Feature","properties":{"name":"Komondjari","iso":"BFA"},"geometry":{"type":"Point","coordinates":[0.776,12.721]}},{"type":"Feature","properties":{"name":"Sangha-Mbaéré","iso":"CAF"},"geometry":{"type":"Point","coordinates":[16.411,3.406]}},{"type":"Feature","properties":{"name":"Est","iso":"CMR"},"geometry":{"type":"Point","coordinates":[14.383,3.575]}},{"type":"Feature","properties":{"name":"Nana-Mambéré","iso":"CAF"},"geometry":{"type":"Point","coordinates":[15.312,5.719]}},{"type":"Feature","properties":{"name":"Mambéré-Kadéï","iso":"CAF"},"geometry":{"type":"Point","coordinates":[15.964,4.606]}},{"type":"Feature","properties":{"name":"Kaabong","iso":"UGA"},"geometry":{"type":"Point","coordinates":[34.168,3.637]}},{"type":"Feature","properties":{"name":"Kitgum","iso":"UGA"},"geometry":{"type":"Point","coordinates":[33.268,3.38]}},{"type":"Feature","properties":{"name":"Lamwo","iso":"UGA"},"geometry":{"type":"Point","coordinates":[32.763,3.523]}},{"type":"Feature","properties":{"name":"Amuru","iso":"UGA"},"geometry":{"type":"Point","coordinates":[31.868,3.052]}},{"type":"Feature","properties":{"name":"Adjumani","iso":"UGA"},"geometry":{"type":"Point","coordinates":[31.782,3.301]}},{"type":"Feature","properties":{"name":"Moyo","iso":"UGA"},"geometry":{"type":"Point","coordinates":[31.745,3.522]}},{"type":"Feature","properties":{"name":"Yumbe","iso":"UGA"},"geometry":{"type":"Point","coordinates":[31.315,3.478]}},{"type":"Feature","properties":{"name":"Koboko","iso":"UGA"},"geometry":{"type":"Point","coordinates":[30.954,3.533]}},{"type":"Feature","properties":{"name":"Mpumalanga","iso":"ZAF"},"geometry":{"type":"Point","coordinates":[29.909,-26.048]}},{"type":"Feature","properties":{"name":"Hhohho","iso":"SWZ"},"geometry":{"type":"Point","coordinates":[31.368,-26.215]}},{"type":"Feature","properties":{"name":"Manzini","iso":"SWZ"},"geometry":{"type":"Point","coordinates":[31.309,-26.527]}},{"type":"Feature","properties":{"name":"Shiselweni","iso":"SWZ"},"geometry":{"type":"Point","coordinates":[31.425,-26.952]}},{"type":"Feature","properties":{"name":"Luapula","iso":"ZMB"},"geometry":{"type":"Point","coordinates":[29.278,-10.504]}},{"type":"Feature","properties":{"name":"Copperbelt","iso":"ZMB"},"geometry":{"type":"Point","coordinates":[27.632,-13.112]}},{"type":"Feature","properties":{"name":"Central","iso":"ZMB"},"geometry":{"type":"Point","coordinates":[28.771,-13.955]}},{"type":"Feature","properties":{"name":"Koulpélogo","iso":"BFA"},"geometry":{"type":"Point","coordinates":[0.155,11.402]}},{"type":"Feature","properties":{"name":"Boulgou","iso":"BFA"},"geometry":{"type":"Point","coordinates":[-0.398,11.395]}},{"type":"Feature","properties":{"name":"Donga","iso":"BEN"},"geometry":{"type":"Point","coordinates":[1.891,9.147]}},{"type":"Feature","properties":{"name":"Zou","iso":"BEN"},"geometry":{"type":"Point","coordinates":[2.113,7.21]}},{"type":"Feature","properties":{"name":"Kouffo","iso":"BEN"},"geometry":{"type":"Point","coordinates":[1.816,6.995]}},{"type":"Feature","properties":{"name":"Mono","iso":"BEN"},"geometry":{"type":"Point","coordinates":[1.785,6.539]}},{"type":"Feature","properties":{"name":"Nahouri","iso":"BFA"},"geometry":{"type":"Point","coordinates":[-1.167,11.188]}},{"type":"Feature","properties":{"name":"Sissili","iso":"BFA"},"geometry":{"type":"Point","coordinates":[-2.182,11.341]}},{"type":"Feature","properties":{"name":"Upper West","iso":"GHA"},"geometry":{"type":"Point","coordinates":[-2.051,10.321]}},{"type":"Feature","properties":{"name":"Ioba","iso":"BFA"},"geometry":{"type":"Point","coordinates":[-2.966,11.015]}},{"type":"Feature","properties":{"name":"Nkhotakota","iso":"MWI"},"geometry":{"type":"Point","coordinates":[34.033,-12.791]}},{"type":"Feature","properties":{"name":"Salima","iso":"MWI"},"geometry":{"type":"Point","coordinates":[34.346,-13.73]}},{"type":"Feature","properties":{"name":"Mangochi","iso":"MWI"},"geometry":{"type":"Point","coordinates":[35.307,-14.523]}},{"type":"Feature","properties":{"name":"Machinga","iso":"MWI"},"geometry":{"type":"Point","coordinates":[35.438,-14.921]}},{"type":"Feature","properties":{"name":"Dedza","iso":"MWI"},"geometry":{"type":"Point","coordinates":[34.115,-14.302]}},{"type":"Feature","properties":{"name":"Lilongwe","iso":"MWI"},"geometry":{"type":"Point","coordinates":[33.699,-13.945]}},{"type":"Feature","properties":{"name":"Nsanje","iso":"MWI"},"geometry":{"type":"Point","coordinates":[35.132,-16.749]}},{"type":"Feature","properties":{"name":"Chikwawa","iso":"MWI"},"geometry":{"type":"Point","coordinates":[34.734,-16.201]}},{"type":"Feature","properties":{"name":"Mwanza","iso":"MWI"},"geometry":{"type":"Point","coordinates":[34.593,-15.691]}},{"type":"Feature","properties":{"name":"Neno","iso":"MWI"},"geometry":{"type":"Point","coordinates":[34.708,-15.366]}},{"type":"Feature","properties":{"name":"Ntcheu","iso":"MWI"},"geometry":{"type":"Point","coordinates":[34.67,-14.861]}},{"type":"Feature","properties":{"name":"Zomba","iso":"MWI"},"geometry":{"type":"Point","coordinates":[35.338,-15.43]}},{"type":"Feature","properties":{"name":"Zambezia","iso":"MOZ"},"geometry":{"type":"Point","coordinates":[37.187,-16.697]}},{"type":"Feature","properties":{"name":"Phalombe","iso":"MWI"},"geometry":{"type":"Point","coordinates":[35.629,-15.792]}},{"type":"Feature","properties":{"name":"Mulanje","iso":"MWI"},"geometry":{"type":"Point","coordinates":[35.569,-15.883]}},{"type":"Feature","properties":{"name":"Thyolo","iso":"MWI"},"geometry":{"type":"Point","coordinates":[35.176,-16.122]}},{"type":"Feature","properties":{"name":"Moroto","iso":"UGA"},"geometry":{"type":"Point","coordinates":[34.678,2.724]}},{"type":"Feature","properties":{"name":"Western","iso":"KEN"},"geometry":{"type":"Point","coordinates":[34.624,0.476]}},{"type":"Feature","properties":{"name":"Kapchorwa","iso":"UGA"},"geometry":{"type":"Point","coordinates":[34.481,1.251]}},{"type":"Feature","properties":{"name":"Bukwa","iso":"UGA"},"geometry":{"type":"Point","coordinates":[34.655,1.229]}},{"type":"Feature","properties":{"name":"Amudat","iso":"UGA"},"geometry":{"type":"Point","coordinates":[34.883,1.779]}},{"type":"Feature","properties":{"name":"Busia","iso":"UGA"},"geometry":{"type":"Point","coordinates":[34.003,0.427]}},{"type":"Feature","properties":{"name":"Tororo","iso":"UGA"},"geometry":{"type":"Point","coordinates":[34.082,0.722]}},{"type":"Feature","properties":{"name":"Manafwa","iso":"UGA"},"geometry":{"type":"Point","coordinates":[34.325,0.903]}},{"type":"Feature","properties":{"name":"Bududa","iso":"UGA"},"geometry":{"type":"Point","coordinates":[34.397,1.044]}},{"type":"Feature","properties":{"name":"Maracha","iso":"UGA"},"geometry":{"type":"Point","coordinates":[30.901,3.268]}},{"type":"Feature","properties":{"name":"Arua","iso":"UGA"},"geometry":{"type":"Point","coordinates":[31.087,2.954]}},{"type":"Feature","properties":{"name":"Zombo","iso":"UGA"},"geometry":{"type":"Point","coordinates":[30.853,2.513]}},{"type":"Feature","properties":{"name":"Nebbi","iso":"UGA"},"geometry":{"type":"Point","coordinates":[31.298,2.467]}},{"type":"Feature","properties":{"name":"Buliisa","iso":"UGA"},"geometry":{"type":"Point","coordinates":[31.416,2]}},{"type":"Feature","properties":{"name":"Hoima","iso":"UGA"},"geometry":{"type":"Point","coordinates":[31.113,1.377]}},{"type":"Feature","properties":{"name":"Ntoroko","iso":"UGA"},"geometry":{"type":"Point","coordinates":[30.315,1.038]}},{"type":"Feature","properties":{"name":"Bundibugyo","iso":"UGA"},"geometry":{"type":"Point","coordinates":[30.039,0.645]}},{"type":"Feature","properties":{"name":"Kabarole","iso":"UGA"},"geometry":{"type":"Point","coordinates":[30.23,0.554]}},{"type":"Feature","properties":{"name":"Kasese","iso":"UGA"},"geometry":{"type":"Point","coordinates":[29.908,0.097]}},{"type":"Feature","properties":{"name":"Rubirizi","iso":"UGA"},"geometry":{"type":"Point","coordinates":[30.01,-0.241]}},{"type":"Feature","properties":{"name":"Rukungiri","iso":"UGA"},"geometry":{"type":"Point","coordinates":[29.905,-0.721]}},{"type":"Feature","properties":{"name":"Kanungu","iso":"UGA"},"geometry":{"type":"Point","coordinates":[29.677,-0.801]}},{"type":"Feature","properties":{"name":"Debub","iso":"ERI"},"geometry":{"type":"Point","coordinates":[39.644,15.804]}},{"type":"Feature","properties":{"name":"Red Sea","iso":"SDN"},"geometry":{"type":"Point","coordinates":[36.534,19.573]}},{"type":"Feature","properties":{"name":"Semenawi Keyih Bahri","iso":"ERI"},"geometry":{"type":"Point","coordinates":[37.716,16.455]}},{"type":"Feature","properties":{"name":"Gash Barka","iso":"ERI"},"geometry":{"type":"Point","coordinates":[37.465,15.099]}},{"type":"Feature","properties":{"name":"Kassala","iso":"SDN"},"geometry":{"type":"Point","coordinates":[36.251,16.124]}},{"type":"Feature","properties":{"name":"Maekel","iso":"ERI"},"geometry":{"type":"Point","coordinates":[38.829,14.676]}},{"type":"Feature","properties":{"name":"Ida-Viru","iso":"EST"},"geometry":{"type":"Point","coordinates":[27.147,59.208]}},{"type":"Feature","properties":{"name":"Põlva","iso":"EST"},"geometry":{"type":"Point","coordinates":[27.097,58.051]}},{"type":"Feature","properties":{"name":"Tartu","iso":"EST"},"geometry":{"type":"Point","coordinates":[26.767,58.354]}},{"type":"Feature","properties":{"name":"Jõgeva","iso":"EST"},"geometry":{"type":"Point","coordinates":[26.423,58.719]}},{"type":"Feature","properties":{"name":"Punjab","iso":"PAK"},"geometry":{"type":"Point","coordinates":[72.142,31.825]}},{"type":"Feature","properties":{"name":"Punjab","iso":"IND"},"geometry":{"type":"Point","coordinates":[75.648,30.715]}},{"type":"Feature","properties":{"name":"Rajasthan","iso":"IND"},"geometry":{"type":"Point","coordinates":[75.292,26.101]}},{"type":"Feature","properties":{"name":"Sind","iso":"PAK"},"geometry":{"type":"Point","coordinates":[68.493,25.056]}},{"type":"Feature","properties":{"name":"Gujarat","iso":"IND"},"geometry":{"type":"Point","coordinates":[71.839,22.432]}},{"type":"Feature","properties":{"name":"Alaska","iso":"USA"},"geometry":{"type":"Point","coordinates":[-144.292,58.684]}},{"type":"Feature","properties":{"name":"Yukon","iso":"CAN"},"geometry":{"type":"Point","coordinates":[-131.938,64.23]}},{"type":"Feature","properties":{"name":"White Nile","iso":"SDN"},"geometry":{"type":"Point","coordinates":[32.247,13.8]}},{"type":"Feature","properties":{"name":"South Kordufan","iso":"SDN"},"geometry":{"type":"Point","coordinates":[29.886,11.55]}},{"type":"Feature","properties":{"name":"Unity","iso":"SDS"},"geometry":{"type":"Point","coordinates":[30.188,8.587]}},{"type":"Feature","properties":{"name":"North","iso":"HKG"},"geometry":{"type":"Point","coordinates":[114.21,22.523]}},{"type":"Feature","properties":{"name":"Guangdong","iso":"CHN"},"geometry":{"type":"Point","coordinates":[112.97,22.762]}},{"type":"Feature","properties":{"name":"Vatican","iso":"VAT"},"geometry":{"type":"Point","coordinates":[12.453,41.903]}},{"type":"Feature","properties":{"name":"Northern Bahr el Ghazal","iso":"SDS"},"geometry":{"type":"Point","coordinates":[27.804,9.074]}},{"type":"Feature","properties":{"name":"Eastern Darfur","iso":"SDN"},"geometry":{"type":"Point","coordinates":[26.343,11.104]}},{"type":"Feature","properties":{"name":"Naâma","iso":"DZA"},"geometry":{"type":"Point","coordinates":[-0.771,33.524]}},{"type":"Feature","properties":{"name":"Tlemcen","iso":"DZA"},"geometry":{"type":"Point","coordinates":[-1.349,34.847]}},{"type":"Feature","properties":{"name":"Himachal Pradesh","iso":"IND"},"geometry":{"type":"Point","coordinates":[77.297,31.741]}},{"type":"Feature","properties":{"name":"Northern Cyprus","iso":"CYN"},"geometry":{"type":"Point","coordinates":[33.541,35.195]}},{"type":"Feature","properties":{"name":"Famagusta","iso":"CYP"},"geometry":{"type":"Point","coordinates":[33.923,35.021]}},{"type":"Feature","properties":{"name":"Nicosia","iso":"CYP"},"geometry":{"type":"Point","coordinates":[33.02,35.006]}},{"type":"Feature","properties":{"name":"Kashmir","iso":"KAS"},"geometry":{"type":"Point","coordinates":[77.223,35.508]}},{"type":"Feature","properties":{"name":"Baykonur lease in Qyzylorda","iso":"KAB"},"geometry":{"type":"Point","coordinates":[63.384,45.985]}},{"type":"Feature","properties":{"name":"Quneitra","iso":"SYR"},"geometry":{"type":"Point","coordinates":[35.916,33.123]}},{"type":"Feature","properties":{"name":"Akrotiri","iso":"WSB"},"geometry":{"type":"Point","coordinates":[32.899,34.656]}},{"type":"Feature","properties":{"name":"Limassol","iso":"CYP"},"geometry":{"type":"Point","coordinates":[32.895,34.799]}},{"type":"Feature","properties":{"name":"Toledo","iso":"BLZ"},"geometry":{"type":"Point","coordinates":[-88.761,16.374]}},{"type":"Feature","properties":{"name":"Thimphu","iso":"BTN"},"geometry":{"type":"Point","coordinates":[89.534,27.583]}},{"type":"Feature","properties":{"name":"Paro","iso":"BTN"},"geometry":{"type":"Point","coordinates":[89.353,27.479]}},{"type":"Feature","properties":{"name":"Gasa","iso":"BTN"},"geometry":{"type":"Point","coordinates":[89.927,27.96]}},{"type":"Feature","properties":{"name":"Jammu and Kashmir","iso":"IND"},"geometry":{"type":"Point","coordinates":[75.016,33.308]}},{"type":"Feature","properties":{"name":"Crimea","iso":"RUS"},"geometry":{"type":"Point","coordinates":[34.531,45.319]}},{"type":"Feature","properties":{"name":"Kherson","iso":"UKR"},"geometry":{"type":"Point","coordinates":[33.493,46.77]}},{"type":"Feature","properties":{"name":"Bihar","iso":"IND"},"geometry":{"type":"Point","coordinates":[85.594,25.731]}},{"type":"Feature","properties":{"name":"Narayani","iso":"NPL"},"geometry":{"type":"Point","coordinates":[84.782,27.404]}},{"type":"Feature","properties":{"name":"Lumbini","iso":"NPL"},"geometry":{"type":"Point","coordinates":[83.543,27.777]}},{"type":"Feature","properties":{"name":"Uttar Pradesh","iso":"IND"},"geometry":{"type":"Point","coordinates":[80.221,26.35]}},{"type":"Feature","properties":{"name":"Rapti","iso":"NPL"},"geometry":{"type":"Point","coordinates":[82.542,28.286]}},{"type":"Feature","properties":{"name":"Bheri","iso":"NPL"},"geometry":{"type":"Point","coordinates":[81.774,28.587]}},{"type":"Feature","properties":{"name":"Salto","iso":"URY"},"geometry":{"type":"Point","coordinates":[-57.006,-31.322]}},{"type":"Feature","properties":{"name":"Rivera","iso":"URY"},"geometry":{"type":"Point","coordinates":[-55.345,-31.5]}},{"type":"Feature","properties":{"name":"Rocha","iso":"URY"},"geometry":{"type":"Point","coordinates":[-54.149,-34.118]}},{"type":"Feature","properties":{"name":"Treinta y Tres","iso":"URY"},"geometry":{"type":"Point","coordinates":[-54.31,-33.038]}},{"type":"Feature","properties":{"name":"Cerro Largo","iso":"URY"},"geometry":{"type":"Point","coordinates":[-54.394,-32.517]}},{"type":"Feature","properties":{"name":"Heredia","iso":"CRI"},"geometry":{"type":"Point","coordinates":[-83.91,10.46]}},{"type":"Feature","properties":{"name":"Črenšovci","iso":"SVN"},"geometry":{"type":"Point","coordinates":[16.304,46.556]}},{"type":"Feature","properties":{"name":"Ljutomer","iso":"SVN"},"geometry":{"type":"Point","coordinates":[16.177,46.522]}},{"type":"Feature","properties":{"name":"Razkrižje","iso":"SVN"},"geometry":{"type":"Point","coordinates":[16.278,46.522]}},{"type":"Feature","properties":{"name":"Ormož","iso":"SVN"},"geometry":{"type":"Point","coordinates":[16.169,46.439]}},{"type":"Feature","properties":{"name":"Varaždinska","iso":"HRV"},"geometry":{"type":"Point","coordinates":[16.282,46.225]}},{"type":"Feature","properties":{"name":"Zavrc","iso":"SVN"},"geometry":{"type":"Point","coordinates":[16.053,46.354]}},{"type":"Feature","properties":{"name":"Gorišnica","iso":"SVN"},"geometry":{"type":"Point","coordinates":[16.012,46.36]}},{"type":"Feature","properties":{"name":"Videm","iso":"SVN"},"geometry":{"type":"Point","coordinates":[15.9,46.332]}},{"type":"Feature","properties":{"name":"Podlehnik","iso":"SVN"},"geometry":{"type":"Point","coordinates":[15.89,46.311]}},{"type":"Feature","properties":{"name":"Žetale","iso":"SVN"},"geometry":{"type":"Point","coordinates":[15.829,46.271]}},{"type":"Feature","properties":{"name":"Krapinsko-Zagorska","iso":"HRV"},"geometry":{"type":"Point","coordinates":[16.026,46.093]}},{"type":"Feature","properties":{"name":"Rogatec","iso":"SVN"},"geometry":{"type":"Point","coordinates":[15.736,46.24]}},{"type":"Feature","properties":{"name":"Rogaška Slatina","iso":"SVN"},"geometry":{"type":"Point","coordinates":[15.648,46.241]}},{"type":"Feature","properties":{"name":"Bistrica ob Sotli","iso":"SVN"},"geometry":{"type":"Point","coordinates":[15.593,46.13]}},{"type":"Feature","properties":{"name":"Podcetrtek","iso":"SVN"},"geometry":{"type":"Point","coordinates":[15.648,46.051]}},{"type":"Feature","properties":{"name":"Brežice","iso":"SVN"},"geometry":{"type":"Point","coordinates":[15.611,45.924]}},{"type":"Feature","properties":{"name":"Zagrebacka","iso":"HRV"},"geometry":{"type":"Point","coordinates":[16.033,45.779]}},{"type":"Feature","properties":{"name":"Krško","iso":"SVN"},"geometry":{"type":"Point","coordinates":[15.476,45.913]}},{"type":"Feature","properties":{"name":"Šentjernej","iso":"SVN"},"geometry":{"type":"Point","coordinates":[15.351,45.823]}},{"type":"Feature","properties":{"name":"Novo Mesto","iso":"SVN"},"geometry":{"type":"Point","coordinates":[15.192,45.797]}},{"type":"Feature","properties":{"name":"Metlika","iso":"SVN"},"geometry":{"type":"Point","coordinates":[15.277,45.642]}},{"type":"Feature","properties":{"name":"Crnomelj","iso":"SVN"},"geometry":{"type":"Point","coordinates":[15.174,45.544]}},{"type":"Feature","properties":{"name":"Primorsko-Goranska","iso":"HRV"},"geometry":{"type":"Point","coordinates":[14.596,45.067]}},{"type":"Feature","properties":{"name":"Kocevje","iso":"SVN"},"geometry":{"type":"Point","coordinates":[14.941,45.587]}},{"type":"Feature","properties":{"name":"Kostel","iso":"SVN"},"geometry":{"type":"Point","coordinates":[14.82,45.524]}},{"type":"Feature","properties":{"name":"Loški Potok","iso":"SVN"},"geometry":{"type":"Point","coordinates":[14.641,45.66]}},{"type":"Feature","properties":{"name":"Loška dolina","iso":"SVN"},"geometry":{"type":"Point","coordinates":[14.485,45.64]}},{"type":"Feature","properties":{"name":"Ilirska Bistrica","iso":"SVN"},"geometry":{"type":"Point","coordinates":[14.269,45.574]}},{"type":"Feature","properties":{"name":"Jerusalem","iso":"ISR"},"geometry":{"type":"Point","coordinates":[35.07,31.778]}},{"type":"Feature","properties":{"name":"Azad Kashmir","iso":"PAK"},"geometry":{"type":"Point","coordinates":[73.919,34.209]}},{"type":"Feature","properties":{"name":"Orense","iso":"ESP"},"geometry":{"type":"Point","coordinates":[-7.513,42.15]}},{"type":"Feature","properties":{"name":"Viana do Castelo","iso":"PRT"},"geometry":{"type":"Point","coordinates":[-8.501,41.846]}},{"type":"Feature","properties":{"name":"Cáceres","iso":"ESP"},"geometry":{"type":"Point","coordinates":[-6.162,39.794]}},{"type":"Feature","properties":{"name":"Castelo Branco","iso":"PRT"},"geometry":{"type":"Point","coordinates":[-7.603,39.971]}},{"type":"Feature","properties":{"name":"Guarda","iso":"PRT"},"geometry":{"type":"Point","coordinates":[-7.291,40.618]}},{"type":"Feature","properties":{"name":"Salamanca","iso":"ESP"},"geometry":{"type":"Point","coordinates":[-6.114,40.696]}},{"type":"Feature","properties":{"name":"Bragança","iso":"PRT"},"geometry":{"type":"Point","coordinates":[-6.92,41.506]}},{"type":"Feature","properties":{"name":"Zamora","iso":"ESP"},"geometry":{"type":"Point","coordinates":[-6.097,41.709]}},{"type":"Feature","properties":{"name":"Vila Real","iso":"PRT"},"geometry":{"type":"Point","coordinates":[-7.677,41.585]}},{"type":"Feature","properties":{"name":"Braga","iso":"PRT"},"geometry":{"type":"Point","coordinates":[-8.294,41.545]}},{"type":"Feature","properties":{"name":"Pontevedra","iso":"ESP"},"geometry":{"type":"Point","coordinates":[-8.552,42.419]}},{"type":"Feature","properties":{"name":"Huelva","iso":"ESP"},"geometry":{"type":"Point","coordinates":[-6.789,37.627]}},{"type":"Feature","properties":{"name":"Faro","iso":"PRT"},"geometry":{"type":"Point","coordinates":[-8.165,37.253]}},{"type":"Feature","properties":{"name":"Beja","iso":"PRT"},"geometry":{"type":"Point","coordinates":[-7.969,37.866]}},{"type":"Feature","properties":{"name":"Flintshire","iso":"GBR"},"geometry":{"type":"Point","coordinates":[-3.16,53.22]}},{"type":"Feature","properties":{"name":"Cheshire West and Chester","iso":"GBR"},"geometry":{"type":"Point","coordinates":[-2.803,53.184]}},{"type":"Feature","properties":{"name":"Wrexham","iso":"GBR"},"geometry":{"type":"Point","coordinates":[-3.021,52.938]}},{"type":"Feature","properties":{"name":"Shropshire","iso":"GBR"},"geometry":{"type":"Point","coordinates":[-2.808,52.663]}},{"type":"Feature","properties":{"name":"Powys","iso":"GBR"},"geometry":{"type":"Point","coordinates":[-3.28,52.34]}},{"type":"Feature","properties":{"name":"Herefordshire","iso":"GBR"},"geometry":{"type":"Point","coordinates":[-2.802,52.108]}},{"type":"Feature","properties":{"name":"Monmouthshire","iso":"GBR"},"geometry":{"type":"Point","coordinates":[-2.855,51.777]}},{"type":"Feature","properties":{"name":"Gloucestershire","iso":"GBR"},"geometry":{"type":"Point","coordinates":[-2.218,51.812]}},{"type":"Feature","properties":{"name":"Scottish Borders","iso":"GBR"},"geometry":{"type":"Point","coordinates":[-2.709,55.553]}},{"type":"Feature","properties":{"name":"Northumberland","iso":"GBR"},"geometry":{"type":"Point","coordinates":[-2.071,55.308]}},{"type":"Feature","properties":{"name":"Cumbria","iso":"GBR"},"geometry":{"type":"Point","coordinates":[-2.905,54.586]}},{"type":"Feature","properties":{"name":"Dumfries and Galloway","iso":"GBR"},"geometry":{"type":"Point","coordinates":[-4.095,55.009]}},{"type":"Feature","properties":{"name":"Brussels","iso":"BEL"},"geometry":{"type":"Point","coordinates":[4.373,50.839]}},{"type":"Feature","properties":{"name":"Flemish Brabant","iso":"BEL"},"geometry":{"type":"Point","coordinates":[4.562,50.854]}},{"type":"Feature","properties":{"name":"Walloon Brabant","iso":"BEL"},"geometry":{"type":"Point","coordinates":[4.525,50.676]}},{"type":"Feature","properties":{"name":"Central Bosnia","iso":"BIH"},"geometry":{"type":"Point","coordinates":[17.688,44.043]}},{"type":"Feature","properties":{"name":"Zenica-Doboj","iso":"BIH"},"geometry":{"type":"Point","coordinates":[18.196,44.227]}},{"type":"Feature","properties":{"name":"Tuzla","iso":"BIH"},"geometry":{"type":"Point","coordinates":[18.577,44.555]}},{"type":"Feature","properties":{"name":"Sarajevo-romanija","iso":"BIH"},"geometry":{"type":"Point","coordinates":[18.669,43.813]}},{"type":"Feature","properties":{"name":"Sarajevo","iso":"BIH"},"geometry":{"type":"Point","coordinates":[18.322,43.811]}},{"type":"Feature","properties":{"name":"Bosnian Podrinje","iso":"BIH"},"geometry":{"type":"Point","coordinates":[18.793,43.672]}},{"type":"Feature","properties":{"name":"Grad Beograd","iso":"SRB"},"geometry":{"type":"Point","coordinates":[20.4,44.549]}},{"type":"Feature","properties":{"name":"Podunavski","iso":"SRB"},"geometry":{"type":"Point","coordinates":[20.92,44.397]}},{"type":"Feature","properties":{"name":"Guria","iso":"GEO"},"geometry":{"type":"Point","coordinates":[42.215,41.932]}},{"type":"Feature","properties":{"name":"Sala ad-Din","iso":"IRQ"},"geometry":{"type":"Point","coordinates":[43.888,34.781]}},{"type":"Feature","properties":{"name":"At-Ta'mim","iso":"IRQ"},"geometry":{"type":"Point","coordinates":[44.125,35.402]}},{"type":"Feature","properties":{"name":"Antarctica","iso":"ATA"},"geometry":{"type":"Point","coordinates":[-8.135,-72.92]}},{"type":"Feature","properties":{"name":"Auckland Islands","iso":"NZL"},"geometry":{"type":"Point","coordinates":[166.127,-50.741]}},{"type":"Feature","properties":{"name":"Buenos Aires","iso":"ARG"},"geometry":{"type":"Point","coordinates":[-60.531,-37.404]}},{"type":"Feature","properties":{"name":"Maranhão","iso":"BRA"},"geometry":{"type":"Point","coordinates":[-45.076,-4.123]}},{"type":"Feature","properties":{"name":"Piauí","iso":"BRA"},"geometry":{"type":"Point","coordinates":[-42.942,-7.419]}},{"type":"Feature","properties":{"name":"Ceará","iso":"BRA"},"geometry":{"type":"Point","coordinates":[-39.568,-5.401]}},{"type":"Feature","properties":{"name":"Rio Grande do Norte","iso":"BRA"},"geometry":{"type":"Point","coordinates":[-36.505,-5.888]}},{"type":"Feature","properties":{"name":"Paraíba","iso":"BRA"},"geometry":{"type":"Point","coordinates":[-36.992,-7.288]}},{"type":"Feature","properties":{"name":"Pernambuco","iso":"BRA"},"geometry":{"type":"Point","coordinates":[-37.928,-8.196]}},{"type":"Feature","properties":{"name":"Alagoas","iso":"BRA"},"geometry":{"type":"Point","coordinates":[-36.639,-9.469]}},{"type":"Feature","properties":{"name":"Sergipe","iso":"BRA"},"geometry":{"type":"Point","coordinates":[-37.484,-10.72]}},{"type":"Feature","properties":{"name":"Bahia","iso":"BRA"},"geometry":{"type":"Point","coordinates":[-41.603,-12.572]}},{"type":"Feature","properties":{"name":"Espírito Santo","iso":"BRA"},"geometry":{"type":"Point","coordinates":[-40.666,-19.592]}},{"type":"Feature","properties":{"name":"Rio de Janeiro","iso":"BRA"},"geometry":{"type":"Point","coordinates":[-43.333,-22.379]}},{"type":"Feature","properties":{"name":"São Paulo","iso":"BRA"},"geometry":{"type":"Point","coordinates":[-47.635,-22.825]}},{"type":"Feature","properties":{"name":"Maldonado","iso":"URY"},"geometry":{"type":"Point","coordinates":[-54.808,-34.503]}},{"type":"Feature","properties":{"name":"Canelones","iso":"URY"},"geometry":{"type":"Point","coordinates":[-56.01,-34.607]}},{"type":"Feature","properties":{"name":"Montevideo","iso":"URY"},"geometry":{"type":"Point","coordinates":[-56.197,-34.801]}},{"type":"Feature","properties":{"name":"San José","iso":"URY"},"geometry":{"type":"Point","coordinates":[-56.713,-34.367]}},{"type":"Feature","properties":{"name":"Colonia","iso":"URY"},"geometry":{"type":"Point","coordinates":[-57.607,-34.126]}},{"type":"Feature","properties":{"name":"Soriano","iso":"URY"},"geometry":{"type":"Point","coordinates":[-57.662,-33.463]}},{"type":"Feature","properties":{"name":"Río Negro","iso":"URY"},"geometry":{"type":"Point","coordinates":[-57.526,-32.846]}},{"type":"Feature","properties":{"name":"Ciudad de Buenos Aires","iso":"ARG"},"geometry":{"type":"Point","coordinates":[-58.418,-34.623]}},{"type":"Feature","properties":{"name":"Nord","iso":"NCL"},"geometry":{"type":"Point","coordinates":[164.928,-20.883]}},{"type":"Feature","properties":{"name":"Western Australia","iso":"AUS"},"geometry":{"type":"Point","coordinates":[121.442,-21.21]}},{"type":"Feature","properties":{"name":"Northern Territory","iso":"AUS"},"geometry":{"type":"Point","coordinates":[133.869,-13.173]}},{"type":"Feature","properties":{"name":"Boeny","iso":"MDG"},"geometry":{"type":"Point","coordinates":[46.116,-15.905]}},{"type":"Feature","properties":{"name":"Sofia","iso":"MDG"},"geometry":{"type":"Point","coordinates":[48.484,-15.164]}},{"type":"Feature","properties":{"name":"Diana","iso":"MDG"},"geometry":{"type":"Point","coordinates":[48.721,-13.162]}},{"type":"Feature","properties":{"name":"Sava","iso":"MDG"},"geometry":{"type":"Point","coordinates":[49.879,-14.387]}},{"type":"Feature","properties":{"name":"Analanjirofo","iso":"MDG"},"geometry":{"type":"Point","coordinates":[49.502,-15.819]}},{"type":"Feature","properties":{"name":"Atsinanana","iso":"MDG"},"geometry":{"type":"Point","coordinates":[48.339,-19.771]}},{"type":"Feature","properties":{"name":"Vatovavy-Fitovinany","iso":"MDG"},"geometry":{"type":"Point","coordinates":[48.052,-20.752]}},{"type":"Feature","properties":{"name":"Atsimo-Atsinanana","iso":"MDG"},"geometry":{"type":"Point","coordinates":[47.076,-23.737]}},{"type":"Feature","properties":{"name":"Anosy","iso":"MDG"},"geometry":{"type":"Point","coordinates":[46.606,-23.975]}},{"type":"Feature","properties":{"name":"Androy","iso":"MDG"},"geometry":{"type":"Point","coordinates":[45.412,-25.004]}},{"type":"Feature","properties":{"name":"Atsimo-Andrefana","iso":"MDG"},"geometry":{"type":"Point","coordinates":[44.623,-22.504]}},{"type":"Feature","properties":{"name":"Menabe","iso":"MDG"},"geometry":{"type":"Point","coordinates":[45.071,-19.72]}},{"type":"Feature","properties":{"name":"Melaky","iso":"MDG"},"geometry":{"type":"Point","coordinates":[44.925,-18.157]}},{"type":"Feature","properties":{"name":"South Australia","iso":"AUS"},"geometry":{"type":"Point","coordinates":[136.572,-34.001]}},{"type":"Feature","properties":{"name":"Queensland","iso":"AUS"},"geometry":{"type":"Point","coordinates":[147.105,-19.951]}},{"type":"Feature","properties":{"name":"New South Wales","iso":"AUS"},"geometry":{"type":"Point","coordinates":[149.118,-33.003]}},{"type":"Feature","properties":{"name":"Jervis Bay Territory","iso":"AUS"},"geometry":{"type":"Point","coordinates":[150.718,-35.159]}},{"type":"Feature","properties":{"name":"Victoria","iso":"AUS"},"geometry":{"type":"Point","coordinates":[144.983,-37.128]}},{"type":"Feature","properties":{"name":"Cuanza Sul","iso":"AGO"},"geometry":{"type":"Point","coordinates":[15.061,-10.621]}},{"type":"Feature","properties":{"name":"Benguela","iso":"AGO"},"geometry":{"type":"Point","coordinates":[13.731,-12.917]}},{"type":"Feature","properties":{"name":"Erongo","iso":"NAM"},"geometry":{"type":"Point","coordinates":[15.284,-21.975]}},{"type":"Feature","properties":{"name":"Western Cape","iso":"ZAF"},"geometry":{"type":"Point","coordinates":[20.991,-33.607]}},{"type":"Feature","properties":{"name":"Maputo","iso":"MOZ"},"geometry":{"type":"Point","coordinates":[32.591,-25.935]}},{"type":"Feature","properties":{"name":"Inhambane","iso":"MOZ"},"geometry":{"type":"Point","coordinates":[34.454,-22.793]}},{"type":"Feature","properties":{"name":"Sofala","iso":"MOZ"},"geometry":{"type":"Point","coordinates":[34.584,-19.345]}},{"type":"Feature","properties":{"name":"Nampula","iso":"MOZ"},"geometry":{"type":"Point","coordinates":[39.254,-15.149]}},{"type":"Feature","properties":{"name":"Lindi","iso":"TZA"},"geometry":{"type":"Point","coordinates":[38.938,-9.306]}},{"type":"Feature","properties":{"name":"Pwani","iso":"TZA"},"geometry":{"type":"Point","coordinates":[38.969,-7.231]}},{"type":"Feature","properties":{"name":"Dar-Es-Salaam","iso":"TZA"},"geometry":{"type":"Point","coordinates":[39.274,-6.898]}},{"type":"Feature","properties":{"name":"Jawa Timur","iso":"IDN"},"geometry":{"type":"Point","coordinates":[113.217,-7.589]}},{"type":"Feature","properties":{"name":"Maluku","iso":"IDN"},"geometry":{"type":"Point","coordinates":[130.68,-5.764]}},{"type":"Feature","properties":{"name":"Nusa Tenggara Barat","iso":"IDN"},"geometry":{"type":"Point","coordinates":[117.655,-8.61]}},{"type":"Feature","properties":{"name":"Sulawesi Selatan","iso":"IDN"},"geometry":{"type":"Point","coordinates":[120.285,-4.321]}},{"type":"Feature","properties":{"name":"Jawa Tengah","iso":"IDN"},"geometry":{"type":"Point","coordinates":[110.164,-7.303]}},{"type":"Feature","properties":{"name":"Jawa Barat","iso":"IDN"},"geometry":{"type":"Point","coordinates":[107.637,-6.834]}},{"type":"Feature","properties":{"name":"Jakarta Raya","iso":"IDN"},"geometry":{"type":"Point","coordinates":[106.832,-6.227]}},{"type":"Feature","properties":{"name":"Banten","iso":"IDN"},"geometry":{"type":"Point","coordinates":[105.895,-6.572]}},{"type":"Feature","properties":{"name":"Yogyakarta","iso":"IDN"},"geometry":{"type":"Point","coordinates":[110.472,-7.912]}},{"type":"Feature","properties":{"name":"Sulawesi Tenggara","iso":"IDN"},"geometry":{"type":"Point","coordinates":[122.493,-4.55]}},{"type":"Feature","properties":{"name":"Papua Barat","iso":"IDN"},"geometry":{"type":"Point","coordinates":[132.375,-1.918]}},{"type":"Feature","properties":{"name":"Guayas","iso":"ECU"},"geometry":{"type":"Point","coordinates":[-79.898,-2.06]}},{"type":"Feature","properties":{"name":"Sulawesi Tengah","iso":"IDN"},"geometry":{"type":"Point","coordinates":[121.786,-0.821]}},{"type":"Feature","properties":{"name":"Maluku Utara","iso":"IDN"},"geometry":{"type":"Point","coordinates":[127.364,-0.128]}},{"type":"Feature","properties":{"name":"Galápagos","iso":"ECU"},"geometry":{"type":"Point","coordinates":[-90.747,-0.418]}},{"type":"Feature","properties":{"name":"East Sepik","iso":"PNG"},"geometry":{"type":"Point","coordinates":[143.363,-3.802]}},{"type":"Feature","properties":{"name":"Madang","iso":"PNG"},"geometry":{"type":"Point","coordinates":[145.623,-5.092]}},{"type":"Feature","properties":{"name":"Morobe","iso":"PNG"},"geometry":{"type":"Point","coordinates":[147.281,-6.639]}},{"type":"Feature","properties":{"name":"Northern","iso":"PNG"},"geometry":{"type":"Point","coordinates":[148.587,-9.17]}},{"type":"Feature","properties":{"name":"Milne Bay","iso":"PNG"},"geometry":{"type":"Point","coordinates":[151.454,-10.234]}},{"type":"Feature","properties":{"name":"Central","iso":"PNG"},"geometry":{"type":"Point","coordinates":[147.941,-9.552]}},{"type":"Feature","properties":{"name":"National Capital District","iso":"PNG"},"geometry":{"type":"Point","coordinates":[147.167,-9.455]}},{"type":"Feature","properties":{"name":"Gulf","iso":"PNG"},"geometry":{"type":"Point","coordinates":[144.902,-7.691]}},{"type":"Feature","properties":{"name":"Kepulauan Riau","iso":"IDN"},"geometry":{"type":"Point","coordinates":[105.285,1.452]}},{"type":"Feature","properties":{"name":"Riau","iso":"IDN"},"geometry":{"type":"Point","coordinates":[102.223,0.609]}},{"type":"Feature","properties":{"name":"Gorontalo","iso":"IDN"},"geometry":{"type":"Point","coordinates":[122.28,0.672]}},{"type":"Feature","properties":{"name":"Sulawesi Utara","iso":"IDN"},"geometry":{"type":"Point","coordinates":[125.095,2.123]}},{"type":"Feature","properties":{"name":"Sulawesi Barat","iso":"IDN"},"geometry":{"type":"Point","coordinates":[119.342,-2.431]}},{"type":"Feature","properties":{"name":"Cauca","iso":"COL"},"geometry":{"type":"Point","coordinates":[-77.137,2.49]}},{"type":"Feature","properties":{"name":"Moquegua","iso":"PER"},"geometry":{"type":"Point","coordinates":[-70.819,-16.867]}},{"type":"Feature","properties":{"name":"Arequipa","iso":"PER"},"geometry":{"type":"Point","coordinates":[-72.545,-15.652]}},{"type":"Feature","properties":{"name":"Ica","iso":"PER"},"geometry":{"type":"Point","coordinates":[-75.673,-14.157]}},{"type":"Feature","properties":{"name":"Lima","iso":"PER"},"geometry":{"type":"Point","coordinates":[-76.872,-11.614]}},{"type":"Feature","properties":{"name":"Lima Province","iso":"PER"},"geometry":{"type":"Point","coordinates":[-76.899,-11.969]}},{"type":"Feature","properties":{"name":"Callao","iso":"PER"},"geometry":{"type":"Point","coordinates":[-77.175,-12.065]}},{"type":"Feature","properties":{"name":"Áncash","iso":"PER"},"geometry":{"type":"Point","coordinates":[-77.843,-9.523]}},{"type":"Feature","properties":{"name":"La Libertad","iso":"PER"},"geometry":{"type":"Point","coordinates":[-78.244,-7.85]}},{"type":"Feature","properties":{"name":"Lambayeque","iso":"PER"},"geometry":{"type":"Point","coordinates":[-79.581,-6.283]}},{"type":"Feature","properties":{"name":"Santa Elena","iso":"ECU"},"geometry":{"type":"Point","coordinates":[-80.701,-2.022]}},{"type":"Feature","properties":{"name":"Manabi","iso":"ECU"},"geometry":{"type":"Point","coordinates":[-80.093,-0.634]}},{"type":"Feature","properties":{"name":"Valle del Cauca","iso":"COL"},"geometry":{"type":"Point","coordinates":[-76.797,3.863]}},{"type":"Feature","properties":{"name":"Panama","iso":"PAN"},"geometry":{"type":"Point","coordinates":[-79.066,8.875]}},{"type":"Feature","properties":{"name":"Coclé","iso":"PAN"},"geometry":{"type":"Point","coordinates":[-80.432,8.567]}},{"type":"Feature","properties":{"name":"Sulu","iso":"PHL"},"geometry":{"type":"Point","coordinates":[121.056,5.935]}},{"type":"Feature","properties":{"name":"Jambi","iso":"IDN"},"geometry":{"type":"Point","coordinates":[102.763,-1.702]}},{"type":"Feature","properties":{"name":"Sumatera Selatan","iso":"IDN"},"geometry":{"type":"Point","coordinates":[104.141,-3.203]}},{"type":"Feature","properties":{"name":"Lampung","iso":"IDN"},"geometry":{"type":"Point","coordinates":[104.899,-4.889]}},{"type":"Feature","properties":{"name":"Bengkulu","iso":"IDN"},"geometry":{"type":"Point","coordinates":[102.58,-3.797]}},{"type":"Feature","properties":{"name":"Sumatera Barat","iso":"IDN"},"geometry":{"type":"Point","coordinates":[100.097,-1.277]}},{"type":"Feature","properties":{"name":"Sumatera Utara","iso":"IDN"},"geometry":{"type":"Point","coordinates":[98.746,1.696]}},{"type":"Feature","properties":{"name":"Aceh","iso":"IDN"},"geometry":{"type":"Point","coordinates":[96.646,3.826]}},{"type":"Feature","properties":{"name":"Demerara-Mahaica","iso":"GUY"},"geometry":{"type":"Point","coordinates":[-58.442,6.577]}},{"type":"Feature","properties":{"name":"Kalimantan Tengah","iso":"IDN"},"geometry":{"type":"Point","coordinates":[113.429,-1.488]}},{"type":"Feature","properties":{"name":"Kalimantan Selatan","iso":"IDN"},"geometry":{"type":"Point","coordinates":[115.815,-3.013]}},{"type":"Feature","properties":{"name":"Davao del Norte","iso":"PHL"},"geometry":{"type":"Point","coordinates":[125.674,7.428]}},{"type":"Feature","properties":{"name":"Veraguas","iso":"PAN"},"geometry":{"type":"Point","coordinates":[-81.249,7.816]}},{"type":"Feature","properties":{"name":"Zamboanga Sibugay","iso":"PHL"},"geometry":{"type":"Point","coordinates":[122.777,7.564]}},{"type":"Feature","properties":{"name":"Palawan","iso":"PHL"},"geometry":{"type":"Point","coordinates":[119.135,10.349]}},{"type":"Feature","properties":{"name":"Sóc Trăng","iso":"VNM"},"geometry":{"type":"Point","coordinates":[106.207,9.311]}},{"type":"Feature","properties":{"name":"Surigao del Norte","iso":"PHL"},"geometry":{"type":"Point","coordinates":[125.751,9.895]}},{"type":"Feature","properties":{"name":"Surigao del Sur","iso":"PHL"},"geometry":{"type":"Point","coordinates":[126.161,8.747]}},{"type":"Feature","properties":{"name":"Agusan del Norte","iso":"PHL"},"geometry":{"type":"Point","coordinates":[125.494,9.097]}},{"type":"Feature","properties":{"name":"Butuan","iso":"PHL"},"geometry":{"type":"Point","coordinates":[125.568,8.92]}},{"type":"Feature","properties":{"name":"Misamis Oriental","iso":"PHL"},"geometry":{"type":"Point","coordinates":[124.782,8.708]}},{"type":"Feature","properties":{"name":"Cagayan de Oro","iso":"PHL"},"geometry":{"type":"Point","coordinates":[124.653,8.437]}},{"type":"Feature","properties":{"name":"Iligan","iso":"PHL"},"geometry":{"type":"Point","coordinates":[124.411,8.231]}},{"type":"Feature","properties":{"name":"Lanao del Norte","iso":"PHL"},"geometry":{"type":"Point","coordinates":[123.969,7.95]}},{"type":"Feature","properties":{"name":"Zamboanga del Sur","iso":"PHL"},"geometry":{"type":"Point","coordinates":[123.35,7.765]}},{"type":"Feature","properties":{"name":"Misamis Occidental","iso":"PHL"},"geometry":{"type":"Point","coordinates":[123.686,8.392]}},{"type":"Feature","properties":{"name":"Zamboanga del Norte","iso":"PHL"},"geometry":{"type":"Point","coordinates":[122.74,8.02]}},{"type":"Feature","properties":{"name":"Zamboanga","iso":"PHL"},"geometry":{"type":"Point","coordinates":[122.183,7.202]}},{"type":"Feature","properties":{"name":"Lanao del Sur","iso":"PHL"},"geometry":{"type":"Point","coordinates":[124.383,7.834]}},{"type":"Feature","properties":{"name":"Maguindanao","iso":"PHL"},"geometry":{"type":"Point","coordinates":[124.466,7.026]}},{"type":"Feature","properties":{"name":"Cotabato","iso":"PHL"},"geometry":{"type":"Point","coordinates":[124.232,7.251]}},{"type":"Feature","properties":{"name":"Sultan Kudarat","iso":"PHL"},"geometry":{"type":"Point","coordinates":[124.544,6.553]}},{"type":"Feature","properties":{"name":"Sarangani","iso":"PHL"},"geometry":{"type":"Point","coordinates":[125.149,6.039]}},{"type":"Feature","properties":{"name":"General Santos","iso":"PHL"},"geometry":{"type":"Point","coordinates":[125.172,6.122]}},{"type":"Feature","properties":{"name":"Davao del Sur","iso":"PHL"},"geometry":{"type":"Point","coordinates":[125.415,6.188]}},{"type":"Feature","properties":{"name":"Davao","iso":"PHL"},"geometry":{"type":"Point","coordinates":[125.415,7.253]}},{"type":"Feature","properties":{"name":"Compostela Valley","iso":"PHL"},"geometry":{"type":"Point","coordinates":[125.941,7.492]}},{"type":"Feature","properties":{"name":"Davao Oriental","iso":"PHL"},"geometry":{"type":"Point","coordinates":[126.309,7.131]}},{"type":"Feature","properties":{"name":"Trikuṇāmalaya","iso":"LKA"},"geometry":{"type":"Point","coordinates":[81.128,8.561]}},{"type":"Feature","properties":{"name":"Mulativ","iso":"LKA"},"geometry":{"type":"Point","coordinates":[80.639,9.161]}},{"type":"Feature","properties":{"name":"Yāpanaya","iso":"LKA"},"geometry":{"type":"Point","coordinates":[80.084,9.661]}},{"type":"Feature","properties":{"name":"Kilinŏchchi","iso":"LKA"},"geometry":{"type":"Point","coordinates":[80.291,9.443]}},{"type":"Feature","properties":{"name":"Mannārama","iso":"LKA"},"geometry":{"type":"Point","coordinates":[80.02,8.925]}},{"type":"Feature","properties":{"name":"Puttalama","iso":"LKA"},"geometry":{"type":"Point","coordinates":[79.891,8.027]}},{"type":"Feature","properties":{"name":"Gampaha","iso":"LKA"},"geometry":{"type":"Point","coordinates":[79.983,7.127]}},{"type":"Feature","properties":{"name":"Kŏḷamba","iso":"LKA"},"geometry":{"type":"Point","coordinates":[80.037,6.865]}},{"type":"Feature","properties":{"name":"Kaḷutara","iso":"LKA"},"geometry":{"type":"Point","coordinates":[80.098,6.572]}},{"type":"Feature","properties":{"name":"Gālla","iso":"LKA"},"geometry":{"type":"Point","coordinates":[80.274,6.201]}},{"type":"Feature","properties":{"name":"Mātara","iso":"LKA"},"geometry":{"type":"Point","coordinates":[80.546,6.135]}},{"type":"Feature","properties":{"name":"Hambantŏṭa","iso":"LKA"},"geometry":{"type":"Point","coordinates":[81.085,6.278]}},{"type":"Feature","properties":{"name":"Ampāra","iso":"LKA"},"geometry":{"type":"Point","coordinates":[81.481,7.336]}},{"type":"Feature","properties":{"name":"Maḍakalapuva","iso":"LKA"},"geometry":{"type":"Point","coordinates":[81.59,7.798]}},{"type":"Feature","properties":{"name":"Southern Leyte","iso":"PHL"},"geometry":{"type":"Point","coordinates":[125.092,10.251]}},{"type":"Feature","properties":{"name":"Tiền Giang","iso":"VNM"},"geometry":{"type":"Point","coordinates":[106.405,10.385]}},{"type":"Feature","properties":{"name":"Bà Rịa - Vũng Tàu","iso":"VNM"},"geometry":{"type":"Point","coordinates":[107.178,10.543]}},{"type":"Feature","properties":{"name":"Krong Preah Sihanouk","iso":"KHM"},"geometry":{"type":"Point","coordinates":[103.754,10.646]}},{"type":"Feature","properties":{"name":"Hồ Chí Minh city","iso":"VNM"},"geometry":{"type":"Point","coordinates":[106.809,10.643]}},{"type":"Feature","properties":{"name":"Leyte","iso":"PHL"},"geometry":{"type":"Point","coordinates":[124.655,10.935]}},{"type":"Feature","properties":{"name":"Eastern Samar","iso":"PHL"},"geometry":{"type":"Point","coordinates":[125.501,11.539]}},{"type":"Feature","properties":{"name":"Biliran","iso":"PHL"},"geometry":{"type":"Point","coordinates":[124.492,11.577]}},{"type":"Feature","properties":{"name":"Samar","iso":"PHL"},"geometry":{"type":"Point","coordinates":[124.838,11.791]}},{"type":"Feature","properties":{"name":"Khánh Hòa","iso":"VNM"},"geometry":{"type":"Point","coordinates":[109.201,12.372]}},{"type":"Feature","properties":{"name":"Curaçao","iso":"CUW"},"geometry":{"type":"Point","coordinates":[-68.989,12.212]}},{"type":"Feature","properties":{"name":"Colón","iso":"PAN"},"geometry":{"type":"Point","coordinates":[-79.901,9.22]}},{"type":"Feature","properties":{"name":"Antioquia","iso":"COL"},"geometry":{"type":"Point","coordinates":[-75.909,7.007]}},{"type":"Feature","properties":{"name":"Córdoba","iso":"COL"},"geometry":{"type":"Point","coordinates":[-75.681,8.662]}},{"type":"Feature","properties":{"name":"Sucre","iso":"COL"},"geometry":{"type":"Point","coordinates":[-75.178,9.225]}},{"type":"Feature","properties":{"name":"Bolívar","iso":"COL"},"geometry":{"type":"Point","coordinates":[-74.836,9.365]}},{"type":"Feature","properties":{"name":"Atlántico","iso":"COL"},"geometry":{"type":"Point","coordinates":[-75.051,10.713]}},{"type":"Feature","properties":{"name":"Magdalena","iso":"COL"},"geometry":{"type":"Point","coordinates":[-74.235,10.311]}},{"type":"Feature","properties":{"name":"Mérida","iso":"VEN"},"geometry":{"type":"Point","coordinates":[-71.244,8.604]}},{"type":"Feature","properties":{"name":"Trujillo","iso":"VEN"},"geometry":{"type":"Point","coordinates":[-70.512,9.482]}},{"type":"Feature","properties":{"name":"Falcón","iso":"VEN"},"geometry":{"type":"Point","coordinates":[-69.856,11.122]}},{"type":"Feature","properties":{"name":"Yaracuy","iso":"VEN"},"geometry":{"type":"Point","coordinates":[-68.813,10.198]}},{"type":"Feature","properties":{"name":"Carabobo","iso":"VEN"},"geometry":{"type":"Point","coordinates":[-67.927,10.113]}},{"type":"Feature","properties":{"name":"Aragua","iso":"VEN"},"geometry":{"type":"Point","coordinates":[-67.18,10.051]}},{"type":"Feature","properties":{"name":"Vargas","iso":"VEN"},"geometry":{"type":"Point","coordinates":[-66.956,10.519]}},{"type":"Feature","properties":{"name":"Miranda","iso":"VEN"},"geometry":{"type":"Point","coordinates":[-66.423,10.251]}},{"type":"Feature","properties":{"name":"Anzoátegui","iso":"VEN"},"geometry":{"type":"Point","coordinates":[-64.438,9.093]}},{"type":"Feature","properties":{"name":"Sucre","iso":"VEN"},"geometry":{"type":"Point","coordinates":[-63.33,10.398]}},{"type":"Feature","properties":{"name":"Monagas","iso":"VEN"},"geometry":{"type":"Point","coordinates":[-62.996,9.529]}},{"type":"Feature","properties":{"name":"Cuyuni-Mazaruni","iso":"GUY"},"geometry":{"type":"Point","coordinates":[-58.872,7.103]}},{"type":"Feature","properties":{"name":"Upper Takutu-Upper Essequibo","iso":"GUY"},"geometry":{"type":"Point","coordinates":[-58.308,5.686]}},{"type":"Feature","properties":{"name":"East Berbice-Corentyne","iso":"GUY"},"geometry":{"type":"Point","coordinates":[-58.12,6.456]}},{"type":"Feature","properties":{"name":"Essequibo Islands-West Demerara","iso":"GUY"},"geometry":{"type":"Point","coordinates":[-57.805,6.236]}},{"type":"Feature","properties":{"name":"Coronie","iso":"SUR"},"geometry":{"type":"Point","coordinates":[-56.304,5.559]}},{"type":"Feature","properties":{"name":"Saramacca","iso":"SUR"},"geometry":{"type":"Point","coordinates":[-55.645,5.647]}},{"type":"Feature","properties":{"name":"Wanica","iso":"SUR"},"geometry":{"type":"Point","coordinates":[-55.199,5.773]}},{"type":"Feature","properties":{"name":"Paramaribo","iso":"SUR"},"geometry":{"type":"Point","coordinates":[-55.178,5.853]}},{"type":"Feature","properties":{"name":"Commewijne","iso":"SUR"},"geometry":{"type":"Point","coordinates":[-54.973,5.798]}},{"type":"Feature","properties":{"name":"Aruba","iso":"ABW"},"geometry":{"type":"Point","coordinates":[-69.984,12.521]}},{"type":"Feature","properties":{"name":"Andhra Pradesh","iso":"IND"},"geometry":{"type":"Point","coordinates":[79.9,15.613]}},{"type":"Feature","properties":{"name":"Sud","iso":"HTI"},"geometry":{"type":"Point","coordinates":[-73.723,18.244]}},{"type":"Feature","properties":{"name":"Ondo","iso":"NGA"},"geometry":{"type":"Point","coordinates":[5.19,6.849]}},{"type":"Feature","properties":{"name":"Delta","iso":"NGA"},"geometry":{"type":"Point","coordinates":[5.747,5.62]}},{"type":"Feature","properties":{"name":"Bayelsa","iso":"NGA"},"geometry":{"type":"Point","coordinates":[6.155,4.697]}},{"type":"Feature","properties":{"name":"Rivers","iso":"NGA"},"geometry":{"type":"Point","coordinates":[6.981,4.717]}},{"type":"Feature","properties":{"name":"Akwa Ibom","iso":"NGA"},"geometry":{"type":"Point","coordinates":[7.82,4.839]}},{"type":"Feature","properties":{"name":"Littoral","iso":"CMR"},"geometry":{"type":"Point","coordinates":[10.043,4.214]}},{"type":"Feature","properties":{"name":"Ogooué-Maritime","iso":"GAB"},"geometry":{"type":"Point","coordinates":[9.53,-1.646]}},{"type":"Feature","properties":{"name":"Pointe Noire","iso":"COG"},"geometry":{"type":"Point","coordinates":[11.852,-4.79]}},{"type":"Feature","properties":{"name":"Bengo","iso":"AGO"},"geometry":{"type":"Point","coordinates":[13.878,-9.047]}},{"type":"Feature","properties":{"name":"Luanda","iso":"AGO"},"geometry":{"type":"Point","coordinates":[13.287,-8.911]}},{"type":"Feature","properties":{"name":"Surt","iso":"LBY"},"geometry":{"type":"Point","coordinates":[17.512,30.139]}},{"type":"Feature","properties":{"name":"Misratah","iso":"LBY"},"geometry":{"type":"Point","coordinates":[15.024,31.173]}},{"type":"Feature","properties":{"name":"Al Marqab","iso":"LBY"},"geometry":{"type":"Point","coordinates":[14.087,32.366]}},{"type":"Feature","properties":{"name":"Tajura' wa an Nawahi al Arba","iso":"LBY"},"geometry":{"type":"Point","coordinates":[13.403,32.709]}},{"type":"Feature","properties":{"name":"Az Zawiyah","iso":"LBY"},"geometry":{"type":"Point","coordinates":[12.658,32.56]}},{"type":"Feature","properties":{"name":"Gabès","iso":"TUN"},"geometry":{"type":"Point","coordinates":[9.729,33.879]}},{"type":"Feature","properties":{"name":"Sfax","iso":"TUN"},"geometry":{"type":"Point","coordinates":[10.434,34.686]}},{"type":"Feature","properties":{"name":"Mahdia","iso":"TUN"},"geometry":{"type":"Point","coordinates":[10.61,35.331]}},{"type":"Feature","properties":{"name":"Monastir","iso":"TUN"},"geometry":{"type":"Point","coordinates":[10.678,35.589]}},{"type":"Feature","properties":{"name":"Sousse","iso":"TUN"},"geometry":{"type":"Point","coordinates":[10.439,35.827]}},{"type":"Feature","properties":{"name":"Nabeul","iso":"TUN"},"geometry":{"type":"Point","coordinates":[10.722,36.719]}},{"type":"Feature","properties":{"name":"Ben Arous (Tunis Sud)","iso":"TUN"},"geometry":{"type":"Point","coordinates":[10.195,36.629]}},{"type":"Feature","properties":{"name":"Tunis","iso":"TUN"},"geometry":{"type":"Point","coordinates":[10.151,36.767]}},{"type":"Feature","properties":{"name":"Manubah","iso":"TUN"},"geometry":{"type":"Point","coordinates":[9.985,36.847]}},{"type":"Feature","properties":{"name":"Bizerte","iso":"TUN"},"geometry":{"type":"Point","coordinates":[9.659,37.07]}},{"type":"Feature","properties":{"name":"Béja","iso":"TUN"},"geometry":{"type":"Point","coordinates":[9.232,36.74]}},{"type":"Feature","properties":{"name":"Annaba","iso":"DZA"},"geometry":{"type":"Point","coordinates":[7.527,36.895]}},{"type":"Feature","properties":{"name":"Skikda","iso":"DZA"},"geometry":{"type":"Point","coordinates":[6.827,36.787]}},{"type":"Feature","properties":{"name":"Jijel","iso":"DZA"},"geometry":{"type":"Point","coordinates":[5.919,36.677]}},{"type":"Feature","properties":{"name":"Béjaïa","iso":"DZA"},"geometry":{"type":"Point","coordinates":[4.914,36.542]}},{"type":"Feature","properties":{"name":"Tizi Ouzou","iso":"DZA"},"geometry":{"type":"Point","coordinates":[4.213,36.724]}},{"type":"Feature","properties":{"name":"Boumerdès","iso":"DZA"},"geometry":{"type":"Point","coordinates":[3.676,36.736]}},{"type":"Feature","properties":{"name":"Alger","iso":"DZA"},"geometry":{"type":"Point","coordinates":[3.057,36.725]}},{"type":"Feature","properties":{"name":"Tipaza","iso":"DZA"},"geometry":{"type":"Point","coordinates":[2.473,36.582]}},{"type":"Feature","properties":{"name":"Chlef","iso":"DZA"},"geometry":{"type":"Point","coordinates":[1.303,36.151]}},{"type":"Feature","properties":{"name":"Mostaganem","iso":"DZA"},"geometry":{"type":"Point","coordinates":[0.307,35.945]}},{"type":"Feature","properties":{"name":"Oran","iso":"DZA"},"geometry":{"type":"Point","coordinates":[-0.636,35.614]}},{"type":"Feature","properties":{"name":"Aïn Témouchent","iso":"DZA"},"geometry":{"type":"Point","coordinates":[-1.072,35.347]}},{"type":"Feature","properties":{"name":"Taza - Al Hoceima - Taounate","iso":"MAR"},"geometry":{"type":"Point","coordinates":[-4.152,34.436]}},{"type":"Feature","properties":{"name":"Gharb - Chrarda - Béni Hssen","iso":"MAR"},"geometry":{"type":"Point","coordinates":[-5.873,34.465]}},{"type":"Feature","properties":{"name":"Rabat - Salé - Zemmour - Zaer","iso":"MAR"},"geometry":{"type":"Point","coordinates":[-6.34,33.685]}},{"type":"Feature","properties":{"name":"Chaouia - Ouardigha","iso":"MAR"},"geometry":{"type":"Point","coordinates":[-7.234,33.18]}},{"type":"Feature","properties":{"name":"Grand Casablanca","iso":"MAR"},"geometry":{"type":"Point","coordinates":[-7.577,33.569]}},{"type":"Feature","properties":{"name":"Doukkala - Abda","iso":"MAR"},"geometry":{"type":"Point","coordinates":[-8.625,32.626]}},{"type":"Feature","properties":{"name":"Marrakech - Tensift - Al Haouz","iso":"MAR"},"geometry":{"type":"Point","coordinates":[-8.579,31.693]}},{"type":"Feature","properties":{"name":"Inchiri","iso":"MRT"},"geometry":{"type":"Point","coordinates":[-15.985,19.469]}},{"type":"Feature","properties":{"name":"Nouakchott","iso":"MRT"},"geometry":{"type":"Point","coordinates":[-15.953,18.122]}},{"type":"Feature","properties":{"name":"Louga","iso":"SEN"},"geometry":{"type":"Point","coordinates":[-15.989,15.3]}},{"type":"Feature","properties":{"name":"Thiès","iso":"SEN"},"geometry":{"type":"Point","coordinates":[-16.596,14.871]}},{"type":"Feature","properties":{"name":"Dakar","iso":"SEN"},"geometry":{"type":"Point","coordinates":[-17.3,14.726]}},{"type":"Feature","properties":{"name":"Banjul","iso":"GMB"},"geometry":{"type":"Point","coordinates":[-16.653,13.433]}},{"type":"Feature","properties":{"name":"Biombo","iso":"GNB"},"geometry":{"type":"Point","coordinates":[-15.894,11.862]}},{"type":"Feature","properties":{"name":"Bissau","iso":"GNB"},"geometry":{"type":"Point","coordinates":[-15.605,11.889]}},{"type":"Feature","properties":{"name":"Quinara","iso":"GNB"},"geometry":{"type":"Point","coordinates":[-15.226,11.628]}},{"type":"Feature","properties":{"name":"Bolama","iso":"GNB"},"geometry":{"type":"Point","coordinates":[-15.897,11.363]}},{"type":"Feature","properties":{"name":"Boffa","iso":"GIN"},"geometry":{"type":"Point","coordinates":[-14.034,10.218]}},{"type":"Feature","properties":{"name":"Dubréka","iso":"GIN"},"geometry":{"type":"Point","coordinates":[-13.586,9.899]}},{"type":"Feature","properties":{"name":"Conakry","iso":"GIN"},"geometry":{"type":"Point","coordinates":[-13.696,9.529]}},{"type":"Feature","properties":{"name":"Coyah","iso":"GIN"},"geometry":{"type":"Point","coordinates":[-13.332,9.719]}},{"type":"Feature","properties":{"name":"Western","iso":"SLE"},"geometry":{"type":"Point","coordinates":[-13.113,8.342]}},{"type":"Feature","properties":{"name":"Bomi","iso":"LBR"},"geometry":{"type":"Point","coordinates":[-10.785,6.749]}},{"type":"Feature","properties":{"name":"Montserrado","iso":"LBR"},"geometry":{"type":"Point","coordinates":[-10.594,6.531]}},{"type":"Feature","properties":{"name":"Margibi","iso":"LBR"},"geometry":{"type":"Point","coordinates":[-10.158,6.509]}},{"type":"Feature","properties":{"name":"Grand Bassa","iso":"LBR"},"geometry":{"type":"Point","coordinates":[-9.727,6.299]}},{"type":"Feature","properties":{"name":"River Cess","iso":"LBR"},"geometry":{"type":"Point","coordinates":[-9.35,5.88]}},{"type":"Feature","properties":{"name":"Sinoe","iso":"LBR"},"geometry":{"type":"Point","coordinates":[-8.843,5.362]}},{"type":"Feature","properties":{"name":"Grand Kru","iso":"LBR"},"geometry":{"type":"Point","coordinates":[-8.188,4.836]}},{"type":"Feature","properties":{"name":"Sud-Bandama","iso":"CIV"},"geometry":{"type":"Point","coordinates":[-5.503,5.49]}},{"type":"Feature","properties":{"name":"Lagunes","iso":"CIV"},"geometry":{"type":"Point","coordinates":[-4.434,5.371]}},{"type":"Feature","properties":{"name":"Central","iso":"GHA"},"geometry":{"type":"Point","coordinates":[-1.513,5.733]}},{"type":"Feature","properties":{"name":"Greater Accra","iso":"GHA"},"geometry":{"type":"Point","coordinates":[0.02,5.81]}},{"type":"Feature","properties":{"name":"Atlantique","iso":"BEN"},"geometry":{"type":"Point","coordinates":[2.175,6.576]}},{"type":"Feature","properties":{"name":"Littoral","iso":"BEN"},"geometry":{"type":"Point","coordinates":[2.438,6.368]}},{"type":"Feature","properties":{"name":"Colima","iso":"MEX"},"geometry":{"type":"Point","coordinates":[-105.622,19.1]}},{"type":"Feature","properties":{"name":"Grand'Anse","iso":"HTI"},"geometry":{"type":"Point","coordinates":[-74.06,18.528]}},{"type":"Feature","properties":{"name":"Aurora","iso":"PHL"},"geometry":{"type":"Point","coordinates":[121.766,15.826]}},{"type":"Feature","properties":{"name":"Quezon","iso":"PHL"},"geometry":{"type":"Point","coordinates":[122.011,14.296]}},{"type":"Feature","properties":{"name":"Camarines Norte","iso":"PHL"},"geometry":{"type":"Point","coordinates":[122.685,14.174]}},{"type":"Feature","properties":{"name":"Camarines Sur","iso":"PHL"},"geometry":{"type":"Point","coordinates":[123.355,13.797]}},{"type":"Feature","properties":{"name":"Albay","iso":"PHL"},"geometry":{"type":"Point","coordinates":[123.793,13.244]}},{"type":"Feature","properties":{"name":"Sorsogon","iso":"PHL"},"geometry":{"type":"Point","coordinates":[123.877,12.879]}},{"type":"Feature","properties":{"name":"Lucena","iso":"PHL"},"geometry":{"type":"Point","coordinates":[121.59,13.912]}},{"type":"Feature","properties":{"name":"Batangas","iso":"PHL"},"geometry":{"type":"Point","coordinates":[120.943,13.858]}},{"type":"Feature","properties":{"name":"Cavite","iso":"PHL"},"geometry":{"type":"Point","coordinates":[120.835,14.26]}},{"type":"Feature","properties":{"name":"Las Pinas","iso":"PHL"},"geometry":{"type":"Point","coordinates":[121.001,14.455]}},{"type":"Feature","properties":{"name":"Paranaque","iso":"PHL"},"geometry":{"type":"Point","coordinates":[121.013,14.489]}},{"type":"Feature","properties":{"name":"Pasay","iso":"PHL"},"geometry":{"type":"Point","coordinates":[121.011,14.531]}},{"type":"Feature","properties":{"name":"Manila","iso":"PHL"},"geometry":{"type":"Point","coordinates":[120.991,14.6]}},{"type":"Feature","properties":{"name":"Navotas","iso":"PHL"},"geometry":{"type":"Point","coordinates":[120.945,14.661]}},{"type":"Feature","properties":{"name":"Bulacan","iso":"PHL"},"geometry":{"type":"Point","coordinates":[120.991,14.906]}},{"type":"Feature","properties":{"name":"Pampanga","iso":"PHL"},"geometry":{"type":"Point","coordinates":[120.68,15.034]}},{"type":"Feature","properties":{"name":"Bataan","iso":"PHL"},"geometry":{"type":"Point","coordinates":[120.419,14.665]}},{"type":"Feature","properties":{"name":"Olongapo","iso":"PHL"},"geometry":{"type":"Point","coordinates":[120.303,14.85]}},{"type":"Feature","properties":{"name":"Zambales","iso":"PHL"},"geometry":{"type":"Point","coordinates":[120.095,15.309]}},{"type":"Feature","properties":{"name":"Pangasinan","iso":"PHL"},"geometry":{"type":"Point","coordinates":[120.195,16.054]}},{"type":"Feature","properties":{"name":"Dagupan","iso":"PHL"},"geometry":{"type":"Point","coordinates":[120.332,16.052]}},{"type":"Feature","properties":{"name":"La Union","iso":"PHL"},"geometry":{"type":"Point","coordinates":[120.415,16.643]}},{"type":"Feature","properties":{"name":"Ilocos Sur","iso":"PHL"},"geometry":{"type":"Point","coordinates":[120.535,17.275]}},{"type":"Feature","properties":{"name":"Ilocos Norte","iso":"PHL"},"geometry":{"type":"Point","coordinates":[120.728,18.215]}},{"type":"Feature","properties":{"name":"Cagayan","iso":"PHL"},"geometry":{"type":"Point","coordinates":[121.637,18.665]}},{"type":"Feature","properties":{"name":"Isabela","iso":"PHL"},"geometry":{"type":"Point","coordinates":[122.081,17.079]}},{"type":"Feature","properties":{"name":"Nord-Ouest","iso":"HTI"},"geometry":{"type":"Point","coordinates":[-72.992,19.852]}},{"type":"Feature","properties":{"name":"Hainan","iso":"CHN"},"geometry":{"type":"Point","coordinates":[109.857,19.263]}},{"type":"Feature","properties":{"name":"Nayarit","iso":"MEX"},"geometry":{"type":"Point","coordinates":[-105.251,21.714]}},{"type":"Feature","properties":{"name":"Inagua","iso":"BHS"},"geometry":{"type":"Point","coordinates":[-73.316,21.184]}},{"type":"Feature","properties":{"name":"Providenciales and West Caicos","iso":"TCA"},"geometry":{"type":"Point","coordinates":[-72.259,21.787]}},{"type":"Feature","properties":{"name":"South Caicos and East Caicos","iso":"TCA"},"geometry":{"type":"Point","coordinates":[-71.559,21.542]}},{"type":"Feature","properties":{"name":"Middle Caicos","iso":"TCA"},"geometry":{"type":"Point","coordinates":[-71.735,21.805]}},{"type":"Feature","properties":{"name":"North Caicos","iso":"TCA"},"geometry":{"type":"Point","coordinates":[-71.96,21.907]}},{"type":"Feature","properties":{"name":"Mayaguana","iso":"BHS"},"geometry":{"type":"Point","coordinates":[-72.982,22.383]}},{"type":"Feature","properties":{"name":"Acklins","iso":"BHS"},"geometry":{"type":"Point","coordinates":[-73.948,22.505]}},{"type":"Feature","properties":{"name":"Fujian","iso":"CHN"},"geometry":{"type":"Point","coordinates":[118.681,25.961]}},{"type":"Feature","properties":{"name":"Baja California Sur","iso":"MEX"},"geometry":{"type":"Point","coordinates":[-111.883,25.699]}},{"type":"Feature","properties":{"name":"Jubbada Dhexe","iso":"SOM"},"geometry":{"type":"Point","coordinates":[42.85,1.016]}},{"type":"Feature","properties":{"name":"Shabeellaha Hoose","iso":"SOM"},"geometry":{"type":"Point","coordinates":[44.342,1.648]}},{"type":"Feature","properties":{"name":"Banaadir","iso":"SOM"},"geometry":{"type":"Point","coordinates":[45.457,2.121]}},{"type":"Feature","properties":{"name":"Shabeellaha Dhexe","iso":"SOM"},"geometry":{"type":"Point","coordinates":[46.104,2.861]}},{"type":"Feature","properties":{"name":"Djibouti","iso":"DJI"},"geometry":{"type":"Point","coordinates":[43.069,11.571]}},{"type":"Feature","properties":{"name":"As Suways","iso":"EGY"},"geometry":{"type":"Point","coordinates":[32.482,29.787]}},{"type":"Feature","properties":{"name":"Janub Sina'","iso":"EGY"},"geometry":{"type":"Point","coordinates":[33.959,28.611]}},{"type":"Feature","properties":{"name":"Tabuk","iso":"SAU"},"geometry":{"type":"Point","coordinates":[36.673,26.786]}},{"type":"Feature","properties":{"name":"Al Madinah","iso":"SAU"},"geometry":{"type":"Point","coordinates":[39.015,24.959]}},{"type":"Feature","properties":{"name":"Makkah","iso":"SAU"},"geometry":{"type":"Point","coordinates":[40.65,20.953]}},{"type":"Feature","properties":{"name":"Al Hudaydah","iso":"YEM"},"geometry":{"type":"Point","coordinates":[43.034,14.84]}},{"type":"Feature","properties":{"name":"Ta`izz","iso":"YEM"},"geometry":{"type":"Point","coordinates":[43.878,13.301]}},{"type":"Feature","properties":{"name":"Lahij","iso":"YEM"},"geometry":{"type":"Point","coordinates":[44.466,13.218]}},{"type":"Feature","properties":{"name":"`Adan","iso":"YEM"},"geometry":{"type":"Point","coordinates":[44.861,12.797]}},{"type":"Feature","properties":{"name":"Abyan","iso":"YEM"},"geometry":{"type":"Point","coordinates":[46.013,13.686]}},{"type":"Feature","properties":{"name":"Shabwah","iso":"YEM"},"geometry":{"type":"Point","coordinates":[47.196,14.388]}},{"type":"Feature","properties":{"name":"Ash Sharqiyah South","iso":"OMN"},"geometry":{"type":"Point","coordinates":[58.929,21.097]}},{"type":"Feature","properties":{"name":"Ash Sharqiyah North","iso":"OMN"},"geometry":{"type":"Point","coordinates":[59.003,22.578]}},{"type":"Feature","properties":{"name":"Muscat","iso":"OMN"},"geometry":{"type":"Point","coordinates":[58.687,23.428]}},{"type":"Feature","properties":{"name":"Al Batnah South","iso":"OMN"},"geometry":{"type":"Point","coordinates":[57.783,23.628]}},{"type":"Feature","properties":{"name":"Umm Al Qaywayn","iso":"ARE"},"geometry":{"type":"Point","coordinates":[55.75,25.46]}},{"type":"Feature","properties":{"name":"Ajman","iso":"ARE"},"geometry":{"type":"Point","coordinates":[55.668,25.379]}},{"type":"Feature","properties":{"name":"Al Wakrah","iso":"QAT"},"geometry":{"type":"Point","coordinates":[51.437,24.867]}},{"type":"Feature","properties":{"name":"Ad Dawhah","iso":"QAT"},"geometry":{"type":"Point","coordinates":[51.524,25.26]}},{"type":"Feature","properties":{"name":"Al Daayen","iso":"QAT"},"geometry":{"type":"Point","coordinates":[51.482,25.538]}},{"type":"Feature","properties":{"name":"Al Khawr","iso":"QAT"},"geometry":{"type":"Point","coordinates":[51.407,25.774]}},{"type":"Feature","properties":{"name":"Madinat ach Shamal","iso":"QAT"},"geometry":{"type":"Point","coordinates":[51.179,25.977]}},{"type":"Feature","properties":{"name":"Mubarak Al-Kabeer","iso":"KWT"},"geometry":{"type":"Point","coordinates":[48.072,29.269]}},{"type":"Feature","properties":{"name":"Hawalli","iso":"KWT"},"geometry":{"type":"Point","coordinates":[48.031,29.341]}},{"type":"Feature","properties":{"name":"Al Asimah","iso":"KWT"},"geometry":{"type":"Point","coordinates":[48.15,29.395]}},{"type":"Feature","properties":{"name":"Taoyuan","iso":"TWN"},"geometry":{"type":"Point","coordinates":[121.286,24.856]}},{"type":"Feature","properties":{"name":"Hsinchu","iso":"TWN"},"geometry":{"type":"Point","coordinates":[121.134,24.71]}},{"type":"Feature","properties":{"name":"Hsinchu City","iso":"TWN"},"geometry":{"type":"Point","coordinates":[120.949,24.779]}},{"type":"Feature","properties":{"name":"Miaoli","iso":"TWN"},"geometry":{"type":"Point","coordinates":[120.946,24.522]}},{"type":"Feature","properties":{"name":"Taichung City","iso":"TWN"},"geometry":{"type":"Point","coordinates":[120.974,24.255]}},{"type":"Feature","properties":{"name":"Changhua","iso":"TWN"},"geometry":{"type":"Point","coordinates":[120.501,23.966]}},{"type":"Feature","properties":{"name":"Yunlin","iso":"TWN"},"geometry":{"type":"Point","coordinates":[120.426,23.656]}},{"type":"Feature","properties":{"name":"Chiayi","iso":"TWN"},"geometry":{"type":"Point","coordinates":[120.416,23.44]}},{"type":"Feature","properties":{"name":"Tainan City","iso":"TWN"},"geometry":{"type":"Point","coordinates":[120.249,23.137]}},{"type":"Feature","properties":{"name":"Kaohsiung City","iso":"TWN"},"geometry":{"type":"Point","coordinates":[120.587,22.968]}},{"type":"Feature","properties":{"name":"Pingtung","iso":"TWN"},"geometry":{"type":"Point","coordinates":[120.7,22.425]}},{"type":"Feature","properties":{"name":"Taitung","iso":"TWN"},"geometry":{"type":"Point","coordinates":[121.163,22.769]}},{"type":"Feature","properties":{"name":"Hualien","iso":"TWN"},"geometry":{"type":"Point","coordinates":[121.379,23.831]}},{"type":"Feature","properties":{"name":"Yilan","iso":"TWN"},"geometry":{"type":"Point","coordinates":[121.682,24.617]}},{"type":"Feature","properties":{"name":"New Taipei City","iso":"TWN"},"geometry":{"type":"Point","coordinates":[121.605,25.024]}},{"type":"Feature","properties":{"name":"Keelung City","iso":"TWN"},"geometry":{"type":"Point","coordinates":[121.703,25.117]}},{"type":"Feature","properties":{"name":"Sinaloa","iso":"MEX"},"geometry":{"type":"Point","coordinates":[-107.612,24.835]}},{"type":"Feature","properties":{"name":"Louisiana","iso":"USA"},"geometry":{"type":"Point","coordinates":[-90.64,30.014]}},{"type":"Feature","properties":{"name":"Mississippi","iso":"USA"},"geometry":{"type":"Point","coordinates":[-90.036,32.112]}},{"type":"Feature","properties":{"name":"Alabama","iso":"USA"},"geometry":{"type":"Point","coordinates":[-86.886,31.658]}},{"type":"Feature","properties":{"name":"Florida","iso":"USA"},"geometry":{"type":"Point","coordinates":[-82.742,27.916]}},{"type":"Feature","properties":{"name":"Georgia","iso":"USA"},"geometry":{"type":"Point","coordinates":[-82.629,32.127]}},{"type":"Feature","properties":{"name":"South Carolina","iso":"USA"},"geometry":{"type":"Point","coordinates":[-80.855,33.383]}},{"type":"Feature","properties":{"name":"North Carolina","iso":"USA"},"geometry":{"type":"Point","coordinates":[-78.086,35.479]}},{"type":"Feature","properties":{"name":"Virginia","iso":"USA"},"geometry":{"type":"Point","coordinates":[-77.893,37.696]}},{"type":"Feature","properties":{"name":"District of Columbia","iso":"USA"},"geometry":{"type":"Point","coordinates":[-77.033,38.879]}},{"type":"Feature","properties":{"name":"Maryland","iso":"USA"},"geometry":{"type":"Point","coordinates":[-76.6,38.814]}},{"type":"Feature","properties":{"name":"Delaware","iso":"USA"},"geometry":{"type":"Point","coordinates":[-75.371,39.035]}},{"type":"Feature","properties":{"name":"New Jersey","iso":"USA"},"geometry":{"type":"Point","coordinates":[-74.673,39.966]}},{"type":"Feature","properties":{"name":"Connecticut","iso":"USA"},"geometry":{"type":"Point","coordinates":[-72.846,41.361]}},{"type":"Feature","properties":{"name":"Rhode Island","iso":"USA"},"geometry":{"type":"Point","coordinates":[-71.395,41.59]}},{"type":"Feature","properties":{"name":"Massachusetts","iso":"USA"},"geometry":{"type":"Point","coordinates":[-70.926,42.002]}},{"type":"Feature","properties":{"name":"Ngöbe Buglé","iso":"PAN"},"geometry":{"type":"Point","coordinates":[-81.839,8.834]}},{"type":"Feature","properties":{"name":"Atlántico Sur","iso":"NIC"},"geometry":{"type":"Point","coordinates":[-84.133,12.259]}},{"type":"Feature","properties":{"name":"Colón","iso":"HND"},"geometry":{"type":"Point","coordinates":[-85.998,15.663]}},{"type":"Feature","properties":{"name":"Atlántida","iso":"HND"},"geometry":{"type":"Point","coordinates":[-87.125,15.674]}},{"type":"Feature","properties":{"name":"Stann Creek","iso":"BLZ"},"geometry":{"type":"Point","coordinates":[-88.471,16.753]}},{"type":"Feature","properties":{"name":"Belize","iso":"BLZ"},"geometry":{"type":"Point","coordinates":[-88.107,17.658]}},{"type":"Feature","properties":{"name":"Yucatán","iso":"MEX"},"geometry":{"type":"Point","coordinates":[-88.855,20.874]}},{"type":"Feature","properties":{"name":"Veracruz","iso":"MEX"},"geometry":{"type":"Point","coordinates":[-96.92,19.755]}},{"type":"Feature","properties":{"name":"Jalisco","iso":"MEX"},"geometry":{"type":"Point","coordinates":[-103.449,20.859]}},{"type":"Feature","properties":{"name":"Michoacán","iso":"MEX"},"geometry":{"type":"Point","coordinates":[-101.77,19.366]}},{"type":"Feature","properties":{"name":"Guerrero","iso":"MEX"},"geometry":{"type":"Point","coordinates":[-99.836,17.848]}},{"type":"Feature","properties":{"name":"Oaxaca","iso":"MEX"},"geometry":{"type":"Point","coordinates":[-96.38,17.16]}},{"type":"Feature","properties":{"name":"Retalhuleu","iso":"GTM"},"geometry":{"type":"Point","coordinates":[-91.761,14.56]}},{"type":"Feature","properties":{"name":"Suchitepéquez","iso":"GTM"},"geometry":{"type":"Point","coordinates":[-91.398,14.418]}},{"type":"Feature","properties":{"name":"Escuintla","iso":"GTM"},"geometry":{"type":"Point","coordinates":[-91.003,14.288]}},{"type":"Feature","properties":{"name":"Santa Rosa","iso":"GTM"},"geometry":{"type":"Point","coordinates":[-90.341,14.187]}},{"type":"Feature","properties":{"name":"Sonsonate","iso":"SLV"},"geometry":{"type":"Point","coordinates":[-89.666,13.751]}},{"type":"Feature","properties":{"name":"La Libertad","iso":"SLV"},"geometry":{"type":"Point","coordinates":[-89.306,13.742]}},{"type":"Feature","properties":{"name":"La Paz","iso":"SLV"},"geometry":{"type":"Point","coordinates":[-88.936,13.495]}},{"type":"Feature","properties":{"name":"San Vicente","iso":"SLV"},"geometry":{"type":"Point","coordinates":[-88.756,13.555]}},{"type":"Feature","properties":{"name":"Usulután","iso":"SLV"},"geometry":{"type":"Point","coordinates":[-88.42,13.366]}},{"type":"Feature","properties":{"name":"León","iso":"NIC"},"geometry":{"type":"Point","coordinates":[-86.624,12.505]}},{"type":"Feature","properties":{"name":"Managua","iso":"NIC"},"geometry":{"type":"Point","coordinates":[-86.332,12.184]}},{"type":"Feature","properties":{"name":"Carazo","iso":"NIC"},"geometry":{"type":"Point","coordinates":[-86.252,11.741]}},{"type":"Feature","properties":{"name":"Los Santos","iso":"PAN"},"geometry":{"type":"Point","coordinates":[-80.421,7.551]}},{"type":"Feature","properties":{"name":"Herrera","iso":"PAN"},"geometry":{"type":"Point","coordinates":[-80.638,7.904]}},{"type":"Feature","properties":{"name":"Zhejiang","iso":"CHN"},"geometry":{"type":"Point","coordinates":[120.785,29.243]}},{"type":"Feature","properties":{"name":"Shanghai","iso":"CHN"},"geometry":{"type":"Point","coordinates":[121.333,31.227]}},{"type":"Feature","properties":{"name":"Kagoshima","iso":"JPN"},"geometry":{"type":"Point","coordinates":[130.414,31.094]}},{"type":"Feature","properties":{"name":"Jiangsu","iso":"CHN"},"geometry":{"type":"Point","coordinates":[119.062,32.934]}},{"type":"Feature","properties":{"name":"Bushehr","iso":"IRN"},"geometry":{"type":"Point","coordinates":[51.169,28.806]}},{"type":"Feature","properties":{"name":"Hormozgan","iso":"IRN"},"geometry":{"type":"Point","coordinates":[56.023,26.7]}},{"type":"Feature","properties":{"name":"Tel Aviv","iso":"ISR"},"geometry":{"type":"Point","coordinates":[34.837,32.077]}},{"type":"Feature","properties":{"name":"Bur Sa`id","iso":"EGY"},"geometry":{"type":"Point","coordinates":[32.36,31.199]}},{"type":"Feature","properties":{"name":"Ad Daqahliyah","iso":"EGY"},"geometry":{"type":"Point","coordinates":[31.652,31.13]}},{"type":"Feature","properties":{"name":"Ash Sharqiyah","iso":"EGY"},"geometry":{"type":"Point","coordinates":[31.859,30.883]}},{"type":"Feature","properties":{"name":"Al Isma`iliyah","iso":"EGY"},"geometry":{"type":"Point","coordinates":[32.173,30.627]}},{"type":"Feature","properties":{"name":"Dumyat","iso":"EGY"},"geometry":{"type":"Point","coordinates":[31.792,31.378]}},{"type":"Feature","properties":{"name":"Kafr ash Shaykh","iso":"EGY"},"geometry":{"type":"Point","coordinates":[30.841,31.321]}},{"type":"Feature","properties":{"name":"Al Buhayrah","iso":"EGY"},"geometry":{"type":"Point","coordinates":[30.434,31.026]}},{"type":"Feature","properties":{"name":"Al Iskandariyah","iso":"EGY"},"geometry":{"type":"Point","coordinates":[29.899,31.067]}},{"type":"Feature","properties":{"name":"Al Qubbah","iso":"LBY"},"geometry":{"type":"Point","coordinates":[22.615,32.276]}},{"type":"Feature","properties":{"name":"Al Jabal al Akhdar","iso":"LBY"},"geometry":{"type":"Point","coordinates":[21.714,32.28]}},{"type":"Feature","properties":{"name":"Al Marj","iso":"LBY"},"geometry":{"type":"Point","coordinates":[21.128,32.071]}},{"type":"Feature","properties":{"name":"Benghazi","iso":"LBY"},"geometry":{"type":"Point","coordinates":[20.37,31.728]}},{"type":"Feature","properties":{"name":"Ōita","iso":"JPN"},"geometry":{"type":"Point","coordinates":[131.556,33.142]}},{"type":"Feature","properties":{"name":"Fukuoka","iso":"JPN"},"geometry":{"type":"Point","coordinates":[130.552,33.523]}},{"type":"Feature","properties":{"name":"Saga","iso":"JPN"},"geometry":{"type":"Point","coordinates":[130.106,33.301]}},{"type":"Feature","properties":{"name":"Nagasaki","iso":"JPN"},"geometry":{"type":"Point","coordinates":[129.432,33.265]}},{"type":"Feature","properties":{"name":"Kumamoto","iso":"JPN"},"geometry":{"type":"Point","coordinates":[130.522,32.506]}},{"type":"Feature","properties":{"name":"Miyazaki","iso":"JPN"},"geometry":{"type":"Point","coordinates":[131.344,32.194]}},{"type":"Feature","properties":{"name":"Tokushima","iso":"JPN"},"geometry":{"type":"Point","coordinates":[134.325,33.927]}},{"type":"Feature","properties":{"name":"Kagawa","iso":"JPN"},"geometry":{"type":"Point","coordinates":[134.035,34.316]}},{"type":"Feature","properties":{"name":"Ehime","iso":"JPN"},"geometry":{"type":"Point","coordinates":[132.746,33.565]}},{"type":"Feature","properties":{"name":"Kōchi","iso":"JPN"},"geometry":{"type":"Point","coordinates":[133.234,33.271]}},{"type":"Feature","properties":{"name":"Shimane","iso":"JPN"},"geometry":{"type":"Point","coordinates":[132.68,35.293]}},{"type":"Feature","properties":{"name":"South Chungcheong","iso":"KOR"},"geometry":{"type":"Point","coordinates":[126.614,36.634]}},{"type":"Feature","properties":{"name":"Yamaguchi","iso":"JPN"},"geometry":{"type":"Point","coordinates":[131.623,34.143]}},{"type":"Feature","properties":{"name":"Tottori","iso":"JPN"},"geometry":{"type":"Point","coordinates":[133.728,35.327]}},{"type":"Feature","properties":{"name":"Hyōgo","iso":"JPN"},"geometry":{"type":"Point","coordinates":[134.835,34.947]}},{"type":"Feature","properties":{"name":"Kyōto","iso":"JPN"},"geometry":{"type":"Point","coordinates":[135.379,35.281]}},{"type":"Feature","properties":{"name":"Fukui","iso":"JPN"},"geometry":{"type":"Point","coordinates":[136.049,35.719]}},{"type":"Feature","properties":{"name":"Ishikawa","iso":"JPN"},"geometry":{"type":"Point","coordinates":[136.851,36.916]}},{"type":"Feature","properties":{"name":"Toyama","iso":"JPN"},"geometry":{"type":"Point","coordinates":[137.15,36.586]}},{"type":"Feature","properties":{"name":"Niigata","iso":"JPN"},"geometry":{"type":"Point","coordinates":[138.832,37.486]}},{"type":"Feature","properties":{"name":"Yamagata","iso":"JPN"},"geometry":{"type":"Point","coordinates":[140.093,38.352]}},{"type":"Feature","properties":{"name":"Akita","iso":"JPN"},"geometry":{"type":"Point","coordinates":[140.484,39.79]}},{"type":"Feature","properties":{"name":"Aomori","iso":"JPN"},"geometry":{"type":"Point","coordinates":[140.822,40.908]}},{"type":"Feature","properties":{"name":"Iwate","iso":"JPN"},"geometry":{"type":"Point","coordinates":[141.477,39.503]}},{"type":"Feature","properties":{"name":"Miyagi","iso":"JPN"},"geometry":{"type":"Point","coordinates":[141.11,38.482]}},{"type":"Feature","properties":{"name":"Fukushima","iso":"JPN"},"geometry":{"type":"Point","coordinates":[140.15,37.416]}},{"type":"Feature","properties":{"name":"Ibaraki","iso":"JPN"},"geometry":{"type":"Point","coordinates":[140.305,36.393]}},{"type":"Feature","properties":{"name":"Chiba","iso":"JPN"},"geometry":{"type":"Point","coordinates":[140.102,35.413]}},{"type":"Feature","properties":{"name":"Tokyo","iso":"JPN"},"geometry":{"type":"Point","coordinates":[140.9,31.43]}},{"type":"Feature","properties":{"name":"Kanagawa","iso":"JPN"},"geometry":{"type":"Point","coordinates":[139.409,35.38]}},{"type":"Feature","properties":{"name":"Shizuoka","iso":"JPN"},"geometry":{"type":"Point","coordinates":[138.464,35.071]}},{"type":"Feature","properties":{"name":"Aichi","iso":"JPN"},"geometry":{"type":"Point","coordinates":[137.132,34.958]}},{"type":"Feature","properties":{"name":"Mie","iso":"JPN"},"geometry":{"type":"Point","coordinates":[136.438,34.405]}},{"type":"Feature","properties":{"name":"Wakayama","iso":"JPN"},"geometry":{"type":"Point","coordinates":[135.481,33.904]}},{"type":"Feature","properties":{"name":"Ōsaka","iso":"JPN"},"geometry":{"type":"Point","coordinates":[135.469,34.64]}},{"type":"Feature","properties":{"name":"Okayama","iso":"JPN"},"geometry":{"type":"Point","coordinates":[133.872,34.859]}},{"type":"Feature","properties":{"name":"Hiroshima","iso":"JPN"},"geometry":{"type":"Point","coordinates":[132.763,34.443]}},{"type":"Feature","properties":{"name":"Oregon","iso":"USA"},"geometry":{"type":"Point","coordinates":[-121.854,44.705]}},{"type":"Feature","properties":{"name":"Nunavut","iso":"CAN"},"geometry":{"type":"Point","coordinates":[-85.616,70.151]}},{"type":"Feature","properties":{"name":"Newfoundland and Labrador","iso":"CAN"},"geometry":{"type":"Point","coordinates":[-58.848,52.798]}},{"type":"Feature","properties":{"name":"Nova Scotia","iso":"CAN"},"geometry":{"type":"Point","coordinates":[-62.958,45.132]}},{"type":"Feature","properties":{"name":"Hokkaidō","iso":"JPN"},"geometry":{"type":"Point","coordinates":[142.429,43.267]}},{"type":"Feature","properties":{"name":"Saint-Pierre","iso":"SPM"},"geometry":{"type":"Point","coordinates":[-56.176,46.783]}},{"type":"Feature","properties":{"name":"Miquelon-Langlade","iso":"SPM"},"geometry":{"type":"Point","coordinates":[-56.329,46.976]}},{"type":"Feature","properties":{"name":"Odisha","iso":"IND"},"geometry":{"type":"Point","coordinates":[83.889,20.021]}},{"type":"Feature","properties":{"name":"Barisal","iso":"BGD"},"geometry":{"type":"Point","coordinates":[90.394,22.406]}},{"type":"Feature","properties":{"name":"Ayeyarwady","iso":"MMR"},"geometry":{"type":"Point","coordinates":[94.965,16.495]}},{"type":"Feature","properties":{"name":"Yangon","iso":"MMR"},"geometry":{"type":"Point","coordinates":[96.162,16.849]}},{"type":"Feature","properties":{"name":"Bago","iso":"MMR"},"geometry":{"type":"Point","coordinates":[96.396,18.396]}},{"type":"Feature","properties":{"name":"Phangnga","iso":"THA"},"geometry":{"type":"Point","coordinates":[98.43,8.745]}},{"type":"Feature","properties":{"name":"Krabi","iso":"THA"},"geometry":{"type":"Point","coordinates":[99.002,8.143]}},{"type":"Feature","properties":{"name":"Trang","iso":"THA"},"geometry":{"type":"Point","coordinates":[99.627,7.534]}},{"type":"Feature","properties":{"name":"Pulau Pinang","iso":"MYS"},"geometry":{"type":"Point","coordinates":[100.346,5.338]}},{"type":"Feature","properties":{"name":"Selangor","iso":"MYS"},"geometry":{"type":"Point","coordinates":[101.398,3.473]}},{"type":"Feature","properties":{"name":"Negeri Sembilan","iso":"MYS"},"geometry":{"type":"Point","coordinates":[102.11,2.845]}},{"type":"Feature","properties":{"name":"Melaka","iso":"MYS"},"geometry":{"type":"Point","coordinates":[102.321,2.327]}},{"type":"Feature","properties":{"name":"Johor","iso":"MYS"},"geometry":{"type":"Point","coordinates":[103.469,2.179]}},{"type":"Feature","properties":{"name":"Pahang","iso":"MYS"},"geometry":{"type":"Point","coordinates":[102.483,4.061]}},{"type":"Feature","properties":{"name":"Terengganu","iso":"MYS"},"geometry":{"type":"Point","coordinates":[102.939,4.567]}},{"type":"Feature","properties":{"name":"Pattani","iso":"THA"},"geometry":{"type":"Point","coordinates":[101.403,6.661]}},{"type":"Feature","properties":{"name":"Phatthalung","iso":"THA"},"geometry":{"type":"Point","coordinates":[100.024,7.514]}},{"type":"Feature","properties":{"name":"Nakhon Si Thammarat","iso":"THA"},"geometry":{"type":"Point","coordinates":[99.657,8.483]}},{"type":"Feature","properties":{"name":"Surat Thani","iso":"THA"},"geometry":{"type":"Point","coordinates":[99.144,9.056]}},{"type":"Feature","properties":{"name":"Samut Songkhram","iso":"THA"},"geometry":{"type":"Point","coordinates":[99.94,13.371]}},{"type":"Feature","properties":{"name":"Samut Sakhon","iso":"THA"},"geometry":{"type":"Point","coordinates":[100.245,13.601]}},{"type":"Feature","properties":{"name":"Bangkok Metropolis","iso":"THA"},"geometry":{"type":"Point","coordinates":[100.599,13.702]}},{"type":"Feature","properties":{"name":"Samut Prakan","iso":"THA"},"geometry":{"type":"Point","coordinates":[100.716,13.616]}},{"type":"Feature","properties":{"name":"Chachoengsao","iso":"THA"},"geometry":{"type":"Point","coordinates":[101.399,13.581]}},{"type":"Feature","properties":{"name":"Chon Buri","iso":"THA"},"geometry":{"type":"Point","coordinates":[101.175,13.139]}},{"type":"Feature","properties":{"name":"Rayong","iso":"THA"},"geometry":{"type":"Point","coordinates":[101.425,12.921]}},{"type":"Feature","properties":{"name":"Kep","iso":"KHM"},"geometry":{"type":"Point","coordinates":[104.354,10.508]}},{"type":"Feature","properties":{"name":"Cà Mau","iso":"VNM"},"geometry":{"type":"Point","coordinates":[105.046,9.007]}},{"type":"Feature","properties":{"name":"Bạc Liêu","iso":"VNM"},"geometry":{"type":"Point","coordinates":[105.432,9.315]}},{"type":"Feature","properties":{"name":"Hau Giang","iso":"VNM"},"geometry":{"type":"Point","coordinates":[105.637,9.861]}},{"type":"Feature","properties":{"name":"Vĩnh Long","iso":"VNM"},"geometry":{"type":"Point","coordinates":[105.979,10.108]}},{"type":"Feature","properties":{"name":"Trà Vinh","iso":"VNM"},"geometry":{"type":"Point","coordinates":[106.315,9.846]}},{"type":"Feature","properties":{"name":"Bến Tre","iso":"VNM"},"geometry":{"type":"Point","coordinates":[106.493,10.086]}},{"type":"Feature","properties":{"name":"Đông Nam Bộ","iso":"VNM"},"geometry":{"type":"Point","coordinates":[107.117,10.988]}},{"type":"Feature","properties":{"name":"Bình Thuận","iso":"VNM"},"geometry":{"type":"Point","coordinates":[108.248,11.139]}},{"type":"Feature","properties":{"name":"Ninh Thuận","iso":"VNM"},"geometry":{"type":"Point","coordinates":[108.921,11.675]}},{"type":"Feature","properties":{"name":"Phú Yên","iso":"VNM"},"geometry":{"type":"Point","coordinates":[109.224,13.278]}},{"type":"Feature","properties":{"name":"Bình Định","iso":"VNM"},"geometry":{"type":"Point","coordinates":[109.055,14.112]}},{"type":"Feature","properties":{"name":"Quảng Ngãi","iso":"VNM"},"geometry":{"type":"Point","coordinates":[108.762,15.125]}},{"type":"Feature","properties":{"name":"Đà Nẵng","iso":"VNM"},"geometry":{"type":"Point","coordinates":[108.18,16.1]}},{"type":"Feature","properties":{"name":"Ninh Bình","iso":"VNM"},"geometry":{"type":"Point","coordinates":[105.947,20.213]}},{"type":"Feature","properties":{"name":"Nam Định","iso":"VNM"},"geometry":{"type":"Point","coordinates":[106.247,20.273]}},{"type":"Feature","properties":{"name":"Thái Bình","iso":"VNM"},"geometry":{"type":"Point","coordinates":[106.435,20.478]}},{"type":"Feature","properties":{"name":"Hải Phòng","iso":"VNM"},"geometry":{"type":"Point","coordinates":[106.633,20.79]}},{"type":"Feature","properties":{"name":"Shandong","iso":"CHN"},"geometry":{"type":"Point","coordinates":[118.824,36.44]}},{"type":"Feature","properties":{"name":"Hebei","iso":"CHN"},"geometry":{"type":"Point","coordinates":[116.359,39.573]}},{"type":"Feature","properties":{"name":"Tianjin","iso":"CHN"},"geometry":{"type":"Point","coordinates":[117.372,39.479]}},{"type":"Feature","properties":{"name":"P'yŏngan-namdo","iso":"PRK"},"geometry":{"type":"Point","coordinates":[126.179,39.359]}},{"type":"Feature","properties":{"name":"Hwanghae-namdo","iso":"PRK"},"geometry":{"type":"Point","coordinates":[125.529,38.099]}},{"type":"Feature","properties":{"name":"Incheon","iso":"KOR"},"geometry":{"type":"Point","coordinates":[126.55,37.466]}},{"type":"Feature","properties":{"name":"North Jeolla","iso":"KOR"},"geometry":{"type":"Point","coordinates":[126.968,35.682]}},{"type":"Feature","properties":{"name":"South Jeolla","iso":"KOR"},"geometry":{"type":"Point","coordinates":[126.65,34.668]}},{"type":"Feature","properties":{"name":"South Gyeongsang","iso":"KOR"},"geometry":{"type":"Point","coordinates":[128.367,35.038]}},{"type":"Feature","properties":{"name":"Busan","iso":"KOR"},"geometry":{"type":"Point","coordinates":[129.065,35.135]}},{"type":"Feature","properties":{"name":"Ulsan","iso":"KOR"},"geometry":{"type":"Point","coordinates":[129.283,35.505]}},{"type":"Feature","properties":{"name":"North Gyeongsang","iso":"KOR"},"geometry":{"type":"Point","coordinates":[128.809,36.377]}},{"type":"Feature","properties":{"name":"Hamgyŏng-namdo","iso":"PRK"},"geometry":{"type":"Point","coordinates":[127.614,40.131]}},{"type":"Feature","properties":{"name":"Maga Buryatdan","iso":"RUS"},"geometry":{"type":"Point","coordinates":[153.716,62.285]}},{"type":"Feature","properties":{"name":"Dadra and Nagar Haveli and Daman and Diu","iso":"IND"},"geometry":{"type":"Point","coordinates":[72.839,20.258]}},{"type":"Feature","properties":{"name":"Maharashtra","iso":"IND"},"geometry":{"type":"Point","coordinates":[76.09,19.154]}},{"type":"Feature","properties":{"name":"Goa","iso":"IND"},"geometry":{"type":"Point","coordinates":[74.008,15.397]}},{"type":"Feature","properties":{"name":"Karnataka","iso":"IND"},"geometry":{"type":"Point","coordinates":[76.378,14.824]}},{"type":"Feature","properties":{"name":"Kerala","iso":"IND"},"geometry":{"type":"Point","coordinates":[76.221,10.771]}},{"type":"Feature","properties":{"name":"Puducherry","iso":"IND"},"geometry":{"type":"Point","coordinates":[79.319,12.5]}},{"type":"Feature","properties":{"name":"Tamil Nadu","iso":"IND"},"geometry":{"type":"Point","coordinates":[78.435,11.274]}},{"type":"Feature","properties":{"name":"Sakhalin","iso":"RUS"},"geometry":{"type":"Point","coordinates":[146.422,48.682]}},{"type":"Feature","properties":{"name":"Dublin","iso":"IRL"},"geometry":{"type":"Point","coordinates":[-6.257,53.36]}},{"type":"Feature","properties":{"name":"Dún Laoghaire–Rathdown","iso":"IRL"},"geometry":{"type":"Point","coordinates":[-6.178,53.245]}},{"type":"Feature","properties":{"name":"Wicklow","iso":"IRL"},"geometry":{"type":"Point","coordinates":[-6.415,52.934]}},{"type":"Feature","properties":{"name":"Wexford","iso":"IRL"},"geometry":{"type":"Point","coordinates":[-6.603,52.456]}},{"type":"Feature","properties":{"name":"Kilkenny","iso":"IRL"},"geometry":{"type":"Point","coordinates":[-7.22,52.598]}},{"type":"Feature","properties":{"name":"Waterford","iso":"IRL"},"geometry":{"type":"Point","coordinates":[-7.576,52.158]}},{"type":"Feature","properties":{"name":"Cork","iso":"IRL"},"geometry":{"type":"Point","coordinates":[-9.037,51.836]}},{"type":"Feature","properties":{"name":"Cork","iso":"IRL"},"geometry":{"type":"Point","coordinates":[-8.45,51.884]}},{"type":"Feature","properties":{"name":"Kerry","iso":"IRL"},"geometry":{"type":"Point","coordinates":[-9.777,52.089]}},{"type":"Feature","properties":{"name":"Limerick","iso":"IRL"},"geometry":{"type":"Point","coordinates":[-8.682,52.459]}},{"type":"Feature","properties":{"name":"Clare","iso":"IRL"},"geometry":{"type":"Point","coordinates":[-8.993,52.86]}},{"type":"Feature","properties":{"name":"Galway","iso":"IRL"},"geometry":{"type":"Point","coordinates":[-9.136,53.357]}},{"type":"Feature","properties":{"name":"Galway","iso":"IRL"},"geometry":{"type":"Point","coordinates":[-9.01,53.282]}},{"type":"Feature","properties":{"name":"Mayo","iso":"IRL"},"geometry":{"type":"Point","coordinates":[-9.466,53.971]}},{"type":"Feature","properties":{"name":"Sligo","iso":"IRL"},"geometry":{"type":"Point","coordinates":[-8.586,54.151]}},{"type":"Feature","properties":{"name":"Limavady","iso":"GBR"},"geometry":{"type":"Point","coordinates":[-6.961,55.007]}},{"type":"Feature","properties":{"name":"Coleraine","iso":"GBR"},"geometry":{"type":"Point","coordinates":[-6.661,55.063]}},{"type":"Feature","properties":{"name":"Moyle","iso":"GBR"},"geometry":{"type":"Point","coordinates":[-6.248,55.171]}},{"type":"Feature","properties":{"name":"Larne","iso":"GBR"},"geometry":{"type":"Point","coordinates":[-5.903,54.879]}},{"type":"Feature","properties":{"name":"Carrickfergus","iso":"GBR"},"geometry":{"type":"Point","coordinates":[-5.816,54.736]}},{"type":"Feature","properties":{"name":"Newtownabbey","iso":"GBR"},"geometry":{"type":"Point","coordinates":[-5.964,54.723]}},{"type":"Feature","properties":{"name":"Belfast","iso":"GBR"},"geometry":{"type":"Point","coordinates":[-5.941,54.61]}},{"type":"Feature","properties":{"name":"North Down","iso":"GBR"},"geometry":{"type":"Point","coordinates":[-5.72,54.647]}},{"type":"Feature","properties":{"name":"Ards","iso":"GBR"},"geometry":{"type":"Point","coordinates":[-5.598,54.513]}},{"type":"Feature","properties":{"name":"Down","iso":"GBR"},"geometry":{"type":"Point","coordinates":[-5.809,54.325]}},{"type":"Feature","properties":{"name":"Meath","iso":"IRL"},"geometry":{"type":"Point","coordinates":[-6.777,53.631]}},{"type":"Feature","properties":{"name":"Fingal","iso":"IRL"},"geometry":{"type":"Point","coordinates":[-6.266,53.493]}},{"type":"Feature","properties":{"name":"Zaporizhzhya","iso":"UKR"},"geometry":{"type":"Point","coordinates":[35.703,47.331]}},{"type":"Feature","properties":{"name":"Sevastopol","iso":"RUS"},"geometry":{"type":"Point","coordinates":[33.58,44.611]}},{"type":"Feature","properties":{"name":"Mykolayiv","iso":"UKR"},"geometry":{"type":"Point","coordinates":[31.887,47.462]}},{"type":"Feature","properties":{"name":"Varna","iso":"BGR"},"geometry":{"type":"Point","coordinates":[27.58,43.198]}},{"type":"Feature","properties":{"name":"Istanbul","iso":"TUR"},"geometry":{"type":"Point","coordinates":[28.93,41.088]}},{"type":"Feature","properties":{"name":"Tekirdag","iso":"TUR"},"geometry":{"type":"Point","coordinates":[27.493,41.012]}},{"type":"Feature","properties":{"name":"Çanakkale","iso":"TUR"},"geometry":{"type":"Point","coordinates":[26.526,40.122]}},{"type":"Feature","properties":{"name":"Clackmannanshire","iso":"GBR"},"geometry":{"type":"Point","coordinates":[-3.723,56.141]}},{"type":"Feature","properties":{"name":"Stirling","iso":"GBR"},"geometry":{"type":"Point","coordinates":[-4.325,56.245]}},{"type":"Feature","properties":{"name":"Falkirk","iso":"GBR"},"geometry":{"type":"Point","coordinates":[-3.764,55.991]}},{"type":"Feature","properties":{"name":"West Lothian","iso":"GBR"},"geometry":{"type":"Point","coordinates":[-3.588,55.883]}},{"type":"Feature","properties":{"name":"Edinburgh","iso":"GBR"},"geometry":{"type":"Point","coordinates":[-3.306,55.924]}},{"type":"Feature","properties":{"name":"Midlothian","iso":"GBR"},"geometry":{"type":"Point","coordinates":[-3.084,55.827]}},{"type":"Feature","properties":{"name":"East Lothian","iso":"GBR"},"geometry":{"type":"Point","coordinates":[-2.666,55.94]}},{"type":"Feature","properties":{"name":"North Tyneside","iso":"GBR"},"geometry":{"type":"Point","coordinates":[-1.497,55.042]}},{"type":"Feature","properties":{"name":"South Tyneside","iso":"GBR"},"geometry":{"type":"Point","coordinates":[-1.427,54.955]}},{"type":"Feature","properties":{"name":"Sunderland","iso":"GBR"},"geometry":{"type":"Point","coordinates":[-1.453,54.864]}},{"type":"Feature","properties":{"name":"Durham","iso":"GBR"},"geometry":{"type":"Point","coordinates":[-1.775,54.69]}},{"type":"Feature","properties":{"name":"Hartlepool","iso":"GBR"},"geometry":{"type":"Point","coordinates":[-1.233,54.66]}},{"type":"Feature","properties":{"name":"Redcar and Cleveland","iso":"GBR"},"geometry":{"type":"Point","coordinates":[-1.077,54.575]}},{"type":"Feature","properties":{"name":"North Yorkshire","iso":"GBR"},"geometry":{"type":"Point","coordinates":[-1.361,54.137]}},{"type":"Feature","properties":{"name":"East Riding of Yorkshire","iso":"GBR"},"geometry":{"type":"Point","coordinates":[-0.492,53.829]}},{"type":"Feature","properties":{"name":"Kingston upon Hull","iso":"GBR"},"geometry":{"type":"Point","coordinates":[-0.364,53.755]}},{"type":"Feature","properties":{"name":"North Lincolnshire","iso":"GBR"},"geometry":{"type":"Point","coordinates":[-0.607,53.578]}},{"type":"Feature","properties":{"name":"North East Lincolnshire","iso":"GBR"},"geometry":{"type":"Point","coordinates":[-0.125,53.537]}},{"type":"Feature","properties":{"name":"Lincolnshire","iso":"GBR"},"geometry":{"type":"Point","coordinates":[-0.294,53.148]}},{"type":"Feature","properties":{"name":"Norfolk","iso":"GBR"},"geometry":{"type":"Point","coordinates":[0.894,52.623]}},{"type":"Feature","properties":{"name":"Suffolk","iso":"GBR"},"geometry":{"type":"Point","coordinates":[1.069,52.236]}},{"type":"Feature","properties":{"name":"Essex","iso":"GBR"},"geometry":{"type":"Point","coordinates":[0.635,51.783]}},{"type":"Feature","properties":{"name":"Southend-on-Sea","iso":"GBR"},"geometry":{"type":"Point","coordinates":[0.723,51.546]}},{"type":"Feature","properties":{"name":"Thurrock","iso":"GBR"},"geometry":{"type":"Point","coordinates":[0.371,51.495]}},{"type":"Feature","properties":{"name":"Kent","iso":"GBR"},"geometry":{"type":"Point","coordinates":[0.675,51.269]}},{"type":"Feature","properties":{"name":"Medway","iso":"GBR"},"geometry":{"type":"Point","coordinates":[0.566,51.409]}},{"type":"Feature","properties":{"name":"East Sussex","iso":"GBR"},"geometry":{"type":"Point","coordinates":[0.265,50.96]}},{"type":"Feature","properties":{"name":"Brighton and Hove","iso":"GBR"},"geometry":{"type":"Point","coordinates":[-0.128,50.851]}},{"type":"Feature","properties":{"name":"West Sussex","iso":"GBR"},"geometry":{"type":"Point","coordinates":[-0.467,50.949]}},{"type":"Feature","properties":{"name":"Hampshire","iso":"GBR"},"geometry":{"type":"Point","coordinates":[-1.337,50.999]}},{"type":"Feature","properties":{"name":"Portsmouth","iso":"GBR"},"geometry":{"type":"Point","coordinates":[-1.012,50.82]}},{"type":"Feature","properties":{"name":"Southampton","iso":"GBR"},"geometry":{"type":"Point","coordinates":[-1.363,50.908]}},{"type":"Feature","properties":{"name":"Dorset","iso":"GBR"},"geometry":{"type":"Point","coordinates":[-2.221,50.809]}},{"type":"Feature","properties":{"name":"Bournemouth","iso":"GBR"},"geometry":{"type":"Point","coordinates":[-1.88,50.734]}},{"type":"Feature","properties":{"name":"Poole","iso":"GBR"},"geometry":{"type":"Point","coordinates":[-1.96,50.731]}},{"type":"Feature","properties":{"name":"Devon","iso":"GBR"},"geometry":{"type":"Point","coordinates":[-3.833,50.729]}},{"type":"Feature","properties":{"name":"Torbay","iso":"GBR"},"geometry":{"type":"Point","coordinates":[-3.55,50.441]}},{"type":"Feature","properties":{"name":"Plymouth","iso":"GBR"},"geometry":{"type":"Point","coordinates":[-4.124,50.396]}},{"type":"Feature","properties":{"name":"Cornwall","iso":"GBR"},"geometry":{"type":"Point","coordinates":[-4.862,50.351]}},{"type":"Feature","properties":{"name":"Somerset","iso":"GBR"},"geometry":{"type":"Point","coordinates":[-2.947,51.119]}},{"type":"Feature","properties":{"name":"North Somerset","iso":"GBR"},"geometry":{"type":"Point","coordinates":[-2.807,51.369]}},{"type":"Feature","properties":{"name":"Bristol","iso":"GBR"},"geometry":{"type":"Point","coordinates":[-2.619,51.458]}},{"type":"Feature","properties":{"name":"South Gloucestershire","iso":"GBR"},"geometry":{"type":"Point","coordinates":[-2.446,51.549]}},{"type":"Feature","properties":{"name":"Newport","iso":"GBR"},"geometry":{"type":"Point","coordinates":[-2.954,51.578]}},{"type":"Feature","properties":{"name":"Cardiff","iso":"GBR"},"geometry":{"type":"Point","coordinates":[-3.176,51.492]}},{"type":"Feature","properties":{"name":"Vale of Glamorgan","iso":"GBR"},"geometry":{"type":"Point","coordinates":[-3.357,51.464]}},{"type":"Feature","properties":{"name":"Bridgend","iso":"GBR"},"geometry":{"type":"Point","coordinates":[-3.617,51.518]}},{"type":"Feature","properties":{"name":"Neath Port Talbot","iso":"GBR"},"geometry":{"type":"Point","coordinates":[-3.738,51.673]}},{"type":"Feature","properties":{"name":"Swansea","iso":"GBR"},"geometry":{"type":"Point","coordinates":[-4.095,51.615]}},{"type":"Feature","properties":{"name":"Carmarthenshire","iso":"GBR"},"geometry":{"type":"Point","coordinates":[-4.236,51.874]}},{"type":"Feature","properties":{"name":"Pembrokeshire","iso":"GBR"},"geometry":{"type":"Point","coordinates":[-4.902,51.841]}},{"type":"Feature","properties":{"name":"Ceredigion","iso":"GBR"},"geometry":{"type":"Point","coordinates":[-4.124,52.237]}},{"type":"Feature","properties":{"name":"Gwynedd","iso":"GBR"},"geometry":{"type":"Point","coordinates":[-4.085,52.897]}},{"type":"Feature","properties":{"name":"Conwy","iso":"GBR"},"geometry":{"type":"Point","coordinates":[-3.743,53.134]}},{"type":"Feature","properties":{"name":"Denbighshire","iso":"GBR"},"geometry":{"type":"Point","coordinates":[-3.367,53.108]}},{"type":"Feature","properties":{"name":"Halton","iso":"GBR"},"geometry":{"type":"Point","coordinates":[-3.057,53.347]}},{"type":"Feature","properties":{"name":"Halton","iso":"GBR"},"geometry":{"type":"Point","coordinates":[-2.723,53.336]}},{"type":"Feature","properties":{"name":"Knowsley","iso":"GBR"},"geometry":{"type":"Point","coordinates":[-2.836,53.405]}},{"type":"Feature","properties":{"name":"Liverpool","iso":"GBR"},"geometry":{"type":"Point","coordinates":[-2.925,53.409]}},{"type":"Feature","properties":{"name":"Sefton","iso":"GBR"},"geometry":{"type":"Point","coordinates":[-2.99,53.584]}},{"type":"Feature","properties":{"name":"Lancashire","iso":"GBR"},"geometry":{"type":"Point","coordinates":[-2.621,53.839]}},{"type":"Feature","properties":{"name":"Blackpool","iso":"GBR"},"geometry":{"type":"Point","coordinates":[-3.016,53.841]}},{"type":"Feature","properties":{"name":"South Ayrshire","iso":"GBR"},"geometry":{"type":"Point","coordinates":[-4.694,55.271]}},{"type":"Feature","properties":{"name":"North Ayshire","iso":"GBR"},"geometry":{"type":"Point","coordinates":[-4.697,55.705]}},{"type":"Feature","properties":{"name":"Inverclyde","iso":"GBR"},"geometry":{"type":"Point","coordinates":[-4.735,55.893]}},{"type":"Feature","properties":{"name":"Renfrewshire","iso":"GBR"},"geometry":{"type":"Point","coordinates":[-4.557,55.849]}},{"type":"Feature","properties":{"name":"West Dunbartonshire","iso":"GBR"},"geometry":{"type":"Point","coordinates":[-4.496,55.985]}},{"type":"Feature","properties":{"name":"Argyll and Bute","iso":"GBR"},"geometry":{"type":"Point","coordinates":[-5.597,56.106]}},{"type":"Feature","properties":{"name":"Highland","iso":"GBR"},"geometry":{"type":"Point","coordinates":[-5.279,57.55]}},{"type":"Feature","properties":{"name":"Moray","iso":"GBR"},"geometry":{"type":"Point","coordinates":[-3.358,57.429]}},{"type":"Feature","properties":{"name":"Aberdeenshire","iso":"GBR"},"geometry":{"type":"Point","coordinates":[-2.632,57.245]}},{"type":"Feature","properties":{"name":"Aberdeen","iso":"GBR"},"geometry":{"type":"Point","coordinates":[-2.195,57.169]}},{"type":"Feature","properties":{"name":"Angus","iso":"GBR"},"geometry":{"type":"Point","coordinates":[-2.915,56.706]}},{"type":"Feature","properties":{"name":"Dundee","iso":"GBR"},"geometry":{"type":"Point","coordinates":[-2.949,56.489]}},{"type":"Feature","properties":{"name":"Perthshire and Kinross","iso":"GBR"},"geometry":{"type":"Point","coordinates":[-3.865,56.514]}},{"type":"Feature","properties":{"name":"Fife","iso":"GBR"},"geometry":{"type":"Point","coordinates":[-3.169,56.232]}},{"type":"Feature","properties":{"name":"Chukchi Autonomous Okrug","iso":"RUS"},"geometry":{"type":"Point","coordinates":[50.398,65.982]}},{"type":"Feature","properties":{"name":"Austurland","iso":"ISL"},"geometry":{"type":"Point","coordinates":[-15.126,64.827]}},{"type":"Feature","properties":{"name":"Suðurland","iso":"ISL"},"geometry":{"type":"Point","coordinates":[-19.582,63.785]}},{"type":"Feature","properties":{"name":"Suðurnes","iso":"ISL"},"geometry":{"type":"Point","coordinates":[-22.463,63.937]}},{"type":"Feature","properties":{"name":"Reykjavík","iso":"ISL"},"geometry":{"type":"Point","coordinates":[-21.878,64.151]}},{"type":"Feature","properties":{"name":"Höfuðborgarsvæði","iso":"ISL"},"geometry":{"type":"Point","coordinates":[-21.536,64.252]}},{"type":"Feature","properties":{"name":"Vesturland","iso":"ISL"},"geometry":{"type":"Point","coordinates":[-22.162,64.837]}},{"type":"Feature","properties":{"name":"Vestfirðir","iso":"ISL"},"geometry":{"type":"Point","coordinates":[-22.568,65.813]}},{"type":"Feature","properties":{"name":"Norðurland vestra","iso":"ISL"},"geometry":{"type":"Point","coordinates":[-19.727,65.656]}},{"type":"Feature","properties":{"name":"Norðurland eystra","iso":"ISL"},"geometry":{"type":"Point","coordinates":[-17.153,65.907]}},{"type":"Feature","properties":{"name":"Yamal-Nenets","iso":"RUS"},"geometry":{"type":"Point","coordinates":[74.426,68.28]}},{"type":"Feature","properties":{"name":"Nenets","iso":"RUS"},"geometry":{"type":"Point","coordinates":[54.749,68.449]}},{"type":"Feature","properties":{"name":"Northwest Territories","iso":"CAN"},"geometry":{"type":"Point","coordinates":[-123.123,70.746]}},{"type":"Feature","properties":{"name":"Sakha (Yakutia)","iso":"RUS"},"geometry":{"type":"Point","coordinates":[131.934,66.079]}},{"type":"Feature","properties":{"name":"Nicas","iso":"LVA"},"geometry":{"type":"Point","coordinates":[21.055,56.375]}},{"type":"Feature","properties":{"name":"Liepāja","iso":"LVA"},"geometry":{"type":"Point","coordinates":[21.027,56.518]}},{"type":"Feature","properties":{"name":"Grobinas","iso":"LVA"},"geometry":{"type":"Point","coordinates":[21.193,56.522]}},{"type":"Feature","properties":{"name":"Pavilostas","iso":"LVA"},"geometry":{"type":"Point","coordinates":[21.267,56.826]}},{"type":"Feature","properties":{"name":"Ventspils","iso":"LVA"},"geometry":{"type":"Point","coordinates":[21.854,57.257]}},{"type":"Feature","properties":{"name":"Ventspils","iso":"LVA"},"geometry":{"type":"Point","coordinates":[21.584,57.395]}},{"type":"Feature","properties":{"name":"Dundagas","iso":"LVA"},"geometry":{"type":"Point","coordinates":[22.37,57.569]}},{"type":"Feature","properties":{"name":"Rojas","iso":"LVA"},"geometry":{"type":"Point","coordinates":[22.732,57.51]}},{"type":"Feature","properties":{"name":"Talsi","iso":"LVA"},"geometry":{"type":"Point","coordinates":[22.585,57.243]}},{"type":"Feature","properties":{"name":"Mersraga","iso":"LVA"},"geometry":{"type":"Point","coordinates":[23.071,57.328]}},{"type":"Feature","properties":{"name":"Engures","iso":"LVA"},"geometry":{"type":"Point","coordinates":[23.268,57.094]}},{"type":"Feature","properties":{"name":"Jurmala","iso":"LVA"},"geometry":{"type":"Point","coordinates":[23.689,56.96]}},{"type":"Feature","properties":{"name":"Riga","iso":"LVA"},"geometry":{"type":"Point","coordinates":[24.094,56.967]}},{"type":"Feature","properties":{"name":"Carnikavas","iso":"LVA"},"geometry":{"type":"Point","coordinates":[24.253,57.126]}},{"type":"Feature","properties":{"name":"Saulkrastu","iso":"LVA"},"geometry":{"type":"Point","coordinates":[24.414,57.28]}},{"type":"Feature","properties":{"name":"Limbaži","iso":"LVA"},"geometry":{"type":"Point","coordinates":[24.697,57.472]}},{"type":"Feature","properties":{"name":"Lääne","iso":"EST"},"geometry":{"type":"Point","coordinates":[23.689,58.877]}},{"type":"Feature","properties":{"name":"Harju","iso":"EST"},"geometry":{"type":"Point","coordinates":[24.879,59.324]}},{"type":"Feature","properties":{"name":"Lääne-Viru","iso":"EST"},"geometry":{"type":"Point","coordinates":[26.348,59.279]}},{"type":"Feature","properties":{"name":"City of St. Petersburg","iso":"RUS"},"geometry":{"type":"Point","coordinates":[30.014,59.959]}},{"type":"Feature","properties":{"name":"Uusimaa","iso":"FIN"},"geometry":{"type":"Point","coordinates":[24.756,60.266]}},{"type":"Feature","properties":{"name":"Finland Proper","iso":"FIN"},"geometry":{"type":"Point","coordinates":[22.144,60.419]}},{"type":"Feature","properties":{"name":"Satakunta","iso":"FIN"},"geometry":{"type":"Point","coordinates":[22.046,61.456]}},{"type":"Feature","properties":{"name":"Ostrobothnia","iso":"FIN"},"geometry":{"type":"Point","coordinates":[22.044,63.144]}},{"type":"Feature","properties":{"name":"Central Ostrobothnia","iso":"FIN"},"geometry":{"type":"Point","coordinates":[23.72,63.702]}},{"type":"Feature","properties":{"name":"Västernorrland","iso":"SWE"},"geometry":{"type":"Point","coordinates":[17.916,62.924]}},{"type":"Feature","properties":{"name":"Gävleborg","iso":"SWE"},"geometry":{"type":"Point","coordinates":[16.784,61.321]}},{"type":"Feature","properties":{"name":"Uppsala","iso":"SWE"},"geometry":{"type":"Point","coordinates":[17.867,60.103]}},{"type":"Feature","properties":{"name":"Stockholm","iso":"SWE"},"geometry":{"type":"Point","coordinates":[18.361,59.392]}},{"type":"Feature","properties":{"name":"Södermanland","iso":"SWE"},"geometry":{"type":"Point","coordinates":[16.821,59.044]}},{"type":"Feature","properties":{"name":"Östergötland","iso":"SWE"},"geometry":{"type":"Point","coordinates":[16.243,58.305]}},{"type":"Feature","properties":{"name":"Kalmar","iso":"SWE"},"geometry":{"type":"Point","coordinates":[16.294,57.267]}},{"type":"Feature","properties":{"name":"Blekinge","iso":"SWE"},"geometry":{"type":"Point","coordinates":[15.198,56.224]}},{"type":"Feature","properties":{"name":"Skåne","iso":"SWE"},"geometry":{"type":"Point","coordinates":[13.454,55.939]}},{"type":"Feature","properties":{"name":"Halland","iso":"SWE"},"geometry":{"type":"Point","coordinates":[12.697,57.058]}},{"type":"Feature","properties":{"name":"Oslo","iso":"NOR"},"geometry":{"type":"Point","coordinates":[10.625,59.926]}},{"type":"Feature","properties":{"name":"Buskerud","iso":"NOR"},"geometry":{"type":"Point","coordinates":[9.402,60.156]}},{"type":"Feature","properties":{"name":"Vestfold","iso":"NOR"},"geometry":{"type":"Point","coordinates":[10.149,59.277]}},{"type":"Feature","properties":{"name":"Telemark","iso":"NOR"},"geometry":{"type":"Point","coordinates":[8.804,59.277]}},{"type":"Feature","properties":{"name":"Aust-Agder","iso":"NOR"},"geometry":{"type":"Point","coordinates":[8.022,58.88]}},{"type":"Feature","properties":{"name":"Vest-Agder","iso":"NOR"},"geometry":{"type":"Point","coordinates":[7.224,58.387]}},{"type":"Feature","properties":{"name":"Rogaland","iso":"NOR"},"geometry":{"type":"Point","coordinates":[5.997,59.221]}},{"type":"Feature","properties":{"name":"Hordaland","iso":"NOR"},"geometry":{"type":"Point","coordinates":[5.687,60.219]}},{"type":"Feature","properties":{"name":"Sogn og Fjordane","iso":"NOR"},"geometry":{"type":"Point","coordinates":[5.844,61.395]}},{"type":"Feature","properties":{"name":"Møre og Romsdal","iso":"NOR"},"geometry":{"type":"Point","coordinates":[7.305,62.686]}},{"type":"Feature","properties":{"name":"Rize","iso":"TUR"},"geometry":{"type":"Point","coordinates":[40.921,41.028]}},{"type":"Feature","properties":{"name":"Trabzon","iso":"TUR"},"geometry":{"type":"Point","coordinates":[39.741,40.851]}},{"type":"Feature","properties":{"name":"Giresun","iso":"TUR"},"geometry":{"type":"Point","coordinates":[38.652,40.694]}},{"type":"Feature","properties":{"name":"Ordu","iso":"TUR"},"geometry":{"type":"Point","coordinates":[37.565,40.856]}},{"type":"Feature","properties":{"name":"Samsun","iso":"TUR"},"geometry":{"type":"Point","coordinates":[35.998,41.301]}},{"type":"Feature","properties":{"name":"Sinop","iso":"TUR"},"geometry":{"type":"Point","coordinates":[34.958,41.65]}},{"type":"Feature","properties":{"name":"Kastamonu","iso":"TUR"},"geometry":{"type":"Point","coordinates":[33.677,41.437]}},{"type":"Feature","properties":{"name":"Bartın","iso":"TUR"},"geometry":{"type":"Point","coordinates":[32.482,41.692]}},{"type":"Feature","properties":{"name":"Zinguldak","iso":"TUR"},"geometry":{"type":"Point","coordinates":[31.729,41.293]}},{"type":"Feature","properties":{"name":"Düzce","iso":"TUR"},"geometry":{"type":"Point","coordinates":[31.197,40.969]}},{"type":"Feature","properties":{"name":"Sakarya","iso":"TUR"},"geometry":{"type":"Point","coordinates":[30.503,40.729]}},{"type":"Feature","properties":{"name":"Kocaeli","iso":"TUR"},"geometry":{"type":"Point","coordinates":[29.739,40.863]}},{"type":"Feature","properties":{"name":"Yalova","iso":"TUR"},"geometry":{"type":"Point","coordinates":[29.141,40.593]}},{"type":"Feature","properties":{"name":"Bursa","iso":"TUR"},"geometry":{"type":"Point","coordinates":[28.985,40.182]}},{"type":"Feature","properties":{"name":"Balikesir","iso":"TUR"},"geometry":{"type":"Point","coordinates":[27.651,39.896]}},{"type":"Feature","properties":{"name":"Izmir","iso":"TUR"},"geometry":{"type":"Point","coordinates":[26.887,38.484]}},{"type":"Feature","properties":{"name":"Aydin","iso":"TUR"},"geometry":{"type":"Point","coordinates":[27.708,37.618]}},{"type":"Feature","properties":{"name":"Mugla","iso":"TUR"},"geometry":{"type":"Point","coordinates":[28.126,36.867]}},{"type":"Feature","properties":{"name":"Antalya","iso":"TUR"},"geometry":{"type":"Point","coordinates":[30.734,36.497]}},{"type":"Feature","properties":{"name":"Mersin","iso":"TUR"},"geometry":{"type":"Point","coordinates":[33.75,36.541]}},{"type":"Feature","properties":{"name":"Adana","iso":"TUR"},"geometry":{"type":"Point","coordinates":[35.602,37.088]}},{"type":"Feature","properties":{"name":"Mount Lebanon","iso":"LBN"},"geometry":{"type":"Point","coordinates":[35.671,33.841]}},{"type":"Feature","properties":{"name":"Beirut","iso":"LBN"},"geometry":{"type":"Point","coordinates":[35.507,33.888]}},{"type":"Feature","properties":{"name":"Arkhangel'sk","iso":"RUS"},"geometry":{"type":"Point","coordinates":[52.182,72.749]}},{"type":"Feature","properties":{"name":"Krasnoyarsk","iso":"RUS"},"geometry":{"type":"Point","coordinates":[95.955,69.398]}},{"type":"Feature","properties":{"name":"Ayion Oros","iso":"GRC"},"geometry":{"type":"Point","coordinates":[24.14,40.308]}},{"type":"Feature","properties":{"name":"Thessalia","iso":"GRC"},"geometry":{"type":"Point","coordinates":[22.751,39.354]}},{"type":"Feature","properties":{"name":"Stereá Elláda","iso":"GRC"},"geometry":{"type":"Point","coordinates":[23.212,38.594]}},{"type":"Feature","properties":{"name":"Attiki","iso":"GRC"},"geometry":{"type":"Point","coordinates":[23.522,37.591]}},{"type":"Feature","properties":{"name":"Peloponnisos","iso":"GRC"},"geometry":{"type":"Point","coordinates":[22.642,37.19]}},{"type":"Feature","properties":{"name":"Dytiki Ellada","iso":"GRC"},"geometry":{"type":"Point","coordinates":[21.414,38.408]}},{"type":"Feature","properties":{"name":"Fier","iso":"ALB"},"geometry":{"type":"Point","coordinates":[19.627,40.774]}},{"type":"Feature","properties":{"name":"Tiranë","iso":"ALB"},"geometry":{"type":"Point","coordinates":[19.744,41.239]}},{"type":"Feature","properties":{"name":"Durrës","iso":"ALB"},"geometry":{"type":"Point","coordinates":[19.648,41.453]}},{"type":"Feature","properties":{"name":"Lezhë","iso":"ALB"},"geometry":{"type":"Point","coordinates":[19.841,41.805]}},{"type":"Feature","properties":{"name":"Budva","iso":"MNE"},"geometry":{"type":"Point","coordinates":[18.879,42.274]}},{"type":"Feature","properties":{"name":"Tivat","iso":"MNE"},"geometry":{"type":"Point","coordinates":[18.687,42.408]}},{"type":"Feature","properties":{"name":"Šibensko-Kninska","iso":"HRV"},"geometry":{"type":"Point","coordinates":[15.941,43.776]}},{"type":"Feature","properties":{"name":"Licko-Senjska","iso":"HRV"},"geometry":{"type":"Point","coordinates":[15.249,44.636]}},{"type":"Feature","properties":{"name":"Izola","iso":"SVN"},"geometry":{"type":"Point","coordinates":[13.637,45.511]}},{"type":"Feature","properties":{"name":"Venezia","iso":"ITA"},"geometry":{"type":"Point","coordinates":[12.445,45.514]}},{"type":"Feature","properties":{"name":"Padova","iso":"ITA"},"geometry":{"type":"Point","coordinates":[11.814,45.397]}},{"type":"Feature","properties":{"name":"Rovigo","iso":"ITA"},"geometry":{"type":"Point","coordinates":[12.098,44.979]}},{"type":"Feature","properties":{"name":"Ferrara","iso":"ITA"},"geometry":{"type":"Point","coordinates":[11.889,44.82]}},{"type":"Feature","properties":{"name":"Ravenna","iso":"ITA"},"geometry":{"type":"Point","coordinates":[11.905,44.332]}},{"type":"Feature","properties":{"name":"Forlì-Cesena","iso":"ITA"},"geometry":{"type":"Point","coordinates":[11.987,44.052]}},{"type":"Feature","properties":{"name":"Ancona","iso":"ITA"},"geometry":{"type":"Point","coordinates":[13.168,43.472]}},{"type":"Feature","properties":{"name":"Macerata","iso":"ITA"},"geometry":{"type":"Point","coordinates":[13.151,43.131]}},{"type":"Feature","properties":{"name":"Fermo","iso":"ITA"},"geometry":{"type":"Point","coordinates":[13.497,43.065]}},{"type":"Feature","properties":{"name":"Ascoli Piceno","iso":"ITA"},"geometry":{"type":"Point","coordinates":[13.465,42.834]}},{"type":"Feature","properties":{"name":"Teramo","iso":"ITA"},"geometry":{"type":"Point","coordinates":[13.64,42.677]}},{"type":"Feature","properties":{"name":"Pescara","iso":"ITA"},"geometry":{"type":"Point","coordinates":[13.979,42.317]}},{"type":"Feature","properties":{"name":"Chieti","iso":"ITA"},"geometry":{"type":"Point","coordinates":[14.381,42.02]}},{"type":"Feature","properties":{"name":"Campobasso","iso":"ITA"},"geometry":{"type":"Point","coordinates":[14.809,41.676]}},{"type":"Feature","properties":{"name":"Foggia","iso":"ITA"},"geometry":{"type":"Point","coordinates":[15.34,41.491]}},{"type":"Feature","properties":{"name":"Barletta-Andria Trani","iso":"ITA"},"geometry":{"type":"Point","coordinates":[16.158,41.117]}},{"type":"Feature","properties":{"name":"Bari","iso":"ITA"},"geometry":{"type":"Point","coordinates":[16.754,40.865]}},{"type":"Feature","properties":{"name":"Brindisi","iso":"ITA"},"geometry":{"type":"Point","coordinates":[17.605,40.644]}},{"type":"Feature","properties":{"name":"Lecce","iso":"ITA"},"geometry":{"type":"Point","coordinates":[18.178,40.127]}},{"type":"Feature","properties":{"name":"Taranto","iso":"ITA"},"geometry":{"type":"Point","coordinates":[17.129,40.559]}},{"type":"Feature","properties":{"name":"Matera","iso":"ITA"},"geometry":{"type":"Point","coordinates":[16.459,40.477]}},{"type":"Feature","properties":{"name":"Cosenza","iso":"ITA"},"geometry":{"type":"Point","coordinates":[16.346,39.752]}},{"type":"Feature","properties":{"name":"Crotene","iso":"ITA"},"geometry":{"type":"Point","coordinates":[16.94,39.175]}},{"type":"Feature","properties":{"name":"Catanzaro","iso":"ITA"},"geometry":{"type":"Point","coordinates":[16.48,38.854]}},{"type":"Feature","properties":{"name":"Reggio Calabria","iso":"ITA"},"geometry":{"type":"Point","coordinates":[16.138,38.335]}},{"type":"Feature","properties":{"name":"Vibo Valentia","iso":"ITA"},"geometry":{"type":"Point","coordinates":[16.203,38.624]}},{"type":"Feature","properties":{"name":"Potenza","iso":"ITA"},"geometry":{"type":"Point","coordinates":[15.897,40.402]}},{"type":"Feature","properties":{"name":"Salerno","iso":"ITA"},"geometry":{"type":"Point","coordinates":[15.247,40.486]}},{"type":"Feature","properties":{"name":"Napoli","iso":"ITA"},"geometry":{"type":"Point","coordinates":[14.319,40.8]}},{"type":"Feature","properties":{"name":"Caserta","iso":"ITA"},"geometry":{"type":"Point","coordinates":[14.158,41.271]}},{"type":"Feature","properties":{"name":"Latina","iso":"ITA"},"geometry":{"type":"Point","coordinates":[13.255,41.405]}},{"type":"Feature","properties":{"name":"Roma","iso":"ITA"},"geometry":{"type":"Point","coordinates":[12.61,41.931]}},{"type":"Feature","properties":{"name":"Viterbo","iso":"ITA"},"geometry":{"type":"Point","coordinates":[11.993,42.508]}},{"type":"Feature","properties":{"name":"Grosseto","iso":"ITA"},"geometry":{"type":"Point","coordinates":[11.272,42.719]}},{"type":"Feature","properties":{"name":"Livorno","iso":"ITA"},"geometry":{"type":"Point","coordinates":[10.397,42.976]}},{"type":"Feature","properties":{"name":"Pisa","iso":"ITA"},"geometry":{"type":"Point","coordinates":[10.703,43.449]}},{"type":"Feature","properties":{"name":"Lucca","iso":"ITA"},"geometry":{"type":"Point","coordinates":[10.483,43.998]}},{"type":"Feature","properties":{"name":"Massa-Carrara","iso":"ITA"},"geometry":{"type":"Point","coordinates":[9.975,44.241]}},{"type":"Feature","properties":{"name":"La Spezia","iso":"ITA"},"geometry":{"type":"Point","coordinates":[9.818,44.183]}},{"type":"Feature","properties":{"name":"Genova","iso":"ITA"},"geometry":{"type":"Point","coordinates":[9.041,44.509]}},{"type":"Feature","properties":{"name":"Savona","iso":"ITA"},"geometry":{"type":"Point","coordinates":[8.236,44.308]}},{"type":"Feature","properties":{"name":"Var","iso":"FRA"},"geometry":{"type":"Point","coordinates":[6.264,43.35]}},{"type":"Feature","properties":{"name":"Bouches-du-Rhône","iso":"FRA"},"geometry":{"type":"Point","coordinates":[4.982,43.514]}},{"type":"Feature","properties":{"name":"Gard","iso":"FRA"},"geometry":{"type":"Point","coordinates":[4.221,43.98]}},{"type":"Feature","properties":{"name":"Hérault","iso":"FRA"},"geometry":{"type":"Point","coordinates":[3.158,43.618]}},{"type":"Feature","properties":{"name":"Aude","iso":"FRA"},"geometry":{"type":"Point","coordinates":[2.266,43.108]}},{"type":"Feature","properties":{"name":"Barcelona","iso":"ESP"},"geometry":{"type":"Point","coordinates":[1.935,41.844]}},{"type":"Feature","properties":{"name":"Tarragona","iso":"ESP"},"geometry":{"type":"Point","coordinates":[0.73,41.057]}},{"type":"Feature","properties":{"name":"Castellón","iso":"ESP"},"geometry":{"type":"Point","coordinates":[-0.258,40.347]}},{"type":"Feature","properties":{"name":"Valencia","iso":"ESP"},"geometry":{"type":"Point","coordinates":[-1.049,39.547]}},{"type":"Feature","properties":{"name":"Alicante","iso":"ESP"},"geometry":{"type":"Point","coordinates":[-0.576,38.445]}},{"type":"Feature","properties":{"name":"Murcia","iso":"ESP"},"geometry":{"type":"Point","coordinates":[-1.387,38.03]}},{"type":"Feature","properties":{"name":"Almería","iso":"ESP"},"geometry":{"type":"Point","coordinates":[-2.331,37.183]}},{"type":"Feature","properties":{"name":"Granada","iso":"ESP"},"geometry":{"type":"Point","coordinates":[-3.141,37.339]}},{"type":"Feature","properties":{"name":"Málaga","iso":"ESP"},"geometry":{"type":"Point","coordinates":[-4.853,36.783]}},{"type":"Feature","properties":{"name":"Sevilla","iso":"ESP"},"geometry":{"type":"Point","coordinates":[-5.672,37.519]}},{"type":"Feature","properties":{"name":"Setúbal","iso":"PRT"},"geometry":{"type":"Point","coordinates":[-8.638,38.354]}},{"type":"Feature","properties":{"name":"Lisboa","iso":"PRT"},"geometry":{"type":"Point","coordinates":[-9.064,39.007]}},{"type":"Feature","properties":{"name":"Santarém","iso":"PRT"},"geometry":{"type":"Point","coordinates":[-8.43,39.251]}},{"type":"Feature","properties":{"name":"Leiria","iso":"PRT"},"geometry":{"type":"Point","coordinates":[-8.666,39.733]}},{"type":"Feature","properties":{"name":"Coimbra","iso":"PRT"},"geometry":{"type":"Point","coordinates":[-8.26,40.164]}},{"type":"Feature","properties":{"name":"Aveiro","iso":"PRT"},"geometry":{"type":"Point","coordinates":[-8.444,40.713]}},{"type":"Feature","properties":{"name":"Porto","iso":"PRT"},"geometry":{"type":"Point","coordinates":[-8.398,41.26]}},{"type":"Feature","properties":{"name":"La Coruña","iso":"ESP"},"geometry":{"type":"Point","coordinates":[-8.526,43.178]}},{"type":"Feature","properties":{"name":"Lugo","iso":"ESP"},"geometry":{"type":"Point","coordinates":[-7.286,43.133]}},{"type":"Feature","properties":{"name":"Asturias","iso":"ESP"},"geometry":{"type":"Point","coordinates":[-6.051,43.23]}},{"type":"Feature","properties":{"name":"Cantabria","iso":"ESP"},"geometry":{"type":"Point","coordinates":[-3.983,43.169]}},{"type":"Feature","properties":{"name":"Bizkaia","iso":"ESP"},"geometry":{"type":"Point","coordinates":[-2.908,43.243]}},{"type":"Feature","properties":{"name":"Landes","iso":"FRA"},"geometry":{"type":"Point","coordinates":[-0.514,43.868]}},{"type":"Feature","properties":{"name":"Gironde","iso":"FRA"},"geometry":{"type":"Point","coordinates":[-0.442,44.879]}},{"type":"Feature","properties":{"name":"Charente-Maritime","iso":"FRA"},"geometry":{"type":"Point","coordinates":[-0.827,45.815]}},{"type":"Feature","properties":{"name":"Vendée","iso":"FRA"},"geometry":{"type":"Point","coordinates":[-1.356,46.664]}},{"type":"Feature","properties":{"name":"Loire-Atlantique","iso":"FRA"},"geometry":{"type":"Point","coordinates":[-1.707,47.366]}},{"type":"Feature","properties":{"name":"Morbihan","iso":"FRA"},"geometry":{"type":"Point","coordinates":[-2.844,47.705]}},{"type":"Feature","properties":{"name":"Finistère","iso":"FRA"},"geometry":{"type":"Point","coordinates":[-4.177,48.283]}},{"type":"Feature","properties":{"name":"Côtes-d'Armor","iso":"FRA"},"geometry":{"type":"Point","coordinates":[-2.816,48.527]}},{"type":"Feature","properties":{"name":"Ille-et-Vilaine","iso":"FRA"},"geometry":{"type":"Point","coordinates":[-1.688,48.178]}},{"type":"Feature","properties":{"name":"Manche","iso":"FRA"},"geometry":{"type":"Point","coordinates":[-1.411,49.101]}},{"type":"Feature","properties":{"name":"Calvados","iso":"FRA"},"geometry":{"type":"Point","coordinates":[-0.269,49.074]}},{"type":"Feature","properties":{"name":"Eure","iso":"FRA"},"geometry":{"type":"Point","coordinates":[0.916,49.049]}},{"type":"Feature","properties":{"name":"Seine-Maritime","iso":"FRA"},"geometry":{"type":"Point","coordinates":[1.134,49.558]}},{"type":"Feature","properties":{"name":"Somme","iso":"FRA"},"geometry":{"type":"Point","coordinates":[2.405,50.028]}},{"type":"Feature","properties":{"name":"Pas-de-Calais","iso":"FRA"},"geometry":{"type":"Point","coordinates":[2.446,50.351]}},{"type":"Feature","properties":{"name":"Zuid-Holland","iso":"NLD"},"geometry":{"type":"Point","coordinates":[4.558,51.955]}},{"type":"Feature","properties":{"name":"Noord-Holland","iso":"NLD"},"geometry":{"type":"Point","coordinates":[4.92,52.552]}},{"type":"Feature","properties":{"name":"Friesland","iso":"NLD"},"geometry":{"type":"Point","coordinates":[5.86,53.173]}},{"type":"Feature","properties":{"name":"Bremen","iso":"DEU"},"geometry":{"type":"Point","coordinates":[8.734,53.245]}},{"type":"Feature","properties":{"name":"Hamburg","iso":"DEU"},"geometry":{"type":"Point","coordinates":[10.019,53.559]}},{"type":"Feature","properties":{"name":"Midtjylland","iso":"DNK"},"geometry":{"type":"Point","coordinates":[9.543,56.254]}},{"type":"Feature","properties":{"name":"Nordjylland","iso":"DNK"},"geometry":{"type":"Point","coordinates":[9.42,56.916]}},{"type":"Feature","properties":{"name":"Kommuneqarfik Sermersooq","iso":"GRL"},"geometry":{"type":"Point","coordinates":[-36.561,66.803]}},{"type":"Feature","properties":{"name":"Nationalparken","iso":"GRL"},"geometry":{"type":"Point","coordinates":[-27.289,76.783]}},{"type":"Feature","properties":{"name":"Qaasuitsup Kommunia","iso":"GRL"},"geometry":{"type":"Point","coordinates":[-56.729,72.62]}},{"type":"Feature","properties":{"name":"Pituffik","iso":"GRL"},"geometry":{"type":"Point","coordinates":[-68.373,76.511]}},{"type":"Feature","properties":{"name":"Qeqqata Kommunia","iso":"GRL"},"geometry":{"type":"Point","coordinates":[-52.028,66.023]}},{"type":"Feature","properties":{"name":"Kommune Kujalleq","iso":"GRL"},"geometry":{"type":"Point","coordinates":[-44.746,60.801]}},{"type":"Feature","properties":{"name":"","iso":"ATA"},"geometry":{"type":"Point","coordinates":[-35.969,-69.898]}},{"type":"Feature","properties":{"name":"Pitcairn Islands","iso":"PCN"},"geometry":{"type":"Point","coordinates":[-128.293,-24.516]}},{"type":"Feature","properties":{"name":"Tuamotu-Gambier","iso":"PYF"},"geometry":{"type":"Point","coordinates":[-142.293,-17.461]}},{"type":"Feature","properties":{"name":"Windward Islands","iso":"PYF"},"geometry":{"type":"Point","coordinates":[-149.632,-17.553]}},{"type":"Feature","properties":{"name":"Iles Eparses de l'ocean Indien","iso":"ATF"},"geometry":{"type":"Point","coordinates":[42.287,-20.038]}},{"type":"Feature","properties":{"name":"Leeward Islands","iso":"PYF"},"geometry":{"type":"Point","coordinates":[-151.978,-16.613]}},{"type":"Feature","properties":{"name":"Outer Islands","iso":"SYC"},"geometry":{"type":"Point","coordinates":[48.767,-8.568]}},{"type":"Feature","properties":{"name":"La Digue and Inner Islands","iso":"SYC"},"geometry":{"type":"Point","coordinates":[55.767,-4.353]}},{"type":"Feature","properties":{"name":"Kiribati","iso":"KIR"},"geometry":{"type":"Point","coordinates":[53.598,0.353]}},{"type":"Feature","properties":{"name":"Railik Chain","iso":"MHL"},"geometry":{"type":"Point","coordinates":[168.279,7.473]}},{"type":"Feature","properties":{"name":"Ratak Chain","iso":"MHL"},"geometry":{"type":"Point","coordinates":[171.288,7.862]}},{"type":"Feature","properties":{"name":"Lakshadweep","iso":"IND"},"geometry":{"type":"Point","coordinates":[72.975,10.443]}},{"type":"Feature","properties":{"name":"Nueva Esparta","iso":"VEN"},"geometry":{"type":"Point","coordinates":[-64.068,10.964]}},{"type":"Feature","properties":{"name":"Tunapuna/Piarco","iso":"TTO"},"geometry":{"type":"Point","coordinates":[-61.28,10.701]}},{"type":"Feature","properties":{"name":"San Juan-Laventille","iso":"TTO"},"geometry":{"type":"Point","coordinates":[-61.431,10.721]}},{"type":"Feature","properties":{"name":"Diego Martin","iso":"TTO"},"geometry":{"type":"Point","coordinates":[-61.564,10.705]}},{"type":"Feature","properties":{"name":"Port of Spain","iso":"TTO"},"geometry":{"type":"Point","coordinates":[-61.515,10.662]}},{"type":"Feature","properties":{"name":"Chaguanas","iso":"TTO"},"geometry":{"type":"Point","coordinates":[-61.422,10.528]}},{"type":"Feature","properties":{"name":"Couva-Tabaquite-Talparo","iso":"TTO"},"geometry":{"type":"Point","coordinates":[-61.362,10.442]}},{"type":"Feature","properties":{"name":"San Fernando","iso":"TTO"},"geometry":{"type":"Point","coordinates":[-61.466,10.277]}},{"type":"Feature","properties":{"name":"Penal-Debe","iso":"TTO"},"geometry":{"type":"Point","coordinates":[-61.471,10.183]}},{"type":"Feature","properties":{"name":"Siparia","iso":"TTO"},"geometry":{"type":"Point","coordinates":[-61.668,10.133]}},{"type":"Feature","properties":{"name":"Point Fortin","iso":"TTO"},"geometry":{"type":"Point","coordinates":[-61.662,10.176]}},{"type":"Feature","properties":{"name":"Princes Town","iso":"TTO"},"geometry":{"type":"Point","coordinates":[-61.291,10.236]}},{"type":"Feature","properties":{"name":"Rio Claro-Mayaro","iso":"TTO"},"geometry":{"type":"Point","coordinates":[-61.112,10.277]}},{"type":"Feature","properties":{"name":"Sangre Grande","iso":"TTO"},"geometry":{"type":"Point","coordinates":[-61.154,10.661]}},{"type":"Feature","properties":{"name":"Dependencias Federales","iso":"VEN"},"geometry":{"type":"Point","coordinates":[-66.343,11.685]}},{"type":"Feature","properties":{"name":"Eastern Tobago","iso":"TTO"},"geometry":{"type":"Point","coordinates":[-60.599,11.277]}},{"type":"Feature","properties":{"name":"Western Tobago","iso":"TTO"},"geometry":{"type":"Point","coordinates":[-60.737,11.214]}},{"type":"Feature","properties":{"name":"Saint George","iso":"GRD"},"geometry":{"type":"Point","coordinates":[-61.72,12.043]}},{"type":"Feature","properties":{"name":"Saint David","iso":"GRD"},"geometry":{"type":"Point","coordinates":[-61.661,12.056]}},{"type":"Feature","properties":{"name":"Saint Andrew","iso":"GRD"},"geometry":{"type":"Point","coordinates":[-61.639,12.118]}},{"type":"Feature","properties":{"name":"Saint Patrick","iso":"GRD"},"geometry":{"type":"Point","coordinates":[-61.638,12.21]}},{"type":"Feature","properties":{"name":"Saint Mark","iso":"GRD"},"geometry":{"type":"Point","coordinates":[-61.681,12.188]}},{"type":"Feature","properties":{"name":"Saint John","iso":"GRD"},"geometry":{"type":"Point","coordinates":[-61.707,12.142]}},{"type":"Feature","properties":{"name":"Andaman and Nicobar","iso":"IND"},"geometry":{"type":"Point","coordinates":[93.022,10.922]}},{"type":"Feature","properties":{"name":"Bonaire","iso":"NLD"},"geometry":{"type":"Point","coordinates":[-68.284,12.177]}},{"type":"Feature","properties":{"name":"Carriacou and Petite Martinique","iso":"GRD"},"geometry":{"type":"Point","coordinates":[-61.462,12.474]}},{"type":"Feature","properties":{"name":"San Andrés y Providencia","iso":"COL"},"geometry":{"type":"Point","coordinates":[-81.079,13.132]}},{"type":"Feature","properties":{"name":"Grenadines","iso":"VCT"},"geometry":{"type":"Point","coordinates":[-61.301,12.822]}},{"type":"Feature","properties":{"name":"Saint Joseph","iso":"BRB"},"geometry":{"type":"Point","coordinates":[-59.553,13.219]}},{"type":"Feature","properties":{"name":"Saint Andrew","iso":"BRB"},"geometry":{"type":"Point","coordinates":[-59.584,13.268]}},{"type":"Feature","properties":{"name":"Saint Peter","iso":"BRB"},"geometry":{"type":"Point","coordinates":[-59.597,13.282]}},{"type":"Feature","properties":{"name":"Saint Lucy","iso":"BRB"},"geometry":{"type":"Point","coordinates":[-59.624,13.306]}},{"type":"Feature","properties":{"name":"Saint James","iso":"BRB"},"geometry":{"type":"Point","coordinates":[-59.619,13.191]}},{"type":"Feature","properties":{"name":"Saint Michael","iso":"BRB"},"geometry":{"type":"Point","coordinates":[-59.609,13.125]}},{"type":"Feature","properties":{"name":"Christ Church","iso":"BRB"},"geometry":{"type":"Point","coordinates":[-59.519,13.092]}},{"type":"Feature","properties":{"name":"Saint Philip","iso":"BRB"},"geometry":{"type":"Point","coordinates":[-59.481,13.134]}},{"type":"Feature","properties":{"name":"Saint John","iso":"BRB"},"geometry":{"type":"Point","coordinates":[-59.511,13.187]}},{"type":"Feature","properties":{"name":"Saint Andrew","iso":"VCT"},"geometry":{"type":"Point","coordinates":[-61.224,13.205]}},{"type":"Feature","properties":{"name":"Saint George","iso":"VCT"},"geometry":{"type":"Point","coordinates":[-61.178,13.185]}},{"type":"Feature","properties":{"name":"Charlotte","iso":"VCT"},"geometry":{"type":"Point","coordinates":[-61.165,13.291]}},{"type":"Feature","properties":{"name":"Saint David","iso":"VCT"},"geometry":{"type":"Point","coordinates":[-61.207,13.311]}},{"type":"Feature","properties":{"name":"Saint Patrick","iso":"VCT"},"geometry":{"type":"Point","coordinates":[-61.236,13.237]}},{"type":"Feature","properties":{"name":"Gros Islet","iso":"LCA"},"geometry":{"type":"Point","coordinates":[-60.942,14.063]}},{"type":"Feature","properties":{"name":"Castries","iso":"LCA"},"geometry":{"type":"Point","coordinates":[-60.977,13.973]}},{"type":"Feature","properties":{"name":"Anse-la-Raye","iso":"LCA"},"geometry":{"type":"Point","coordinates":[-61.018,13.923]}},{"type":"Feature","properties":{"name":"Soufrière","iso":"LCA"},"geometry":{"type":"Point","coordinates":[-61.032,13.855]}},{"type":"Feature","properties":{"name":"Choiseul","iso":"LCA"},"geometry":{"type":"Point","coordinates":[-61.017,13.799]}},{"type":"Feature","properties":{"name":"Laborie","iso":"LCA"},"geometry":{"type":"Point","coordinates":[-60.981,13.78]}},{"type":"Feature","properties":{"name":"Vieux Fort","iso":"LCA"},"geometry":{"type":"Point","coordinates":[-60.953,13.776]}},{"type":"Feature","properties":{"name":"Micoud","iso":"LCA"},"geometry":{"type":"Point","coordinates":[-60.927,13.812]}},{"type":"Feature","properties":{"name":"Praslin","iso":"LCA"},"geometry":{"type":"Point","coordinates":[-60.926,13.877]}},{"type":"Feature","properties":{"name":"Dennery","iso":"LCA"},"geometry":{"type":"Point","coordinates":[-60.918,13.943]}},{"type":"Feature","properties":{"name":"Dauphin","iso":"LCA"},"geometry":{"type":"Point","coordinates":[-60.912,14.027]}},{"type":"Feature","properties":{"name":"Martinique","iso":"FRA"},"geometry":{"type":"Point","coordinates":[-60.978,14.624]}},{"type":"Feature","properties":{"name":"Saint Patrick","iso":"DMA"},"geometry":{"type":"Point","coordinates":[-61.309,15.273]}},{"type":"Feature","properties":{"name":"Saint David","iso":"DMA"},"geometry":{"type":"Point","coordinates":[-61.287,15.427]}},{"type":"Feature","properties":{"name":"Saint Andrew","iso":"DMA"},"geometry":{"type":"Point","coordinates":[-61.355,15.522]}},{"type":"Feature","properties":{"name":"Saint John","iso":"DMA"},"geometry":{"type":"Point","coordinates":[-61.45,15.56]}},{"type":"Feature","properties":{"name":"Saint Peter","iso":"DMA"},"geometry":{"type":"Point","coordinates":[-61.46,15.51]}},{"type":"Feature","properties":{"name":"Saint Joseph","iso":"DMA"},"geometry":{"type":"Point","coordinates":[-61.392,15.453]}},{"type":"Feature","properties":{"name":"Saint Paul","iso":"DMA"},"geometry":{"type":"Point","coordinates":[-61.378,15.342]}},{"type":"Feature","properties":{"name":"Saint George","iso":"DMA"},"geometry":{"type":"Point","coordinates":[-61.35,15.308]}},{"type":"Feature","properties":{"name":"Saint Luke","iso":"DMA"},"geometry":{"type":"Point","coordinates":[-61.367,15.245]}},{"type":"Feature","properties":{"name":"Saint Mark","iso":"DMA"},"geometry":{"type":"Point","coordinates":[-61.362,15.218]}},{"type":"Feature","properties":{"name":"Guadeloupe","iso":"FRA"},"geometry":{"type":"Point","coordinates":[-61.48,16.178]}},{"type":"Feature","properties":{"name":"Islas de la Bahía","iso":"HND"},"geometry":{"type":"Point","coordinates":[-86.099,16.461]}},{"type":"Feature","properties":{"name":"Johnston Atoll","iso":"UMI"},"geometry":{"type":"Point","coordinates":[-169.53,16.745]}},{"type":"Feature","properties":{"name":"Saint Peter","iso":"MSR"},"geometry":{"type":"Point","coordinates":[-62.194,16.778]}},{"type":"Feature","properties":{"name":"Saint Anthony","iso":"MSR"},"geometry":{"type":"Point","coordinates":[-62.171,16.711]}},{"type":"Feature","properties":{"name":"Saint Georges","iso":"MSR"},"geometry":{"type":"Point","coordinates":[-62.166,16.746]}},{"type":"Feature","properties":{"name":"Saint Paul","iso":"ATG"},"geometry":{"type":"Point","coordinates":[-61.766,17.031]}},{"type":"Feature","properties":{"name":"Saint Philip","iso":"ATG"},"geometry":{"type":"Point","coordinates":[-61.693,17.071]}},{"type":"Feature","properties":{"name":"Saint Peter","iso":"ATG"},"geometry":{"type":"Point","coordinates":[-61.741,17.105]}},{"type":"Feature","properties":{"name":"Saint George","iso":"ATG"},"geometry":{"type":"Point","coordinates":[-61.781,17.115]}},{"type":"Feature","properties":{"name":"Saint John","iso":"ATG"},"geometry":{"type":"Point","coordinates":[-61.826,17.1]}},{"type":"Feature","properties":{"name":"Saint Mary","iso":"ATG"},"geometry":{"type":"Point","coordinates":[-61.844,17.048]}},{"type":"Feature","properties":{"name":"Saint Paul Charlestown","iso":"KNA"},"geometry":{"type":"Point","coordinates":[-62.607,17.135]}},{"type":"Feature","properties":{"name":"Saint John Figtree","iso":"KNA"},"geometry":{"type":"Point","coordinates":[-62.592,17.12]}},{"type":"Feature","properties":{"name":"Saint George Gingerland","iso":"KNA"},"geometry":{"type":"Point","coordinates":[-62.55,17.128]}},{"type":"Feature","properties":{"name":"Saint James Windward","iso":"KNA"},"geometry":{"type":"Point","coordinates":[-62.57,17.172]}},{"type":"Feature","properties":{"name":"Saint Thomas Lowland","iso":"KNA"},"geometry":{"type":"Point","coordinates":[-62.608,17.159]}},{"type":"Feature","properties":{"name":"Saint Paul Capesterre","iso":"KNA"},"geometry":{"type":"Point","coordinates":[-62.833,17.388]}},{"type":"Feature","properties":{"name":"Saint Anne Sandy Point","iso":"KNA"},"geometry":{"type":"Point","coordinates":[-62.834,17.361]}},{"type":"Feature","properties":{"name":"Saint Thomas Middle Island","iso":"KNA"},"geometry":{"type":"Point","coordinates":[-62.788,17.329]}},{"type":"Feature","properties":{"name":"Trinity Palmetto Point","iso":"KNA"},"geometry":{"type":"Point","coordinates":[-62.746,17.309]}},{"type":"Feature","properties":{"name":"Saint George Basseterre","iso":"KNA"},"geometry":{"type":"Point","coordinates":[-62.687,17.282]}},{"type":"Feature","properties":{"name":"Saint Peter Basseterre","iso":"KNA"},"geometry":{"type":"Point","coordinates":[-62.712,17.323]}},{"type":"Feature","properties":{"name":"Saint Mary Cayon","iso":"KNA"},"geometry":{"type":"Point","coordinates":[-62.73,17.347]}},{"type":"Feature","properties":{"name":"Christ Church Nichola Town","iso":"KNA"},"geometry":{"type":"Point","coordinates":[-62.761,17.356]}},{"type":"Feature","properties":{"name":"Saint John Capesterre","iso":"KNA"},"geometry":{"type":"Point","coordinates":[-62.805,17.385]}},{"type":"Feature","properties":{"name":"St. Eustatius","iso":"NLD"},"geometry":{"type":"Point","coordinates":[-62.975,17.495]}},{"type":"Feature","properties":{"name":"Barbuda","iso":"ATG"},"geometry":{"type":"Point","coordinates":[-61.817,17.647]}},{"type":"Feature","properties":{"name":"Saint Croix","iso":"VIR"},"geometry":{"type":"Point","coordinates":[-64.734,17.75]}},{"type":"Feature","properties":{"name":"Saint Barthélemy","iso":"BLM"},"geometry":{"type":"Point","coordinates":[-62.837,17.903]}},{"type":"Feature","properties":{"name":"Puerto Rico","iso":"PRI"},"geometry":{"type":"Point","coordinates":[-66.342,18.179]}},{"type":"Feature","properties":{"name":"La Altagracia","iso":"DOM"},"geometry":{"type":"Point","coordinates":[-68.677,18.456]}},{"type":"Feature","properties":{"name":"East End","iso":"AIA"},"geometry":{"type":"Point","coordinates":[-62.977,18.272]}},{"type":"Feature","properties":{"name":"Stoney Ground","iso":"AIA"},"geometry":{"type":"Point","coordinates":[-63.024,18.253]}},{"type":"Feature","properties":{"name":"North Side","iso":"AIA"},"geometry":{"type":"Point","coordinates":[-63.042,18.254]}},{"type":"Feature","properties":{"name":"The Valley","iso":"AIA"},"geometry":{"type":"Point","coordinates":[-63.059,18.234]}},{"type":"Feature","properties":{"name":"North Hill","iso":"AIA"},"geometry":{"type":"Point","coordinates":[-63.07,18.223]}},{"type":"Feature","properties":{"name":"Sandy Ground","iso":"AIA"},"geometry":{"type":"Point","coordinates":[-63.084,18.217]}},{"type":"Feature","properties":{"name":"South Hill","iso":"AIA"},"geometry":{"type":"Point","coordinates":[-63.095,18.206]}},{"type":"Feature","properties":{"name":"West End","iso":"AIA"},"geometry":{"type":"Point","coordinates":[-63.137,18.186]}},{"type":"Feature","properties":{"name":"Blowing Point","iso":"AIA"},"geometry":{"type":"Point","coordinates":[-63.087,18.198]}},{"type":"Feature","properties":{"name":"The Farrington","iso":"AIA"},"geometry":{"type":"Point","coordinates":[-63.044,18.217]}},{"type":"Feature","properties":{"name":"Sandy Hill","iso":"AIA"},"geometry":{"type":"Point","coordinates":[-63.011,18.237]}},{"type":"Feature","properties":{"name":"Island Harbour","iso":"AIA"},"geometry":{"type":"Point","coordinates":[-63.003,18.271]}},{"type":"Feature","properties":{"name":"Saint John","iso":"VIR"},"geometry":{"type":"Point","coordinates":[-64.723,18.344]}},{"type":"Feature","properties":{"name":"Saint Thomas","iso":"VIR"},"geometry":{"type":"Point","coordinates":[-64.931,18.344]}},{"type":"Feature","properties":{"name":"British Virgin Islands","iso":"VGB"},"geometry":{"type":"Point","coordinates":[-64.542,18.463]}},{"type":"Feature","properties":{"name":"Saint Ann","iso":"JAM"},"geometry":{"type":"Point","coordinates":[-77.258,18.343]}},{"type":"Feature","properties":{"name":"Trelawny","iso":"JAM"},"geometry":{"type":"Point","coordinates":[-77.552,18.359]}},{"type":"Feature","properties":{"name":"Saint James","iso":"JAM"},"geometry":{"type":"Point","coordinates":[-77.932,18.378]}},{"type":"Feature","properties":{"name":"Hanover","iso":"JAM"},"geometry":{"type":"Point","coordinates":[-78.136,18.368]}},{"type":"Feature","properties":{"name":"Westmoreland","iso":"JAM"},"geometry":{"type":"Point","coordinates":[-78.09,18.212]}},{"type":"Feature","properties":{"name":"Saint Elizabeth","iso":"JAM"},"geometry":{"type":"Point","coordinates":[-77.826,18.027]}},{"type":"Feature","properties":{"name":"Manchester","iso":"JAM"},"geometry":{"type":"Point","coordinates":[-77.454,17.976]}},{"type":"Feature","properties":{"name":"Clarendon","iso":"JAM"},"geometry":{"type":"Point","coordinates":[-77.269,17.945]}},{"type":"Feature","properties":{"name":"Saint Catherine","iso":"JAM"},"geometry":{"type":"Point","coordinates":[-76.985,18.038]}},{"type":"Feature","properties":{"name":"Saint Andrew","iso":"JAM"},"geometry":{"type":"Point","coordinates":[-76.765,18.035]}},{"type":"Feature","properties":{"name":"Kingston","iso":"JAM"},"geometry":{"type":"Point","coordinates":[-76.762,17.974]}},{"type":"Feature","properties":{"name":"Saint Thomas","iso":"JAM"},"geometry":{"type":"Point","coordinates":[-76.493,17.971]}},{"type":"Feature","properties":{"name":"Portland","iso":"JAM"},"geometry":{"type":"Point","coordinates":[-76.532,18.092]}},{"type":"Feature","properties":{"name":"Saint Mary","iso":"JAM"},"geometry":{"type":"Point","coordinates":[-76.93,18.283]}},{"type":"Feature","properties":{"name":"Cayman Islands","iso":"CYM"},"geometry":{"type":"Point","coordinates":[-80.902,19.435]}},{"type":"Feature","properties":{"name":"El Seybo","iso":"DOM"},"geometry":{"type":"Point","coordinates":[-69.039,18.882]}},{"type":"Feature","properties":{"name":"Hato Mayor","iso":"DOM"},"geometry":{"type":"Point","coordinates":[-69.407,18.913]}},{"type":"Feature","properties":{"name":"Samaná","iso":"DOM"},"geometry":{"type":"Point","coordinates":[-69.507,19.243]}},{"type":"Feature","properties":{"name":"María Trinidad Sánchez","iso":"DOM"},"geometry":{"type":"Point","coordinates":[-69.986,19.466]}},{"type":"Feature","properties":{"name":"Espaillat","iso":"DOM"},"geometry":{"type":"Point","coordinates":[-70.375,19.543]}},{"type":"Feature","properties":{"name":"Puerto Plata","iso":"DOM"},"geometry":{"type":"Point","coordinates":[-70.865,19.781]}},{"type":"Feature","properties":{"name":"Nord","iso":"HTI"},"geometry":{"type":"Point","coordinates":[-72.317,19.667]}},{"type":"Feature","properties":{"name":"L'Artibonite","iso":"HTI"},"geometry":{"type":"Point","coordinates":[-72.647,19.36]}},{"type":"Feature","properties":{"name":"Nippes","iso":"HTI"},"geometry":{"type":"Point","coordinates":[-73.453,18.453]}},{"type":"Feature","properties":{"name":"Barahona","iso":"DOM"},"geometry":{"type":"Point","coordinates":[-71.169,18.193]}},{"type":"Feature","properties":{"name":"Azua","iso":"DOM"},"geometry":{"type":"Point","coordinates":[-70.822,18.496]}},{"type":"Feature","properties":{"name":"Peravia","iso":"DOM"},"geometry":{"type":"Point","coordinates":[-70.38,18.307]}},{"type":"Feature","properties":{"name":"San Cristóbal","iso":"DOM"},"geometry":{"type":"Point","coordinates":[-70.18,18.477]}},{"type":"Feature","properties":{"name":"Santo Domingo","iso":"DOM"},"geometry":{"type":"Point","coordinates":[-69.842,18.548]}},{"type":"Feature","properties":{"name":"Distrito Nacional","iso":"DOM"},"geometry":{"type":"Point","coordinates":[-69.937,18.48]}},{"type":"Feature","properties":{"name":"San Pedro de Macorís","iso":"DOM"},"geometry":{"type":"Point","coordinates":[-69.33,18.539]}},{"type":"Feature","properties":{"name":"La Romana","iso":"DOM"},"geometry":{"type":"Point","coordinates":[-68.979,18.502]}},{"type":"Feature","properties":{"name":"Camagüey","iso":"CUB"},"geometry":{"type":"Point","coordinates":[-77.855,21.601]}},{"type":"Feature","properties":{"name":"Ciego de Ávila","iso":"CUB"},"geometry":{"type":"Point","coordinates":[-78.664,21.802]}},{"type":"Feature","properties":{"name":"Holguín","iso":"CUB"},"geometry":{"type":"Point","coordinates":[-75.695,20.693]}},{"type":"Feature","properties":{"name":"Grand Turk","iso":"TCA"},"geometry":{"type":"Point","coordinates":[-71.14,21.477]}},{"type":"Feature","properties":{"name":"Isla de la Juventud","iso":"CUB"},"geometry":{"type":"Point","coordinates":[-82.43,21.672]}},{"type":"Feature","properties":{"name":"Crooked Island and Long Cay","iso":"BHS"},"geometry":{"type":"Point","coordinates":[-74.169,22.776]}},{"type":"Feature","properties":{"name":"Sancti Spíritus","iso":"CUB"},"geometry":{"type":"Point","coordinates":[-79.45,22.031]}},{"type":"Feature","properties":{"name":"Villa Clara","iso":"CUB"},"geometry":{"type":"Point","coordinates":[-80.068,22.696]}},{"type":"Feature","properties":{"name":"Matanzas","iso":"CUB"},"geometry":{"type":"Point","coordinates":[-81.101,22.704]}},{"type":"Feature","properties":{"name":"Exuma","iso":"BHS"},"geometry":{"type":"Point","coordinates":[-75.857,23.565]}},{"type":"Feature","properties":{"name":"Long Island","iso":"BHS"},"geometry":{"type":"Point","coordinates":[-75.131,23.285]}},{"type":"Feature","properties":{"name":"Rum Cay","iso":"BHS"},"geometry":{"type":"Point","coordinates":[-74.928,23.724]}},{"type":"Feature","properties":{"name":"Black Point","iso":"BHS"},"geometry":{"type":"Point","coordinates":[-76.539,24.266]}},{"type":"Feature","properties":{"name":"San Salvador","iso":"BHS"},"geometry":{"type":"Point","coordinates":[-74.482,24.057]}},{"type":"Feature","properties":{"name":"Central Andros","iso":"BHS"},"geometry":{"type":"Point","coordinates":[-77.885,24.331]}},{"type":"Feature","properties":{"name":"Mangrove Cay","iso":"BHS"},"geometry":{"type":"Point","coordinates":[-77.793,24.139]}},{"type":"Feature","properties":{"name":"South Andros","iso":"BHS"},"geometry":{"type":"Point","coordinates":[-77.637,23.908]}},{"type":"Feature","properties":{"name":"Cat Island","iso":"BHS"},"geometry":{"type":"Point","coordinates":[-75.539,24.413]}},{"type":"Feature","properties":{"name":"New Providence","iso":"BHS"},"geometry":{"type":"Point","coordinates":[-77.439,25.034]}},{"type":"Feature","properties":{"name":"North Andros","iso":"BHS"},"geometry":{"type":"Point","coordinates":[-78.177,24.783]}},{"type":"Feature","properties":{"name":"Central Eleuthera","iso":"BHS"},"geometry":{"type":"Point","coordinates":[-76.183,25.108]}},{"type":"Feature","properties":{"name":"North Eleuthera","iso":"BHS"},"geometry":{"type":"Point","coordinates":[-76.584,25.43]}},{"type":"Feature","properties":{"name":"South Eleuthera","iso":"BHS"},"geometry":{"type":"Point","coordinates":[-76.202,24.844]}},{"type":"Feature","properties":{"name":"Berry Islands","iso":"BHS"},"geometry":{"type":"Point","coordinates":[-77.863,25.551]}},{"type":"Feature","properties":{"name":"Moore's Island","iso":"BHS"},"geometry":{"type":"Point","coordinates":[-77.56,26.308]}},{"type":"Feature","properties":{"name":"City of Freeport","iso":"BHS"},"geometry":{"type":"Point","coordinates":[-78.623,26.528]}},{"type":"Feature","properties":{"name":"West Grand Bahama","iso":"BHS"},"geometry":{"type":"Point","coordinates":[-78.67,26.627]}},{"type":"Feature","properties":{"name":"East Grand Bahama","iso":"BHS"},"geometry":{"type":"Point","coordinates":[-78.023,26.657]}},{"type":"Feature","properties":{"name":"Central Abaco","iso":"BHS"},"geometry":{"type":"Point","coordinates":[-77.217,26.51]}},{"type":"Feature","properties":{"name":"South Abaco","iso":"BHS"},"geometry":{"type":"Point","coordinates":[-77.194,26.171]}},{"type":"Feature","properties":{"name":"North Abaco","iso":"BHS"},"geometry":{"type":"Point","coordinates":[-77.637,26.838]}},{"type":"Feature","properties":{"name":"Hamilton","iso":"BMU"},"geometry":{"type":"Point","coordinates":[-64.722,32.333]}},{"type":"Feature","properties":{"name":"Smith's","iso":"BMU"},"geometry":{"type":"Point","coordinates":[-64.729,32.319]}},{"type":"Feature","properties":{"name":"Devonshire","iso":"BMU"},"geometry":{"type":"Point","coordinates":[-64.76,32.302]}},{"type":"Feature","properties":{"name":"Pembroke","iso":"BMU"},"geometry":{"type":"Point","coordinates":[-64.794,32.296]}},{"type":"Feature","properties":{"name":"City of Hamilton","iso":"BMU"},"geometry":{"type":"Point","coordinates":[-64.788,32.293]}},{"type":"Feature","properties":{"name":"Paget","iso":"BMU"},"geometry":{"type":"Point","coordinates":[-64.789,32.282]}},{"type":"Feature","properties":{"name":"Warwick","iso":"BMU"},"geometry":{"type":"Point","coordinates":[-64.817,32.275]}},{"type":"Feature","properties":{"name":"Southampton","iso":"BMU"},"geometry":{"type":"Point","coordinates":[-64.851,32.258]}},{"type":"Feature","properties":{"name":"Sandys","iso":"BMU"},"geometry":{"type":"Point","coordinates":[-64.87,32.284]}},{"type":"Feature","properties":{"name":"Saint George's","iso":"BMU"},"geometry":{"type":"Point","coordinates":[-64.687,32.354]}},{"type":"Feature","properties":{"name":"Kalmyk","iso":"RUS"},"geometry":{"type":"Point","coordinates":[44.737,46.556]}},{"type":"Feature","properties":{"name":"Dəvəçi","iso":"AZE"},"geometry":{"type":"Point","coordinates":[48.885,41.152]}},{"type":"Feature","properties":{"name":"Siyəzən","iso":"AZE"},"geometry":{"type":"Point","coordinates":[49.056,40.999]}},{"type":"Feature","properties":{"name":"Xizı","iso":"AZE"},"geometry":{"type":"Point","coordinates":[49.238,40.768]}},{"type":"Feature","properties":{"name":"Sumqayıt","iso":"AZE"},"geometry":{"type":"Point","coordinates":[49.598,40.609]}},{"type":"Feature","properties":{"name":"Bakı","iso":"AZE"},"geometry":{"type":"Point","coordinates":[49.826,40.236]}},{"type":"Feature","properties":{"name":"Salyan","iso":"AZE"},"geometry":{"type":"Point","coordinates":[49.041,39.654]}},{"type":"Feature","properties":{"name":"Neftçala","iso":"AZE"},"geometry":{"type":"Point","coordinates":[49.135,39.354]}},{"type":"Feature","properties":{"name":"Lankaran","iso":"AZE"},"geometry":{"type":"Point","coordinates":[48.931,38.974]}},{"type":"Feature","properties":{"name":"Masallı","iso":"AZE"},"geometry":{"type":"Point","coordinates":[48.733,38.998]}},{"type":"Feature","properties":{"name":"Lankaran","iso":"AZE"},"geometry":{"type":"Point","coordinates":[48.841,38.756]}},{"type":"Feature","properties":{"name":"Mazandaran","iso":"IRN"},"geometry":{"type":"Point","coordinates":[52.513,36.457]}},{"type":"Feature","properties":{"name":"Heard Island and McDonald Islands","iso":"HMD"},"geometry":{"type":"Point","coordinates":[73.474,-53.056]}},{"type":"Feature","properties":{"name":"Archipel des Kerguelen","iso":"ATF"},"geometry":{"type":"Point","coordinates":[69.4,-49.198]}},{"type":"Feature","properties":{"name":"Archipel des Crozet","iso":"ATF"},"geometry":{"type":"Point","coordinates":[51.156,-46.273]}},{"type":"Feature","properties":{"name":"Tristan da Cunha","iso":"SHN"},"geometry":{"type":"Point","coordinates":[-11.177,-38.623]}},{"type":"Feature","properties":{"name":"La Réunion","iso":"FRA"},"geometry":{"type":"Point","coordinates":[55.548,-21.111]}},{"type":"Feature","properties":{"name":"Rivière du Rempart","iso":"MUS"},"geometry":{"type":"Point","coordinates":[57.653,-20.045]}},{"type":"Feature","properties":{"name":"Pamplemousses","iso":"MUS"},"geometry":{"type":"Point","coordinates":[57.563,-20.108]}},{"type":"Feature","properties":{"name":"Port Louis city","iso":"MUS"},"geometry":{"type":"Point","coordinates":[57.494,-20.15]}},{"type":"Feature","properties":{"name":"Rivière Noire","iso":"MUS"},"geometry":{"type":"Point","coordinates":[57.418,-20.346]}},{"type":"Feature","properties":{"name":"Savanne","iso":"MUS"},"geometry":{"type":"Point","coordinates":[57.51,-20.449]}},{"type":"Feature","properties":{"name":"Grand Port","iso":"MUS"},"geometry":{"type":"Point","coordinates":[57.689,-20.392]}},{"type":"Feature","properties":{"name":"Flacq","iso":"MUS"},"geometry":{"type":"Point","coordinates":[57.71,-20.209]}},{"type":"Feature","properties":{"name":"Saint Helena","iso":"SHN"},"geometry":{"type":"Point","coordinates":[-5.718,-15.964]}},{"type":"Feature","properties":{"name":"Mayotte","iso":"FRA"},"geometry":{"type":"Point","coordinates":[45.141,-12.827]}},{"type":"Feature","properties":{"name":"Moûhîlî","iso":"COM"},"geometry":{"type":"Point","coordinates":[43.722,-12.313]}},{"type":"Feature","properties":{"name":"Andjouân","iso":"COM"},"geometry":{"type":"Point","coordinates":[44.402,-12.2]}},{"type":"Feature","properties":{"name":"Andjazîdja","iso":"COM"},"geometry":{"type":"Point","coordinates":[43.361,-11.717]}},{"type":"Feature","properties":{"name":"Agaléga","iso":"MUS"},"geometry":{"type":"Point","coordinates":[56.538,-10.348]}},{"type":"Feature","properties":{"name":"Ascension","iso":"SHN"},"geometry":{"type":"Point","coordinates":[-14.366,-7.93]}},{"type":"Feature","properties":{"name":"Zanzibar South and Central","iso":"TZA"},"geometry":{"type":"Point","coordinates":[39.422,-6.21]}},{"type":"Feature","properties":{"name":"Kaskazini-Unguja","iso":"TZA"},"geometry":{"type":"Point","coordinates":[39.264,-5.888]}},{"type":"Feature","properties":{"name":"Zanzibar West","iso":"TZA"},"geometry":{"type":"Point","coordinates":[39.265,-6.21]}},{"type":"Feature","properties":{"name":"Kusini-Pemba","iso":"TZA"},"geometry":{"type":"Point","coordinates":[39.716,-5.325]}},{"type":"Feature","properties":{"name":"Kaskazini-Pemba","iso":"TZA"},"geometry":{"type":"Point","coordinates":[39.766,-5.03]}},{"type":"Feature","properties":{"name":"Grand'Anse","iso":"SYC"},"geometry":{"type":"Point","coordinates":[55.469,-4.68]}},{"type":"Feature","properties":{"name":"Anse Boileau","iso":"SYC"},"geometry":{"type":"Point","coordinates":[55.492,-4.711]}},{"type":"Feature","properties":{"name":"Baie Lazare","iso":"SYC"},"geometry":{"type":"Point","coordinates":[55.49,-4.759]}},{"type":"Feature","properties":{"name":"Takamaka","iso":"SYC"},"geometry":{"type":"Point","coordinates":[55.519,-4.784]}},{"type":"Feature","properties":{"name":"Anse Royale","iso":"SYC"},"geometry":{"type":"Point","coordinates":[55.515,-4.745]}},{"type":"Feature","properties":{"name":"Au Cap","iso":"SYC"},"geometry":{"type":"Point","coordinates":[55.515,-4.705]}},{"type":"Feature","properties":{"name":"Anse aux Pins","iso":"SYC"},"geometry":{"type":"Point","coordinates":[55.519,-4.682]}},{"type":"Feature","properties":{"name":"Pointe La Rue","iso":"SYC"},"geometry":{"type":"Point","coordinates":[55.516,-4.672]}},{"type":"Feature","properties":{"name":"Cascade","iso":"SYC"},"geometry":{"type":"Point","coordinates":[55.497,-4.666]}},{"type":"Feature","properties":{"name":"Roche Caïman","iso":"SYC"},"geometry":{"type":"Point","coordinates":[55.482,-4.647]}},{"type":"Feature","properties":{"name":"Plaisance","iso":"SYC"},"geometry":{"type":"Point","coordinates":[55.472,-4.65]}},{"type":"Feature","properties":{"name":"Mont Fleuri","iso":"SYC"},"geometry":{"type":"Point","coordinates":[55.496,-4.622]}},{"type":"Feature","properties":{"name":"Bel Air","iso":"SYC"},"geometry":{"type":"Point","coordinates":[55.454,-4.631]}},{"type":"Feature","properties":{"name":"English River","iso":"SYC"},"geometry":{"type":"Point","coordinates":[55.454,-4.607]}},{"type":"Feature","properties":{"name":"Anse Etoile","iso":"SYC"},"geometry":{"type":"Point","coordinates":[55.454,-4.586]}},{"type":"Feature","properties":{"name":"Glacis","iso":"SYC"},"geometry":{"type":"Point","coordinates":[55.444,-4.574]}},{"type":"Feature","properties":{"name":"Beau Vallon","iso":"SYC"},"geometry":{"type":"Point","coordinates":[55.429,-4.605]}},{"type":"Feature","properties":{"name":"Bel Ombre","iso":"SYC"},"geometry":{"type":"Point","coordinates":[55.407,-4.623]}},{"type":"Feature","properties":{"name":"Port Glaud","iso":"SYC"},"geometry":{"type":"Point","coordinates":[55.401,-4.659]}},{"type":"Feature","properties":{"name":"Baie Sainte Anne","iso":"SYC"},"geometry":{"type":"Point","coordinates":[55.733,-4.302]}},{"type":"Feature","properties":{"name":"Grand'Anse Praslin","iso":"SYC"},"geometry":{"type":"Point","coordinates":[55.687,-4.308]}},{"type":"Feature","properties":{"name":"Annobón","iso":"GNQ"},"geometry":{"type":"Point","coordinates":[5.626,-1.449]}},{"type":"Feature","properties":{"name":"São Tomé","iso":"STP"},"geometry":{"type":"Point","coordinates":[6.595,0.193]}},{"type":"Feature","properties":{"name":"Príncipe","iso":"STP"},"geometry":{"type":"Point","coordinates":[7.405,1.612]}},{"type":"Feature","properties":{"name":"Bioko Norte","iso":"GNQ"},"geometry":{"type":"Point","coordinates":[8.803,3.659]}},{"type":"Feature","properties":{"name":"Bioko Sur","iso":"GNQ"},"geometry":{"type":"Point","coordinates":[8.643,3.418]}},{"type":"Feature","properties":{"name":"Brava","iso":"CPV"},"geometry":{"type":"Point","coordinates":[-24.723,14.852]}},{"type":"Feature","properties":{"name":"Santa Catarina do Fogo","iso":"CPV"},"geometry":{"type":"Point","coordinates":[-24.332,14.917]}},{"type":"Feature","properties":{"name":"Mosteiros","iso":"CPV"},"geometry":{"type":"Point","coordinates":[-24.364,15.006]}},{"type":"Feature","properties":{"name":"São Filipe","iso":"CPV"},"geometry":{"type":"Point","coordinates":[-24.4,14.907]}},{"type":"Feature","properties":{"name":"Tarrafal","iso":"CPV"},"geometry":{"type":"Point","coordinates":[-23.738,15.261]}},{"type":"Feature","properties":{"name":"Santa Catarina","iso":"CPV"},"geometry":{"type":"Point","coordinates":[-23.71,15.082]}},{"type":"Feature","properties":{"name":"Ribeira Grande de Santiago","iso":"CPV"},"geometry":{"type":"Point","coordinates":[-23.611,14.966]}},{"type":"Feature","properties":{"name":"Praia","iso":"CPV"},"geometry":{"type":"Point","coordinates":[-23.509,14.946]}},{"type":"Feature","properties":{"name":"São Domingos","iso":"CPV"},"geometry":{"type":"Point","coordinates":[-23.501,15.018]}},{"type":"Feature","properties":{"name":"Santa Cruz","iso":"CPV"},"geometry":{"type":"Point","coordinates":[-23.551,15.116]}},{"type":"Feature","properties":{"name":"São Miguel","iso":"CPV"},"geometry":{"type":"Point","coordinates":[-23.646,15.175]}},{"type":"Feature","properties":{"name":"Maio","iso":"CPV"},"geometry":{"type":"Point","coordinates":[-23.189,15.242]}},{"type":"Feature","properties":{"name":"Boa Vista","iso":"CPV"},"geometry":{"type":"Point","coordinates":[-22.807,16.12]}},{"type":"Feature","properties":{"name":"Ribeira Brava","iso":"CPV"},"geometry":{"type":"Point","coordinates":[-24.247,16.612]}},{"type":"Feature","properties":{"name":"Tarrafal de São Nicolau","iso":"CPV"},"geometry":{"type":"Point","coordinates":[-24.363,16.583]}},{"type":"Feature","properties":{"name":"Sal","iso":"CPV"},"geometry":{"type":"Point","coordinates":[-22.924,16.718]}},{"type":"Feature","properties":{"name":"São Vicente","iso":"CPV"},"geometry":{"type":"Point","coordinates":[-24.866,16.807]}},{"type":"Feature","properties":{"name":"Ribeira Grande","iso":"CPV"},"geometry":{"type":"Point","coordinates":[-25.115,17.152]}},{"type":"Feature","properties":{"name":"Porto Novo","iso":"CPV"},"geometry":{"type":"Point","coordinates":[-25.199,17.035]}},{"type":"Feature","properties":{"name":"Paul","iso":"CPV"},"geometry":{"type":"Point","coordinates":[-25.008,17.117]}},{"type":"Feature","properties":{"name":"Santa Cruz de Tenerife","iso":"ESP"},"geometry":{"type":"Point","coordinates":[-17.219,28.251]}},{"type":"Feature","properties":{"name":"Las Palmas","iso":"ESP"},"geometry":{"type":"Point","coordinates":[-14.437,28.464]}},{"type":"Feature","properties":{"name":"Madeira","iso":"PRT"},"geometry":{"type":"Point","coordinates":[-16.613,32.371]}},{"type":"Feature","properties":{"name":"Kriti","iso":"GRC"},"geometry":{"type":"Point","coordinates":[24.784,35.268]}},{"type":"Feature","properties":{"name":"Notio Aigaio","iso":"GRC"},"geometry":{"type":"Point","coordinates":[25.984,36.827]}},{"type":"Feature","properties":{"name":"Paphos","iso":"CYP"},"geometry":{"type":"Point","coordinates":[32.601,34.919]}},{"type":"Feature","properties":{"name":"Kalkara","iso":"MLT"},"geometry":{"type":"Point","coordinates":[14.531,35.889]}},{"type":"Feature","properties":{"name":"Valletta","iso":"MLT"},"geometry":{"type":"Point","coordinates":[14.514,35.896]}},{"type":"Feature","properties":{"name":"Sliema","iso":"MLT"},"geometry":{"type":"Point","coordinates":[14.506,35.911]}},{"type":"Feature","properties":{"name":"San Giljan","iso":"MLT"},"geometry":{"type":"Point","coordinates":[14.492,35.918]}},{"type":"Feature","properties":{"name":"Pembroke","iso":"MLT"},"geometry":{"type":"Point","coordinates":[14.475,35.93]}},{"type":"Feature","properties":{"name":"Naxxar","iso":"MLT"},"geometry":{"type":"Point","coordinates":[14.439,35.926]}},{"type":"Feature","properties":{"name":"San Pawl il-Bahar","iso":"MLT"},"geometry":{"type":"Point","coordinates":[14.403,35.929]}},{"type":"Feature","properties":{"name":"Mellieħa","iso":"MLT"},"geometry":{"type":"Point","coordinates":[14.362,35.956]}},{"type":"Feature","properties":{"name":"Mġarr","iso":"MLT"},"geometry":{"type":"Point","coordinates":[14.373,35.913]}},{"type":"Feature","properties":{"name":"Rabat","iso":"MLT"},"geometry":{"type":"Point","coordinates":[14.386,35.885]}},{"type":"Feature","properties":{"name":"Dingli","iso":"MLT"},"geometry":{"type":"Point","coordinates":[14.387,35.857]}},{"type":"Feature","properties":{"name":"Siġġiewi","iso":"MLT"},"geometry":{"type":"Point","coordinates":[14.438,35.85]}},{"type":"Feature","properties":{"name":"Qrendi","iso":"MLT"},"geometry":{"type":"Point","coordinates":[14.452,35.831]}},{"type":"Feature","properties":{"name":"Żurrieq","iso":"MLT"},"geometry":{"type":"Point","coordinates":[14.486,35.825]}},{"type":"Feature","properties":{"name":"Birżebbuġa","iso":"MLT"},"geometry":{"type":"Point","coordinates":[14.516,35.824]}},{"type":"Feature","properties":{"name":"Marsaxlokk","iso":"MLT"},"geometry":{"type":"Point","coordinates":[14.544,35.84]}},{"type":"Feature","properties":{"name":"Marsaskala","iso":"MLT"},"geometry":{"type":"Point","coordinates":[14.553,35.857]}},{"type":"Feature","properties":{"name":"Żabbar","iso":"MLT"},"geometry":{"type":"Point","coordinates":[14.539,35.872]}},{"type":"Feature","properties":{"name":"Xgħajra","iso":"MLT"},"geometry":{"type":"Point","coordinates":[14.546,35.883]}},{"type":"Feature","properties":{"name":"San Lawrenz","iso":"MLT"},"geometry":{"type":"Point","coordinates":[14.198,36.047]}},{"type":"Feature","properties":{"name":"Kerċem","iso":"MLT"},"geometry":{"type":"Point","coordinates":[14.218,36.038]}},{"type":"Feature","properties":{"name":"Munxar","iso":"MLT"},"geometry":{"type":"Point","coordinates":[14.23,36.026]}},{"type":"Feature","properties":{"name":"Sannat","iso":"MLT"},"geometry":{"type":"Point","coordinates":[14.254,36.02]}},{"type":"Feature","properties":{"name":"Għajnsielem","iso":"MLT"},"geometry":{"type":"Point","coordinates":[14.284,36.026]}},{"type":"Feature","properties":{"name":"Qala","iso":"MLT"},"geometry":{"type":"Point","coordinates":[14.311,36.035]}},{"type":"Feature","properties":{"name":"Nadur","iso":"MLT"},"geometry":{"type":"Point","coordinates":[14.297,36.043]}},{"type":"Feature","properties":{"name":"Xagħra","iso":"MLT"},"geometry":{"type":"Point","coordinates":[14.268,36.051]}},{"type":"Feature","properties":{"name":"Żebbuġ","iso":"MLT"},"geometry":{"type":"Point","coordinates":[14.249,36.059]}},{"type":"Feature","properties":{"name":"Għasri","iso":"MLT"},"geometry":{"type":"Point","coordinates":[14.227,36.059]}},{"type":"Feature","properties":{"name":"Għarb","iso":"MLT"},"geometry":{"type":"Point","coordinates":[14.205,36.06]}},{"type":"Feature","properties":{"name":"Trapani","iso":"ITA"},"geometry":{"type":"Point","coordinates":[12.517,37.734]}},{"type":"Feature","properties":{"name":"Azores","iso":"PRT"},"geometry":{"type":"Point","coordinates":[-27.949,38.546]}},{"type":"Feature","properties":{"name":"Voreio Aigaio","iso":"GRC"},"geometry":{"type":"Point","coordinates":[25.95,38.888]}},{"type":"Feature","properties":{"name":"Ionioi Nisoi","iso":"GRC"},"geometry":{"type":"Point","coordinates":[20.478,38.66]}},{"type":"Feature","properties":{"name":"Messina","iso":"ITA"},"geometry":{"type":"Point","coordinates":[14.885,38.181]}},{"type":"Feature","properties":{"name":"Palermo","iso":"ITA"},"geometry":{"type":"Point","coordinates":[13.516,37.892]}},{"type":"Feature","properties":{"name":"Agrigento","iso":"ITA"},"geometry":{"type":"Point","coordinates":[13.401,37.194]}},{"type":"Feature","properties":{"name":"Caltanissetta","iso":"ITA"},"geometry":{"type":"Point","coordinates":[14.011,37.453]}},{"type":"Feature","properties":{"name":"Ragusa","iso":"ITA"},"geometry":{"type":"Point","coordinates":[14.765,36.926]}},{"type":"Feature","properties":{"name":"Siracusa","iso":"ITA"},"geometry":{"type":"Point","coordinates":[15.03,37.083]}},{"type":"Feature","properties":{"name":"Catania","iso":"ITA"},"geometry":{"type":"Point","coordinates":[14.756,37.498]}},{"type":"Feature","properties":{"name":"Baleares","iso":"ESP"},"geometry":{"type":"Point","coordinates":[2.709,39.473]}},{"type":"Feature","properties":{"name":"Carbonia-Iglesias","iso":"ITA"},"geometry":{"type":"Point","coordinates":[8.512,39.173]}},{"type":"Feature","properties":{"name":"Sassari","iso":"ITA"},"geometry":{"type":"Point","coordinates":[8.617,40.701]}},{"type":"Feature","properties":{"name":"Nuoro","iso":"ITA"},"geometry":{"type":"Point","coordinates":[9.253,40.299]}},{"type":"Feature","properties":{"name":"Olbia-Tempio","iso":"ITA"},"geometry":{"type":"Point","coordinates":[9.374,40.998]}},{"type":"Feature","properties":{"name":"Oristrano","iso":"ITA"},"geometry":{"type":"Point","coordinates":[8.647,39.992]}},{"type":"Feature","properties":{"name":"Medio Campidano","iso":"ITA"},"geometry":{"type":"Point","coordinates":[8.697,39.584]}},{"type":"Feature","properties":{"name":"Cagliari","iso":"ITA"},"geometry":{"type":"Point","coordinates":[9.117,39.324]}},{"type":"Feature","properties":{"name":"Ogliastra","iso":"ITA"},"geometry":{"type":"Point","coordinates":[9.501,39.88]}},{"type":"Feature","properties":{"name":"Haute-Corse","iso":"FRA"},"geometry":{"type":"Point","coordinates":[9.18,42.513]}},{"type":"Feature","properties":{"name":"Corse-du-Sud","iso":"FRA"},"geometry":{"type":"Point","coordinates":[8.909,41.836]}},{"type":"Feature","properties":{"name":"Jersey","iso":"JEY"},"geometry":{"type":"Point","coordinates":[-2.123,49.219]}},{"type":"Feature","properties":{"name":"Sark","iso":"GGY"},"geometry":{"type":"Point","coordinates":[-2.435,49.512]}},{"type":"Feature","properties":{"name":"Isle of Wight","iso":"GBR"},"geometry":{"type":"Point","coordinates":[-1.252,50.689]}},{"type":"Feature","properties":{"name":"Anglesey","iso":"GBR"},"geometry":{"type":"Point","coordinates":[-4.381,53.264]}},{"type":"Feature","properties":{"name":"Isle of Man","iso":"IMN"},"geometry":{"type":"Point","coordinates":[-4.572,54.188]}},{"type":"Feature","properties":{"name":"Sjaælland","iso":"DNK"},"geometry":{"type":"Point","coordinates":[11.743,55.272]}},{"type":"Feature","properties":{"name":"Hovedstaden","iso":"DNK"},"geometry":{"type":"Point","coordinates":[12.898,55.622]}},{"type":"Feature","properties":{"name":"Eilean Siar","iso":"GBR"},"geometry":{"type":"Point","coordinates":[-7.063,57.795]}},{"type":"Feature","properties":{"name":"Gotland","iso":"SWE"},"geometry":{"type":"Point","coordinates":[18.734,57.599]}},{"type":"Feature","properties":{"name":"Orkney","iso":"GBR"},"geometry":{"type":"Point","coordinates":[-2.916,59.084]}},{"type":"Feature","properties":{"name":"Shetland Islands","iso":"GBR"},"geometry":{"type":"Point","coordinates":[-1.232,60.361]}},{"type":"Feature","properties":{"name":"Lumparland","iso":"ALD"},"geometry":{"type":"Point","coordinates":[20.249,60.107]}},{"type":"Feature","properties":{"name":"Eckerö","iso":"ALD"},"geometry":{"type":"Point","coordinates":[19.596,60.196]}},{"type":"Feature","properties":{"name":"Vårdö","iso":"ALD"},"geometry":{"type":"Point","coordinates":[20.395,60.239]}},{"type":"Feature","properties":{"name":"Kumlinge","iso":"ALD"},"geometry":{"type":"Point","coordinates":[20.759,60.285]}},{"type":"Feature","properties":{"name":"Jomala","iso":"ALD"},"geometry":{"type":"Point","coordinates":[19.918,60.124]}},{"type":"Feature","properties":{"name":"Mariehamn","iso":"ALD"},"geometry":{"type":"Point","coordinates":[19.945,60.079]}},{"type":"Feature","properties":{"name":"Eysturoyar","iso":"FRO"},"geometry":{"type":"Point","coordinates":[-6.82,62.07]}},{"type":"Feature","properties":{"name":"Tasmania","iso":"AUS"},"geometry":{"type":"Point","coordinates":[146.795,-41.952]}},{"type":"Feature","properties":{"name":"Cocos (Keeling) Islands","iso":"IOA"},"geometry":{"type":"Point","coordinates":[96.87,-12.175]}},{"type":"Feature","properties":{"name":"Bali","iso":"IDN"},"geometry":{"type":"Point","coordinates":[115.184,-8.503]}},{"type":"Feature","properties":{"name":"British Indian Ocean Territory","iso":"IOT"},"geometry":{"type":"Point","coordinates":[72.012,-6.442]}},{"type":"Feature","properties":{"name":"South West","iso":"SGP"},"geometry":{"type":"Point","coordinates":[103.764,1.338]}},{"type":"Feature","properties":{"name":"Central Singapore","iso":"SGP"},"geometry":{"type":"Point","coordinates":[103.856,1.353]}},{"type":"Feature","properties":{"name":"South East","iso":"SGP"},"geometry":{"type":"Point","coordinates":[103.927,1.357]}},{"type":"Feature","properties":{"name":"North East","iso":"SGP"},"geometry":{"type":"Point","coordinates":[103.929,1.382]}},{"type":"Feature","properties":{"name":"North West","iso":"SGP"},"geometry":{"type":"Point","coordinates":[103.808,1.387]}},{"type":"Feature","properties":{"name":"Labuan","iso":"MYS"},"geometry":{"type":"Point","coordinates":[115.218,5.314]}},{"type":"Feature","properties":{"name":"Phuket","iso":"THA"},"geometry":{"type":"Point","coordinates":[98.341,7.986]}},{"type":"Feature","properties":{"name":"Hawaii","iso":"USA"},"geometry":{"type":"Point","coordinates":[-158.312,21.332]}},{"type":"Feature","properties":{"name":"Okinawa","iso":"JPN"},"geometry":{"type":"Point","coordinates":[127.452,26.591]}},{"type":"Feature","properties":{"name":"Kinmen","iso":"TWN"},"geometry":{"type":"Point","coordinates":[118.347,24.448]}},{"type":"Feature","properties":{"name":"Jeju","iso":"KOR"},"geometry":{"type":"Point","coordinates":[126.648,33.391]}},{"type":"Feature","properties":{"name":"Kamchatka","iso":"RUS"},"geometry":{"type":"Point","coordinates":[164.846,59.908]}},{"type":"Feature","properties":{"name":"Saare","iso":"EST"},"geometry":{"type":"Point","coordinates":[22.596,58.355]}},{"type":"Feature","properties":{"name":"Hiiu","iso":"EST"},"geometry":{"type":"Point","coordinates":[22.694,58.887]}},{"type":"Feature","properties":{"name":"Kökar","iso":"ALD"},"geometry":{"type":"Point","coordinates":[20.932,59.935]}},{"type":"Feature","properties":{"name":"Föglö","iso":"ALD"},"geometry":{"type":"Point","coordinates":[20.496,60.031]}},{"type":"Feature","properties":{"name":"Sottunga","iso":"ALD"},"geometry":{"type":"Point","coordinates":[20.666,60.132]}},{"type":"Feature","properties":{"name":"Svalbard","iso":"NOR"},"geometry":{"type":"Point","coordinates":[18.371,78.954]}},{"type":"Feature","properties":{"name":"Macquarie Island","iso":"AUS"},"geometry":{"type":"Point","coordinates":[158.879,-54.628]}},{"type":"Feature","properties":{"name":"Campbell Islands","iso":"NZL"},"geometry":{"type":"Point","coordinates":[169.165,-52.535]}},{"type":"Feature","properties":{"name":"Antipodes Islands","iso":"NZL"},"geometry":{"type":"Point","coordinates":[178.798,-49.666]}},{"type":"Feature","properties":{"name":"Chatham Islands Territory","iso":"NZL"},"geometry":{"type":"Point","coordinates":[-176.452,-43.952]}},{"type":"Feature","properties":{"name":"Lord Howe Island","iso":"AUS"},"geometry":{"type":"Point","coordinates":[159.073,-31.552]}},{"type":"Feature","properties":{"name":"Kermadec Islands","iso":"NZL"},"geometry":{"type":"Point","coordinates":[-177.908,-29.258]}},{"type":"Feature","properties":{"name":"Norfolk Island","iso":"NFK"},"geometry":{"type":"Point","coordinates":[167.951,-29.041]}},{"type":"Feature","properties":{"name":"Austral Islands","iso":"PYF"},"geometry":{"type":"Point","coordinates":[-147.882,-24.633]}},{"type":"Feature","properties":{"name":"Mangaia","iso":"COK"},"geometry":{"type":"Point","coordinates":[-157.932,-21.91]}},{"type":"Feature","properties":{"name":"Mitiaro","iso":"COK"},"geometry":{"type":"Point","coordinates":[-157.722,-19.81]}},{"type":"Feature","properties":{"name":"Eastern","iso":"FJI"},"geometry":{"type":"Point","coordinates":[36.838,-18.454]}},{"type":"Feature","properties":{"name":"Vava'u","iso":"TON"},"geometry":{"type":"Point","coordinates":[-174.104,-18.662]}},{"type":"Feature","properties":{"name":"Sigave","iso":"WLF"},"geometry":{"type":"Point","coordinates":[-178.148,-14.28]}},{"type":"Feature","properties":{"name":"Alo","iso":"WLF"},"geometry":{"type":"Point","coordinates":[-178.058,-14.326]}},{"type":"Feature","properties":{"name":"Gaga'emauga","iso":"WSM"},"geometry":{"type":"Point","coordinates":[-172.104,-13.708]}},{"type":"Feature","properties":{"name":"Gaga'ifomauga","iso":"WSM"},"geometry":{"type":"Point","coordinates":[-172.532,-13.52]}},{"type":"Feature","properties":{"name":"Vaisigano","iso":"WSM"},"geometry":{"type":"Point","coordinates":[-172.717,-13.566]}},{"type":"Feature","properties":{"name":"Satupa'itea","iso":"WSM"},"geometry":{"type":"Point","coordinates":[-172.549,-13.669]}},{"type":"Feature","properties":{"name":"Palauli","iso":"WSM"},"geometry":{"type":"Point","coordinates":[-172.407,-13.75]}},{"type":"Feature","properties":{"name":"Fa'asaleleaga","iso":"WSM"},"geometry":{"type":"Point","coordinates":[-172.216,-13.657]}},{"type":"Feature","properties":{"name":"Rennell and Bellona","iso":"SLB"},"geometry":{"type":"Point","coordinates":[160.182,-11.599]}},{"type":"Feature","properties":{"name":"Marquesas Islands","iso":"PYF"},"geometry":{"type":"Point","coordinates":[-139.551,-9.355]}},{"type":"Feature","properties":{"name":"Makira","iso":"SLB"},"geometry":{"type":"Point","coordinates":[161.795,-10.535]}},{"type":"Feature","properties":{"name":"Temotu","iso":"SLB"},"geometry":{"type":"Point","coordinates":[166.516,-10.947]}},{"type":"Feature","properties":{"name":"Malaita","iso":"SLB"},"geometry":{"type":"Point","coordinates":[161.217,-9.06]}},{"type":"Feature","properties":{"name":"Capital Territory (Honiara)","iso":"SLB"},"geometry":{"type":"Point","coordinates":[159.999,-9.443]}},{"type":"Feature","properties":{"name":"Guadalcanal","iso":"SLB"},"geometry":{"type":"Point","coordinates":[160.135,-9.602]}},{"type":"Feature","properties":{"name":"Central","iso":"SLB"},"geometry":{"type":"Point","coordinates":[159.827,-9.073]}},{"type":"Feature","properties":{"name":"Penrhyn","iso":"COK"},"geometry":{"type":"Point","coordinates":[-157.971,-8.97]}},{"type":"Feature","properties":{"name":"Western","iso":"SLB"},"geometry":{"type":"Point","coordinates":[157.155,-8.106]}},{"type":"Feature","properties":{"name":"Tuvalu","iso":"TUV"},"geometry":{"type":"Point","coordinates":[178.274,-7.676]}},{"type":"Feature","properties":{"name":"Isabel","iso":"SLB"},"geometry":{"type":"Point","coordinates":[158.985,-7.929]}},{"type":"Feature","properties":{"name":"Ainaro","iso":"TLS"},"geometry":{"type":"Point","coordinates":[125.566,-8.996]}},{"type":"Feature","properties":{"name":"Manufahi","iso":"TLS"},"geometry":{"type":"Point","coordinates":[125.762,-8.986]}},{"type":"Feature","properties":{"name":"Manatuto","iso":"TLS"},"geometry":{"type":"Point","coordinates":[126,-8.735]}},{"type":"Feature","properties":{"name":"Viqueque","iso":"TLS"},"geometry":{"type":"Point","coordinates":[126.408,-8.758]}},{"type":"Feature","properties":{"name":"Lautém","iso":"TLS"},"geometry":{"type":"Point","coordinates":[126.937,-8.487]}},{"type":"Feature","properties":{"name":"Baucau","iso":"TLS"},"geometry":{"type":"Point","coordinates":[126.475,-8.574]}},{"type":"Feature","properties":{"name":"Dili","iso":"TLS"},"geometry":{"type":"Point","coordinates":[125.612,-8.421]}},{"type":"Feature","properties":{"name":"Liquica","iso":"TLS"},"geometry":{"type":"Point","coordinates":[125.297,-8.657]}},{"type":"Feature","properties":{"name":"","iso":"KIR"},"geometry":{"type":"Point","coordinates":[-169.195,-4.649]}},{"type":"Feature","properties":{"name":"North Solomons","iso":"PNG"},"geometry":{"type":"Point","coordinates":[155.03,-5.661]}},{"type":"Feature","properties":{"name":"West New Britain","iso":"PNG"},"geometry":{"type":"Point","coordinates":[149.97,-5.578]}},{"type":"Feature","properties":{"name":"East New Britain","iso":"PNG"},"geometry":{"type":"Point","coordinates":[151.672,-5.034]}},{"type":"Feature","properties":{"name":"New Ireland","iso":"PNG"},"geometry":{"type":"Point","coordinates":[151.706,-3.129]}},{"type":"Feature","properties":{"name":"Bangka-Belitung","iso":"IDN"},"geometry":{"type":"Point","coordinates":[106.711,-2.499]}},{"type":"Feature","properties":{"name":"Manus","iso":"PNG"},"geometry":{"type":"Point","coordinates":[147.059,-2.101]}},{"type":"Feature","properties":{"name":"Addu","iso":"MDV"},"geometry":{"type":"Point","coordinates":[73.171,-0.63]}},{"type":"Feature","properties":{"name":"Anetan","iso":"NRU"},"geometry":{"type":"Point","coordinates":[166.935,-0.495]}},{"type":"Feature","properties":{"name":"Ewa","iso":"NRU"},"geometry":{"type":"Point","coordinates":[166.932,-0.5]}},{"type":"Feature","properties":{"name":"Baiti","iso":"NRU"},"geometry":{"type":"Point","coordinates":[166.929,-0.506]}},{"type":"Feature","properties":{"name":"Uaboe","iso":"NRU"},"geometry":{"type":"Point","coordinates":[166.924,-0.507]}},{"type":"Feature","properties":{"name":"Nibok","iso":"NRU"},"geometry":{"type":"Point","coordinates":[166.924,-0.517]}},{"type":"Feature","properties":{"name":"Denigomodu","iso":"NRU"},"geometry":{"type":"Point","coordinates":[166.912,-0.521]}},{"type":"Feature","properties":{"name":"Aiwo","iso":"NRU"},"geometry":{"type":"Point","coordinates":[166.914,-0.531]}},{"type":"Feature","properties":{"name":"Boe","iso":"NRU"},"geometry":{"type":"Point","coordinates":[166.917,-0.541]}},{"type":"Feature","properties":{"name":"Yaren","iso":"NRU"},"geometry":{"type":"Point","coordinates":[166.924,-0.544]}},{"type":"Feature","properties":{"name":"Meneng","iso":"NRU"},"geometry":{"type":"Point","coordinates":[166.942,-0.538]}},{"type":"Feature","properties":{"name":"Anibare","iso":"NRU"},"geometry":{"type":"Point","coordinates":[166.944,-0.518]}},{"type":"Feature","properties":{"name":"Ijuw","iso":"NRU"},"geometry":{"type":"Point","coordinates":[166.951,-0.504]}},{"type":"Feature","properties":{"name":"Anabar","iso":"NRU"},"geometry":{"type":"Point","coordinates":[166.943,-0.496]}},{"type":"Feature","properties":{"name":"Gnaviyani","iso":"MDV"},"geometry":{"type":"Point","coordinates":[73.439,-0.293]}},{"type":"Feature","properties":{"name":"Gaafu Dhaalu","iso":"MDV"},"geometry":{"type":"Point","coordinates":[73.082,0.298]}},{"type":"Feature","properties":{"name":"Gaafu Alifu","iso":"MDV"},"geometry":{"type":"Point","coordinates":[73.409,0.66]}},{"type":"Feature","properties":{"name":"Alifu Dhaalu","iso":"MDV"},"geometry":{"type":"Point","coordinates":[72.869,3.654]}},{"type":"Feature","properties":{"name":"Kaafu","iso":"MDV"},"geometry":{"type":"Point","coordinates":[73.522,4.351]}},{"type":"Feature","properties":{"name":"Alifu Alifu","iso":"MDV"},"geometry":{"type":"Point","coordinates":[72.863,4.19]}},{"type":"Feature","properties":{"name":"Baa","iso":"MDV"},"geometry":{"type":"Point","coordinates":[73.003,5.112]}},{"type":"Feature","properties":{"name":"Lhaviyani","iso":"MDV"},"geometry":{"type":"Point","coordinates":[73.476,5.367]}},{"type":"Feature","properties":{"name":"Tawi-Tawi","iso":"PHL"},"geometry":{"type":"Point","coordinates":[119.911,5.074]}},{"type":"Feature","properties":{"name":"Kosrae","iso":"FSM"},"geometry":{"type":"Point","coordinates":[162.997,5.318]}},{"type":"Feature","properties":{"name":"Raa","iso":"MDV"},"geometry":{"type":"Point","coordinates":[72.972,5.669]}},{"type":"Feature","properties":{"name":"Shaviyani","iso":"MDV"},"geometry":{"type":"Point","coordinates":[73.113,6.293]}},{"type":"Feature","properties":{"name":"Basilan","iso":"PHL"},"geometry":{"type":"Point","coordinates":[121.999,6.601]}},{"type":"Feature","properties":{"name":"Pohnpei","iso":"FSM"},"geometry":{"type":"Point","coordinates":[156.635,5.529]}},{"type":"Feature","properties":{"name":"Chuuk","iso":"FSM"},"geometry":{"type":"Point","coordinates":[151.099,7.45]}},{"type":"Feature","properties":{"name":"Camiguin","iso":"PHL"},"geometry":{"type":"Point","coordinates":[124.749,9.151]}},{"type":"Feature","properties":{"name":"Siquijor","iso":"PHL"},"geometry":{"type":"Point","coordinates":[123.634,9.185]}},{"type":"Feature","properties":{"name":"Bohol","iso":"PHL"},"geometry":{"type":"Point","coordinates":[124.255,9.892]}},{"type":"Feature","properties":{"name":"Guimaras","iso":"PHL"},"geometry":{"type":"Point","coordinates":[122.577,10.552]}},{"type":"Feature","properties":{"name":"Bacolod","iso":"PHL"},"geometry":{"type":"Point","coordinates":[122.969,10.66]}},{"type":"Feature","properties":{"name":"Negros Occidental","iso":"PHL"},"geometry":{"type":"Point","coordinates":[123.001,10.399]}},{"type":"Feature","properties":{"name":"Negros Oriental","iso":"PHL"},"geometry":{"type":"Point","coordinates":[123.114,9.701]}},{"type":"Feature","properties":{"name":"Cebu","iso":"PHL"},"geometry":{"type":"Point","coordinates":[123.895,10.336]}},{"type":"Feature","properties":{"name":"Mandaue","iso":"PHL"},"geometry":{"type":"Point","coordinates":[123.958,10.355]}},{"type":"Feature","properties":{"name":"Cebu","iso":"PHL"},"geometry":{"type":"Point","coordinates":[123.774,10.498]}},{"type":"Feature","properties":{"name":"Puerto Princesa","iso":"PHL"},"geometry":{"type":"Point","coordinates":[118.779,9.932]}},{"type":"Feature","properties":{"name":"Tacloban","iso":"PHL"},"geometry":{"type":"Point","coordinates":[124.994,11.263]}},{"type":"Feature","properties":{"name":"Ormoc","iso":"PHL"},"geometry":{"type":"Point","coordinates":[124.578,11.045]}},{"type":"Feature","properties":{"name":"Aklan","iso":"PHL"},"geometry":{"type":"Point","coordinates":[122.165,11.637]}},{"type":"Feature","properties":{"name":"Antique","iso":"PHL"},"geometry":{"type":"Point","coordinates":[121.948,11.398]}},{"type":"Feature","properties":{"name":"Iloilo","iso":"PHL"},"geometry":{"type":"Point","coordinates":[122.71,11.07]}},{"type":"Feature","properties":{"name":"Iloilo","iso":"PHL"},"geometry":{"type":"Point","coordinates":[122.575,10.738]}},{"type":"Feature","properties":{"name":"Capiz","iso":"PHL"},"geometry":{"type":"Point","coordinates":[122.669,11.397]}},{"type":"Feature","properties":{"name":"Romblon","iso":"PHL"},"geometry":{"type":"Point","coordinates":[122.144,12.498]}},{"type":"Feature","properties":{"name":"Northern Samar","iso":"PHL"},"geometry":{"type":"Point","coordinates":[124.817,12.438]}},{"type":"Feature","properties":{"name":"Masbate","iso":"PHL"},"geometry":{"type":"Point","coordinates":[123.509,12.368]}},{"type":"Feature","properties":{"name":"Mindoro Oriental","iso":"PHL"},"geometry":{"type":"Point","coordinates":[121.298,12.959]}},{"type":"Feature","properties":{"name":"Mindoro Occidental","iso":"PHL"},"geometry":{"type":"Point","coordinates":[120.676,13.067]}},{"type":"Feature","properties":{"name":"Marinduque","iso":"PHL"},"geometry":{"type":"Point","coordinates":[121.977,13.42]}},{"type":"Feature","properties":{"name":"Catanduanes","iso":"PHL"},"geometry":{"type":"Point","coordinates":[124.24,13.809]}},{"type":"Feature","properties":{"name":"Batanes","iso":"PHL"},"geometry":{"type":"Point","coordinates":[121.912,20.603]}},{"type":"Feature","properties":{"name":"South Georgia and the South Sandwich Islands","iso":"SGS"},"geometry":{"type":"Point","coordinates":[-34.841,-55.082]}},{"type":"Feature","properties":{"name":"Bouvet Island","iso":"NOR"},"geometry":{"type":"Point","coordinates":[3.419,-54.426]}},{"type":"Feature","properties":{"name":"Falkland Islands","iso":"FLK"},"geometry":{"type":"Point","coordinates":[-59.638,-51.765]}},{"type":"Feature","properties":{"name":"Iles Saint-Paul et Nouvelle-Amsterdam","iso":"ATF"},"geometry":{"type":"Point","coordinates":[77.53,-38.35]}},{"type":"Feature","properties":{"name":"Sud","iso":"NCL"},"geometry":{"type":"Point","coordinates":[166.304,-21.998]}},{"type":"Feature","properties":{"name":"Îles Loyauté","iso":"NCL"},"geometry":{"type":"Point","coordinates":[167.211,-20.958]}},{"type":"Feature","properties":{"name":"Eua","iso":"TON"},"geometry":{"type":"Point","coordinates":[-174.943,-21.363]}},{"type":"Feature","properties":{"name":"Rarotonga","iso":"COK"},"geometry":{"type":"Point","coordinates":[-159.787,-21.219]}},{"type":"Feature","properties":{"name":"Tongatapu","iso":"TON"},"geometry":{"type":"Point","coordinates":[-175.347,-21.331]}},{"type":"Feature","properties":{"name":"Tafea","iso":"VUT"},"geometry":{"type":"Point","coordinates":[169.345,-19.309]}},{"type":"Feature","properties":{"name":"Ha'apai","iso":"TON"},"geometry":{"type":"Point","coordinates":[-174.543,-19.734]}},{"type":"Feature","properties":{"name":"Rodrigues","iso":"MUS"},"geometry":{"type":"Point","coordinates":[63.41,-19.713]}},{"type":"Feature","properties":{"name":"Niue","iso":"NIU"},"geometry":{"type":"Point","coordinates":[-169.892,-19.061]}},{"type":"Feature","properties":{"name":"Western","iso":"FJI"},"geometry":{"type":"Point","coordinates":[177.638,-17.655]}},{"type":"Feature","properties":{"name":"Central","iso":"FJI"},"geometry":{"type":"Point","coordinates":[178.241,-17.957]}},{"type":"Feature","properties":{"name":"Shefa","iso":"VUT"},"geometry":{"type":"Point","coordinates":[168.336,-17.276]}},{"type":"Feature","properties":{"name":"Northern","iso":"FJI"},"geometry":{"type":"Point","coordinates":[138.541,-16.593]}},{"type":"Feature","properties":{"name":"Malampa","iso":"VUT"},"geometry":{"type":"Point","coordinates":[167.696,-16.312]}},{"type":"Feature","properties":{"name":"Sanma","iso":"VUT"},"geometry":{"type":"Point","coordinates":[166.941,-15.258]}},{"type":"Feature","properties":{"name":"Niuas","iso":"TON"},"geometry":{"type":"Point","coordinates":[-174.598,-15.788]}},{"type":"Feature","properties":{"name":"Penama","iso":"VUT"},"geometry":{"type":"Point","coordinates":[168.1,-15.4]}},{"type":"Feature","properties":{"name":"Western","iso":"ASM"},"geometry":{"type":"Point","coordinates":[-170.747,-14.32]}},{"type":"Feature","properties":{"name":"Eastern","iso":"ASM"},"geometry":{"type":"Point","coordinates":[-170.654,-14.281]}},{"type":"Feature","properties":{"name":"Manu's","iso":"ASM"},"geometry":{"type":"Point","coordinates":[-169.541,-14.228]}},{"type":"Feature","properties":{"name":"Torba","iso":"VUT"},"geometry":{"type":"Point","coordinates":[167.217,-13.672]}},{"type":"Feature","properties":{"name":"Atua","iso":"WSM"},"geometry":{"type":"Point","coordinates":[-171.556,-13.974]}},{"type":"Feature","properties":{"name":"Va'a-o-Fonoti","iso":"WSM"},"geometry":{"type":"Point","coordinates":[-171.557,-13.936]}},{"type":"Feature","properties":{"name":"Tuamasaga","iso":"WSM"},"geometry":{"type":"Point","coordinates":[-171.78,-13.952]}},{"type":"Feature","properties":{"name":"A'ana","iso":"WSM"},"geometry":{"type":"Point","coordinates":[-171.958,-13.905]}},{"type":"Feature","properties":{"name":"Aiga-i-le-Tai","iso":"WSM"},"geometry":{"type":"Point","coordinates":[-172.029,-13.869]}},{"type":"Feature","properties":{"name":"`Uvea","iso":"WLF"},"geometry":{"type":"Point","coordinates":[-176.158,-13.286]}},{"type":"Feature","properties":{"name":"Rotuma","iso":"FJI"},"geometry":{"type":"Point","coordinates":[177.065,-12.498]}},{"type":"Feature","properties":{"name":"Choiseul","iso":"SLB"},"geometry":{"type":"Point","coordinates":[157.196,-7.18]}},{"type":"Feature","properties":{"name":"Peleliu","iso":"PLW"},"geometry":{"type":"Point","coordinates":[134.266,7.033]}},{"type":"Feature","properties":{"name":"Koror","iso":"PLW"},"geometry":{"type":"Point","coordinates":[134.442,7.294]}},{"type":"Feature","properties":{"name":"Ngeremlengui","iso":"PLW"},"geometry":{"type":"Point","coordinates":[134.562,7.546]}},{"type":"Feature","properties":{"name":"Ngatpang","iso":"PLW"},"geometry":{"type":"Point","coordinates":[134.527,7.481]}},{"type":"Feature","properties":{"name":"Aimeliik","iso":"PLW"},"geometry":{"type":"Point","coordinates":[134.515,7.437]}},{"type":"Feature","properties":{"name":"Airai","iso":"PLW"},"geometry":{"type":"Point","coordinates":[134.557,7.383]}},{"type":"Feature","properties":{"name":"Ngchesar","iso":"PLW"},"geometry":{"type":"Point","coordinates":[134.604,7.474]}},{"type":"Feature","properties":{"name":"Melekeok","iso":"PLW"},"geometry":{"type":"Point","coordinates":[134.62,7.51]}},{"type":"Feature","properties":{"name":"Ngiwal","iso":"PLW"},"geometry":{"type":"Point","coordinates":[134.634,7.569]}},{"type":"Feature","properties":{"name":"Ngaraard","iso":"PLW"},"geometry":{"type":"Point","coordinates":[134.644,7.643]}},{"type":"Feature","properties":{"name":"Ngarchelong","iso":"PLW"},"geometry":{"type":"Point","coordinates":[134.636,7.711]}},{"type":"Feature","properties":{"name":"Ngardmau","iso":"PLW"},"geometry":{"type":"Point","coordinates":[134.587,7.595]}},{"type":"Feature","properties":{"name":"Yap","iso":"FSM"},"geometry":{"type":"Point","coordinates":[138.567,9.574]}},{"type":"Feature","properties":{"name":"Guam","iso":"GUM"},"geometry":{"type":"Point","coordinates":[144.752,13.451]}},{"type":"Feature","properties":{"name":"Rota","iso":"MNP"},"geometry":{"type":"Point","coordinates":[145.214,14.151]}},{"type":"Feature","properties":{"name":"Tinian","iso":"MNP"},"geometry":{"type":"Point","coordinates":[145.626,15.005]}},{"type":"Feature","properties":{"name":"Saipan","iso":"MNP"},"geometry":{"type":"Point","coordinates":[145.747,15.185]}},{"type":"Feature","properties":{"name":"Paracel Islands","iso":"CHN"},"geometry":{"type":"Point","coordinates":[111.957,16.466]}},{"type":"Feature","properties":{"name":"Northern Islands","iso":"MNP"},"geometry":{"type":"Point","coordinates":[145.557,18.463]}},{"type":"Feature","properties":{"name":"Las Tunas","iso":"CUB"},"geometry":{"type":"Point","coordinates":[-77.037,21.045]}},{"type":"Feature","properties":{"name":"Mayabeque","iso":"CUB"},"geometry":{"type":"Point","coordinates":[-81.981,22.943]}},{"type":"Feature","properties":{"name":"Ciudad de la Habana","iso":"CUB"},"geometry":{"type":"Point","coordinates":[-82.298,23.067]}},{"type":"Feature","properties":{"name":"Artemisa","iso":"CUB"},"geometry":{"type":"Point","coordinates":[-82.681,22.822]}},{"type":"Feature","properties":{"name":"Pinar del Río","iso":"CUB"},"geometry":{"type":"Point","coordinates":[-83.796,22.412]}},{"type":"Feature","properties":{"name":"Cienfuegos","iso":"CUB"},"geometry":{"type":"Point","coordinates":[-80.492,22.282]}},{"type":"Feature","properties":{"name":"Granma","iso":"CUB"},"geometry":{"type":"Point","coordinates":[-76.9,20.319]}},{"type":"Feature","properties":{"name":"Santiago de Cuba","iso":"CUB"},"geometry":{"type":"Point","coordinates":[-76.024,20.247]}},{"type":"Feature","properties":{"name":"Penghu","iso":"TWN"},"geometry":{"type":"Point","coordinates":[119.557,23.585]}},{"type":"Feature","properties":{"name":"Al Manāmah","iso":"BHR"},"geometry":{"type":"Point","coordinates":[50.561,26.221]}},{"type":"Feature","properties":{"name":"Ash Shamālīyah","iso":"BHR"},"geometry":{"type":"Point","coordinates":[50.465,26.157]}},{"type":"Feature","properties":{"name":"Al Janūbīyah","iso":"BHR"},"geometry":{"type":"Point","coordinates":[50.722,25.744]}},{"type":"Feature","properties":{"name":"Al Wusţá","iso":"BHR"},"geometry":{"type":"Point","coordinates":[50.59,26.151]}},{"type":"Feature","properties":{"name":"Prince Edward Island","iso":"CAN"},"geometry":{"type":"Point","coordinates":[-63.312,46.389]}},{"type":"Feature","properties":{"name":"Coral Sea Islands","iso":"CSI"},"geometry":{"type":"Point","coordinates":[151.653,-19.2]}},{"type":"Feature","properties":{"name":"Mauke","iso":"COK"},"geometry":{"type":"Point","coordinates":[-157.33,-20.158]}},{"type":"Feature","properties":{"name":"Atiu","iso":"COK"},"geometry":{"type":"Point","coordinates":[-158.198,-19.904]}},{"type":"Feature","properties":{"name":"Aitutaki","iso":"COK"},"geometry":{"type":"Point","coordinates":[-158.934,-19.259]}},{"type":"Feature","properties":{"name":"Rose Atoll","iso":"ASM"},"geometry":{"type":"Point","coordinates":[-168.164,-14.526]}},{"type":"Feature","properties":{"name":"Swain's Island","iso":"ASM"},"geometry":{"type":"Point","coordinates":[-171.079,-11.057]}},{"type":"Feature","properties":{"name":"Pukapuka","iso":"COK"},"geometry":{"type":"Point","coordinates":[-165.817,-10.884]}},{"type":"Feature","properties":{"name":"Christmas Island","iso":"IOA"},"geometry":{"type":"Point","coordinates":[105.657,-10.492]}},{"type":"Feature","properties":{"name":"Manihiki","iso":"COK"},"geometry":{"type":"Point","coordinates":[-160.98,-10.386]}},{"type":"Feature","properties":{"name":"Rakahanga","iso":"COK"},"geometry":{"type":"Point","coordinates":[-161.082,-10.036]}},{"type":"Feature","properties":{"name":"Tokelau","iso":"NZL"},"geometry":{"type":"Point","coordinates":[-171.723,-9.029]}},{"type":"Feature","properties":{"name":"Jarvis Island","iso":"UMI"},"geometry":{"type":"Point","coordinates":[-160.021,-0.379]}},{"type":"Feature","properties":{"name":"Baker Island","iso":"UMI"},"geometry":{"type":"Point","coordinates":[-176.475,0.204]}},{"type":"Feature","properties":{"name":"Howland Island","iso":"UMI"},"geometry":{"type":"Point","coordinates":[-176.638,0.8]}},{"type":"Feature","properties":{"name":"Laamu","iso":"MDV"},"geometry":{"type":"Point","coordinates":[73.461,1.919]}},{"type":"Feature","properties":{"name":"Thaa","iso":"MDV"},"geometry":{"type":"Point","coordinates":[73.162,2.326]}},{"type":"Feature","properties":{"name":"Dhaalu","iso":"MDV"},"geometry":{"type":"Point","coordinates":[72.938,2.797]}},{"type":"Feature","properties":{"name":"Meemu","iso":"MDV"},"geometry":{"type":"Point","coordinates":[73.465,2.891]}},{"type":"Feature","properties":{"name":"Hatobohei","iso":"PLW"},"geometry":{"type":"Point","coordinates":[131.457,3.006]}},{"type":"Feature","properties":{"name":"Faafu","iso":"MDV"},"geometry":{"type":"Point","coordinates":[72.957,3.193]}},{"type":"Feature","properties":{"name":"Vaavu","iso":"MDV"},"geometry":{"type":"Point","coordinates":[73.599,3.43]}},{"type":"Feature","properties":{"name":"","iso":"COL"},"geometry":{"type":"Point","coordinates":[-81.599,3.975]}},{"type":"Feature","properties":{"name":"Malé","iso":"MDV"},"geometry":{"type":"Point","coordinates":[73.515,4.2]}},{"type":"Feature","properties":{"name":"Sonsorol","iso":"PLW"},"geometry":{"type":"Point","coordinates":[132.22,5.301]}},{"type":"Feature","properties":{"name":"Noonu","iso":"MDV"},"geometry":{"type":"Point","coordinates":[73.406,5.835]}},{"type":"Feature","properties":{"name":"Haa Dhaalu","iso":"MDV"},"geometry":{"type":"Point","coordinates":[72.994,6.642]}},{"type":"Feature","properties":{"name":"Haa Alifu","iso":"MDV"},"geometry":{"type":"Point","coordinates":[73.045,6.917]}},{"type":"Feature","properties":{"name":"Angaur","iso":"PLW"},"geometry":{"type":"Point","coordinates":[134.158,6.909]}},{"type":"Feature","properties":{"name":"Spratly Islands","iso":"PGA"},"geometry":{"type":"Point","coordinates":[114.826,10.468]}},{"type":"Feature","properties":{"name":"","iso":"VEN"},"geometry":{"type":"Point","coordinates":[-63.638,15.698]}},{"type":"Feature","properties":{"name":"","iso":"AIA"},"geometry":{"type":"Point","coordinates":[-63.233,18.316]}},{"type":"Feature","properties":{"name":"Wake Atoll","iso":"UMI"},"geometry":{"type":"Point","coordinates":[166.636,19.288]}},{"type":"Feature","properties":{"name":"Bimini","iso":"BHS"},"geometry":{"type":"Point","coordinates":[-79.337,25.178]}},{"type":"Feature","properties":{"name":"Midway Islands","iso":"UMI"},"geometry":{"type":"Point","coordinates":[-177.354,28.208]}},{"type":"Feature","properties":{"name":"Isles of Scilly","iso":"GBR"},"geometry":{"type":"Point","coordinates":[-6.319,49.942]}},{"type":"Feature","properties":{"name":"Palmerston","iso":"COK"},"geometry":{"type":"Point","coordinates":[-159.781,-18.852]}},{"type":"Feature","properties":{"name":"Clipperton Island","iso":"CLP"},"geometry":{"type":"Point","coordinates":[-109.22,10.298]}},{"type":"Feature","properties":{"name":"Saba","iso":"NLD"},"geometry":{"type":"Point","coordinates":[-63.237,17.633]}},{"type":"Feature","properties":{"name":"Navassa Island","iso":"UMI"},"geometry":{"type":"Point","coordinates":[-75.015,18.405]}},{"type":"Feature","properties":{"name":"Salt Cay","iso":"TCA"},"geometry":{"type":"Point","coordinates":[-71.208,21.33]}},{"type":"Feature","properties":{"name":"Macau","iso":"MAC"},"geometry":{"type":"Point","coordinates":[113.551,22.166]}},{"type":"Feature","properties":{"name":"Ragged Island","iso":"BHS"},"geometry":{"type":"Point","coordinates":[-75.761,22.261]}},{"type":"Feature","properties":{"name":"Islands","iso":"HKG"},"geometry":{"type":"Point","coordinates":[113.979,22.24]}},{"type":"Feature","properties":{"name":"Southern","iso":"HKG"},"geometry":{"type":"Point","coordinates":[114.195,22.232]}},{"type":"Feature","properties":{"name":"Central and Western","iso":"HKG"},"geometry":{"type":"Point","coordinates":[114.135,22.275]}},{"type":"Feature","properties":{"name":"Wan Chai","iso":"HKG"},"geometry":{"type":"Point","coordinates":[114.179,22.27]}},{"type":"Feature","properties":{"name":"Eastern","iso":"HKG"},"geometry":{"type":"Point","coordinates":[114.211,22.273]}},{"type":"Feature","properties":{"name":"Tsuen Wan","iso":"HKG"},"geometry":{"type":"Point","coordinates":[114.074,22.358]}},{"type":"Feature","properties":{"name":"","iso":"MEX"},"geometry":{"type":"Point","coordinates":[-89.692,22.476]}},{"type":"Feature","properties":{"name":"Tai Po","iso":"HKG"},"geometry":{"type":"Point","coordinates":[114.263,22.453]}},{"type":"Feature","properties":{"name":"Sha Tin","iso":"HKG"},"geometry":{"type":"Point","coordinates":[114.207,22.398]}},{"type":"Feature","properties":{"name":"Sai Kung","iso":"HKG"},"geometry":{"type":"Point","coordinates":[114.312,22.351]}},{"type":"Feature","properties":{"name":"Kwun Tong","iso":"HKG"},"geometry":{"type":"Point","coordinates":[114.229,22.307]}},{"type":"Feature","properties":{"name":"Kowloon City","iso":"HKG"},"geometry":{"type":"Point","coordinates":[114.191,22.315]}},{"type":"Feature","properties":{"name":"Yau Tsim Mong","iso":"HKG"},"geometry":{"type":"Point","coordinates":[114.17,22.306]}},{"type":"Feature","properties":{"name":"Sham Shui Po","iso":"HKG"},"geometry":{"type":"Point","coordinates":[114.161,22.332]}},{"type":"Feature","properties":{"name":"Kwai Tsing","iso":"HKG"},"geometry":{"type":"Point","coordinates":[114.137,22.351]}},{"type":"Feature","properties":{"name":"Tuen Mun","iso":"HKG"},"geometry":{"type":"Point","coordinates":[113.971,22.381]}},{"type":"Feature","properties":{"name":"Yuen Long","iso":"HKG"},"geometry":{"type":"Point","coordinates":[114.043,22.468]}},{"type":"Feature","properties":{"name":"Lemland","iso":"ALD"},"geometry":{"type":"Point","coordinates":[20.133,60.028]}},{"type":"Feature","properties":{"name":"Brändö","iso":"ALD"},"geometry":{"type":"Point","coordinates":[21.08,60.469]}},{"type":"Feature","properties":{"name":"","iso":"RUS"},"geometry":{"type":"Point","coordinates":[67.285,68.783]}},{"type":"Feature","properties":{"name":"The Snares","iso":"NZL"},"geometry":{"type":"Point","coordinates":[166.619,-48.03]}},{"type":"Feature","properties":{"name":"Southland","iso":"NZL"},"geometry":{"type":"Point","coordinates":[167.625,-45.919]}},{"type":"Feature","properties":{"name":"Marlborough District","iso":"NZL"},"geometry":{"type":"Point","coordinates":[173.864,-41.283]}},{"type":"Feature","properties":{"name":"Nelson City","iso":"NZL"},"geometry":{"type":"Point","coordinates":[173.429,-41.191]}},{"type":"Feature","properties":{"name":"Tasman District","iso":"NZL"},"geometry":{"type":"Point","coordinates":[172.619,-41.306]}},{"type":"Feature","properties":{"name":"West Coast","iso":"NZL"},"geometry":{"type":"Point","coordinates":[171.032,-42.569]}},{"type":"Feature","properties":{"name":"Otago","iso":"NZL"},"geometry":{"type":"Point","coordinates":[169.783,-45.466]}},{"type":"Feature","properties":{"name":"Canterbury","iso":"NZL"},"geometry":{"type":"Point","coordinates":[172.324,-43.3]}},{"type":"Feature","properties":{"name":"Auckland","iso":"NZL"},"geometry":{"type":"Point","coordinates":[174.852,-36.626]}},{"type":"Feature","properties":{"name":"Waikato","iso":"NZL"},"geometry":{"type":"Point","coordinates":[175.468,-37.587]}},{"type":"Feature","properties":{"name":"Three Kings Islands","iso":"NZL"},"geometry":{"type":"Point","coordinates":[172.139,-34.154]}},{"type":"Feature","properties":{"name":"Wellington","iso":"NZL"},"geometry":{"type":"Point","coordinates":[175.21,-41.133]}},{"type":"Feature","properties":{"name":"Manawatu-Wanganui","iso":"NZL"},"geometry":{"type":"Point","coordinates":[175.592,-39.651]}},{"type":"Feature","properties":{"name":"Taranaki","iso":"NZL"},"geometry":{"type":"Point","coordinates":[174.624,-39.298]}},{"type":"Feature","properties":{"name":"Northland","iso":"NZL"},"geometry":{"type":"Point","coordinates":[173.848,-35.431]}},{"type":"Feature","properties":{"name":"Bay of Plenty","iso":"NZL"},"geometry":{"type":"Point","coordinates":[176.715,-37.951]}},{"type":"Feature","properties":{"name":"Gisborne District","iso":"NZL"},"geometry":{"type":"Point","coordinates":[178.051,-38.161]}},{"type":"Feature","properties":{"name":"Hawke's Bay","iso":"NZL"},"geometry":{"type":"Point","coordinates":[176.854,-39.456]}},{"type":"Feature","properties":{"name":"Ashmore and Cartier Islands","iso":"ATC"},"geometry":{"type":"Point","coordinates":[123.588,-12.432]}},{"type":"Feature","properties":{"name":"Palmyra Atoll","iso":"UMI"},"geometry":{"type":"Point","coordinates":[-162.082,5.882]}},{"type":"Feature","properties":{"name":"Kayangel","iso":"PLW"},"geometry":{"type":"Point","coordinates":[134.709,8.077]}},{"type":"Feature","properties":{"name":"Lapu-Lapu","iso":"PHL"},"geometry":{"type":"Point","coordinates":[123.984,10.294]}},{"type":"Feature","properties":{"name":"Redonda","iso":"ATG"},"geometry":{"type":"Point","coordinates":[-62.345,16.937]}},{"type":"Feature","properties":{"name":"Harbour Island","iso":"BHS"},"geometry":{"type":"Point","coordinates":[-76.765,25.546]}},{"type":"Feature","properties":{"name":"Spanish Wells","iso":"BHS"},"geometry":{"type":"Point","coordinates":[-76.84,25.522]}},{"type":"Feature","properties":{"name":"Al Muḩarraq","iso":"BHR"},"geometry":{"type":"Point","coordinates":[50.643,26.245]}},{"type":"Feature","properties":{"name":"Midlands","iso":"ZWE"},"geometry":{"type":"Point","coordinates":[29.518,-19.025]}},{"type":"Feature","properties":{"name":"Harare","iso":"ZWE"},"geometry":{"type":"Point","coordinates":[31.074,-17.859]}},{"type":"Feature","properties":{"name":"Bulawayo","iso":"ZWE"},"geometry":{"type":"Point","coordinates":[28.554,-20.13]}},{"type":"Feature","properties":{"name":"Ma'rib","iso":"YEM"},"geometry":{"type":"Point","coordinates":[45.213,15.046]}},{"type":"Feature","properties":{"name":"Sana'a","iso":"YEM"},"geometry":{"type":"Point","coordinates":[44.428,15.244]}},{"type":"Feature","properties":{"name":"Raymah","iso":"YEM"},"geometry":{"type":"Point","coordinates":[43.709,14.648]}},{"type":"Feature","properties":{"name":"Al Bayda'","iso":"YEM"},"geometry":{"type":"Point","coordinates":[45.347,14.358]}},{"type":"Feature","properties":{"name":"Amran","iso":"YEM"},"geometry":{"type":"Point","coordinates":[43.957,16.021]}},{"type":"Feature","properties":{"name":"Al Dali'","iso":"YEM"},"geometry":{"type":"Point","coordinates":[44.704,13.885]}},{"type":"Feature","properties":{"name":"Ibb","iso":"YEM"},"geometry":{"type":"Point","coordinates":[44.186,14.081]}},{"type":"Feature","properties":{"name":"Al Mahwit","iso":"YEM"},"geometry":{"type":"Point","coordinates":[43.616,15.349]}},{"type":"Feature","properties":{"name":"Dhamar","iso":"YEM"},"geometry":{"type":"Point","coordinates":[44.123,14.535]}},{"type":"Feature","properties":{"name":"Hòa Bình","iso":"VNM"},"geometry":{"type":"Point","coordinates":[105.329,20.714]}},{"type":"Feature","properties":{"name":"Tuyên Quang","iso":"VNM"},"geometry":{"type":"Point","coordinates":[105.255,22.118]}},{"type":"Feature","properties":{"name":"Yên Bái","iso":"VNM"},"geometry":{"type":"Point","coordinates":[104.512,21.817]}},{"type":"Feature","properties":{"name":"Vĩnh Phúc","iso":"VNM"},"geometry":{"type":"Point","coordinates":[105.546,21.311]}},{"type":"Feature","properties":{"name":"Phú Thọ","iso":"VNM"},"geometry":{"type":"Point","coordinates":[105.192,21.269]}},{"type":"Feature","properties":{"name":"Ha Noi","iso":"VNM"},"geometry":{"type":"Point","coordinates":[105.706,20.995]}},{"type":"Feature","properties":{"name":"Đông Bắc","iso":"VNM"},"geometry":{"type":"Point","coordinates":[105.864,22.238]}},{"type":"Feature","properties":{"name":"Đồng Bằng Sông Hồng","iso":"VNM"},"geometry":{"type":"Point","coordinates":[106.031,20.792]}},{"type":"Feature","properties":{"name":"Bắc Ninh","iso":"VNM"},"geometry":{"type":"Point","coordinates":[106.104,21.102]}},{"type":"Feature","properties":{"name":"Bắc Giang","iso":"VNM"},"geometry":{"type":"Point","coordinates":[106.489,21.409]}},{"type":"Feature","properties":{"name":"Thái Nguyên","iso":"VNM"},"geometry":{"type":"Point","coordinates":[105.891,21.729]}},{"type":"Feature","properties":{"name":"Hải Dương","iso":"VNM"},"geometry":{"type":"Point","coordinates":[106.419,20.975]}},{"type":"Feature","properties":{"name":"Hà Nam","iso":"VNM"},"geometry":{"type":"Point","coordinates":[106.005,20.551]}},{"type":"Feature","properties":{"name":"Bình Dương","iso":"VNM"},"geometry":{"type":"Point","coordinates":[106.657,11.212]}},{"type":"Feature","properties":{"name":"Lâm Đồng","iso":"VNM"},"geometry":{"type":"Point","coordinates":[108.021,11.778]}},{"type":"Feature","properties":{"name":"Can Tho","iso":"VNM"},"geometry":{"type":"Point","coordinates":[105.615,10.239]}},{"type":"Feature","properties":{"name":"Tacuarembó","iso":"URY"},"geometry":{"type":"Point","coordinates":[-55.77,-32.078]}},{"type":"Feature","properties":{"name":"Durazno","iso":"URY"},"geometry":{"type":"Point","coordinates":[-56.089,-33.017]}},{"type":"Feature","properties":{"name":"Flores","iso":"URY"},"geometry":{"type":"Point","coordinates":[-56.945,-33.574]}},{"type":"Feature","properties":{"name":"Florida","iso":"URY"},"geometry":{"type":"Point","coordinates":[-55.814,-33.727]}},{"type":"Feature","properties":{"name":"Lavalleja","iso":"URY"},"geometry":{"type":"Point","coordinates":[-54.924,-33.834]}},{"type":"Feature","properties":{"name":"Guárico","iso":"VEN"},"geometry":{"type":"Point","coordinates":[-66.651,9.021]}},{"type":"Feature","properties":{"name":"Cojedes","iso":"VEN"},"geometry":{"type":"Point","coordinates":[-68.34,9.365]}},{"type":"Feature","properties":{"name":"Distrito Capital","iso":"VEN"},"geometry":{"type":"Point","coordinates":[-67.01,10.509]}},{"type":"Feature","properties":{"name":"Barinas","iso":"VEN"},"geometry":{"type":"Point","coordinates":[-69.659,8.129]}},{"type":"Feature","properties":{"name":"Lara","iso":"VEN"},"geometry":{"type":"Point","coordinates":[-69.693,10.079]}},{"type":"Feature","properties":{"name":"Portuguesa","iso":"VEN"},"geometry":{"type":"Point","coordinates":[-69.276,9.058]}},{"type":"Feature","properties":{"name":"Poltava","iso":"UKR"},"geometry":{"type":"Point","coordinates":[33.89,49.722]}},{"type":"Feature","properties":{"name":"Khmel'nyts'kyy","iso":"UKR"},"geometry":{"type":"Point","coordinates":[26.972,49.51]}},{"type":"Feature","properties":{"name":"Ternopil'","iso":"UKR"},"geometry":{"type":"Point","coordinates":[25.734,49.371]}},{"type":"Feature","properties":{"name":"Dnipropetrovs'k","iso":"UKR"},"geometry":{"type":"Point","coordinates":[35.02,48.318]}},{"type":"Feature","properties":{"name":"Cherkasy","iso":"UKR"},"geometry":{"type":"Point","coordinates":[31.26,49.287]}},{"type":"Feature","properties":{"name":"Kirovohrad","iso":"UKR"},"geometry":{"type":"Point","coordinates":[32.137,48.469]}},{"type":"Feature","properties":{"name":"Siliana","iso":"TUN"},"geometry":{"type":"Point","coordinates":[9.32,36.021]}},{"type":"Feature","properties":{"name":"Sidi Bou Zid","iso":"TUN"},"geometry":{"type":"Point","coordinates":[9.5,34.835]}},{"type":"Feature","properties":{"name":"Kairouan","iso":"TUN"},"geometry":{"type":"Point","coordinates":[9.864,35.619]}},{"type":"Feature","properties":{"name":"Zaghouan","iso":"TUN"},"geometry":{"type":"Point","coordinates":[10.024,36.304]}},{"type":"Feature","properties":{"name":"Bern","iso":"CHE"},"geometry":{"type":"Point","coordinates":[7.535,46.905]}},{"type":"Feature","properties":{"name":"Lucerne","iso":"CHE"},"geometry":{"type":"Point","coordinates":[8.13,47.051]}},{"type":"Feature","properties":{"name":"Zug","iso":"CHE"},"geometry":{"type":"Point","coordinates":[8.52,47.157]}},{"type":"Feature","properties":{"name":"Uri","iso":"CHE"},"geometry":{"type":"Point","coordinates":[8.637,46.793]}},{"type":"Feature","properties":{"name":"Schwyz","iso":"CHE"},"geometry":{"type":"Point","coordinates":[8.712,47.036]}},{"type":"Feature","properties":{"name":"Glarus","iso":"CHE"},"geometry":{"type":"Point","coordinates":[9.033,46.947]}},{"type":"Feature","properties":{"name":"Nidwalden","iso":"CHE"},"geometry":{"type":"Point","coordinates":[8.375,46.907]}},{"type":"Feature","properties":{"name":"Fribourg","iso":"CHE"},"geometry":{"type":"Point","coordinates":[7.007,46.756]}},{"type":"Feature","properties":{"name":"Obwalden","iso":"CHE"},"geometry":{"type":"Point","coordinates":[8.312,46.852]}},{"type":"Feature","properties":{"name":"Pesnica","iso":"SVN"},"geometry":{"type":"Point","coordinates":[15.715,46.637]}},{"type":"Feature","properties":{"name":"Duplek","iso":"SVN"},"geometry":{"type":"Point","coordinates":[15.768,46.515]}},{"type":"Feature","properties":{"name":"Miklavž na Dravskem polju","iso":"SVN"},"geometry":{"type":"Point","coordinates":[15.713,46.491]}},{"type":"Feature","properties":{"name":"Hoce-Slivnica","iso":"SVN"},"geometry":{"type":"Point","coordinates":[15.644,46.484]}},{"type":"Feature","properties":{"name":"Lenart","iso":"SVN"},"geometry":{"type":"Point","coordinates":[15.838,46.573]}},{"type":"Feature","properties":{"name":"Sveta Ana","iso":"SVN"},"geometry":{"type":"Point","coordinates":[15.832,46.648]}},{"type":"Feature","properties":{"name":"Lovrenc na Pohorju","iso":"SVN"},"geometry":{"type":"Point","coordinates":[15.394,46.538]}},{"type":"Feature","properties":{"name":"Ribnica na Pohorju","iso":"SVN"},"geometry":{"type":"Point","coordinates":[15.263,46.531]}},{"type":"Feature","properties":{"name":"Slovenj Gradec","iso":"SVN"},"geometry":{"type":"Point","coordinates":[15.077,46.5]}},{"type":"Feature","properties":{"name":"Vuzenica","iso":"SVN"},"geometry":{"type":"Point","coordinates":[15.169,46.578]}},{"type":"Feature","properties":{"name":"Chimbu","iso":"PNG"},"geometry":{"type":"Point","coordinates":[144.883,-6.403]}},{"type":"Feature","properties":{"name":"Enga","iso":"PNG"},"geometry":{"type":"Point","coordinates":[143.878,-5.421]}},{"type":"Feature","properties":{"name":"Western Highlands","iso":"PNG"},"geometry":{"type":"Point","coordinates":[144.47,-5.746]}},{"type":"Feature","properties":{"name":"Southern Highlands","iso":"PNG"},"geometry":{"type":"Point","coordinates":[143.455,-5.987]}},{"type":"Feature","properties":{"name":"Eastern Highlands","iso":"PNG"},"geometry":{"type":"Point","coordinates":[145.54,-6.349]}},{"type":"Feature","properties":{"name":"Criuleni","iso":"MDA"},"geometry":{"type":"Point","coordinates":[29.094,47.129]}},{"type":"Feature","properties":{"name":"Străşeni","iso":"MDA"},"geometry":{"type":"Point","coordinates":[28.587,47.158]}},{"type":"Feature","properties":{"name":"Anenii Noi","iso":"MDA"},"geometry":{"type":"Point","coordinates":[29.256,46.953]}},{"type":"Feature","properties":{"name":"Orhei","iso":"MDA"},"geometry":{"type":"Point","coordinates":[28.834,47.415]}},{"type":"Feature","properties":{"name":"Transnistria","iso":"MDA"},"geometry":{"type":"Point","coordinates":[29.154,47.258]}},{"type":"Feature","properties":{"name":"Chişinău","iso":"MDA"},"geometry":{"type":"Point","coordinates":[28.832,47.047]}},{"type":"Feature","properties":{"name":"Teleneşti","iso":"MDA"},"geometry":{"type":"Point","coordinates":[28.447,47.551]}},{"type":"Feature","properties":{"name":"Şoldăneşti","iso":"MDA"},"geometry":{"type":"Point","coordinates":[28.717,47.86]}},{"type":"Feature","properties":{"name":"Floreşti","iso":"MDA"},"geometry":{"type":"Point","coordinates":[28.303,47.867]}},{"type":"Feature","properties":{"name":"Rezina","iso":"MDA"},"geometry":{"type":"Point","coordinates":[28.881,47.685]}},{"type":"Feature","properties":{"name":"Ialoveni","iso":"MDA"},"geometry":{"type":"Point","coordinates":[28.789,46.925]}},{"type":"Feature","properties":{"name":"Bolu","iso":"TUR"},"geometry":{"type":"Point","coordinates":[31.568,40.58]}},{"type":"Feature","properties":{"name":"Ankara","iso":"TUR"},"geometry":{"type":"Point","coordinates":[32.475,39.719]}},{"type":"Feature","properties":{"name":"Bilecik","iso":"TUR"},"geometry":{"type":"Point","coordinates":[30.109,40.109]}},{"type":"Feature","properties":{"name":"Eskisehir","iso":"TUR"},"geometry":{"type":"Point","coordinates":[31.246,39.601]}},{"type":"Feature","properties":{"name":"Çankiri","iso":"TUR"},"geometry":{"type":"Point","coordinates":[33.484,40.688]}},{"type":"Feature","properties":{"name":"Karabük","iso":"TUR"},"geometry":{"type":"Point","coordinates":[32.657,41.169]}},{"type":"Feature","properties":{"name":"Jharkhand","iso":"IND"},"geometry":{"type":"Point","coordinates":[85.779,23.716]}},{"type":"Feature","properties":{"name":"Delhi","iso":"IND"},"geometry":{"type":"Point","coordinates":[77.088,28.634]}},{"type":"Feature","properties":{"name":"Chandigarh","iso":"IND"},"geometry":{"type":"Point","coordinates":[76.773,30.736]}},{"type":"Feature","properties":{"name":"Madhya Pradesh","iso":"IND"},"geometry":{"type":"Point","coordinates":[78.282,24.205]}},{"type":"Feature","properties":{"name":"Utah","iso":"USA"},"geometry":{"type":"Point","coordinates":[-111.421,39.558]}},{"type":"Feature","properties":{"name":"Wyoming","iso":"USA"},"geometry":{"type":"Point","coordinates":[-107.983,43.17]}},{"type":"Feature","properties":{"name":"Nevada","iso":"USA"},"geometry":{"type":"Point","coordinates":[-115.555,37.858]}},{"type":"Feature","properties":{"name":"Colorado","iso":"USA"},"geometry":{"type":"Point","coordinates":[-105.117,39.165]}},{"type":"Feature","properties":{"name":"South Dakota","iso":"USA"},"geometry":{"type":"Point","coordinates":[-98.159,43.669]}},{"type":"Feature","properties":{"name":"Nebraska","iso":"USA"},"geometry":{"type":"Point","coordinates":[-97.898,41.566]}},{"type":"Feature","properties":{"name":"Kansas","iso":"USA"},"geometry":{"type":"Point","coordinates":[-97.126,38.95]}},{"type":"Feature","properties":{"name":"Oklahoma","iso":"USA"},"geometry":{"type":"Point","coordinates":[-97.37,34.482]}},{"type":"Feature","properties":{"name":"Iowa","iso":"USA"},"geometry":{"type":"Point","coordinates":[-94.247,41.801]}},{"type":"Feature","properties":{"name":"Missouri","iso":"USA"},"geometry":{"type":"Point","coordinates":[-92.27,38.59]}},{"type":"Feature","properties":{"name":"Arima","iso":"TTO"},"geometry":{"type":"Point","coordinates":[-61.284,10.628]}},{"type":"Feature","properties":{"name":"Khon Kaen","iso":"THA"},"geometry":{"type":"Point","coordinates":[102.567,16.457]}},{"type":"Feature","properties":{"name":"Sakon Nakhon","iso":"THA"},"geometry":{"type":"Point","coordinates":[103.778,17.524]}},{"type":"Feature","properties":{"name":"Suphan Buri","iso":"THA"},"geometry":{"type":"Point","coordinates":[99.785,14.71]}},{"type":"Feature","properties":{"name":"Sing Buri","iso":"THA"},"geometry":{"type":"Point","coordinates":[100.34,14.934]}},{"type":"Feature","properties":{"name":"Chai Nat","iso":"THA"},"geometry":{"type":"Point","coordinates":[100.013,15.167]}},{"type":"Feature","properties":{"name":"Ang Thong","iso":"THA"},"geometry":{"type":"Point","coordinates":[100.34,14.617]}},{"type":"Feature","properties":{"name":"Saraburi","iso":"THA"},"geometry":{"type":"Point","coordinates":[100.926,14.564]}},{"type":"Feature","properties":{"name":"Nakhon Ratchasima","iso":"THA"},"geometry":{"type":"Point","coordinates":[102.187,14.87]}},{"type":"Feature","properties":{"name":"Nakhon Nayok","iso":"THA"},"geometry":{"type":"Point","coordinates":[101.238,14.279]}},{"type":"Feature","properties":{"name":"Pathum Thani","iso":"THA"},"geometry":{"type":"Point","coordinates":[100.58,14.072]}},{"type":"Feature","properties":{"name":"Uthai Thani","iso":"THA"},"geometry":{"type":"Point","coordinates":[99.519,15.335]}},{"type":"Feature","properties":{"name":"Kalasin","iso":"THA"},"geometry":{"type":"Point","coordinates":[103.592,16.657]}},{"type":"Feature","properties":{"name":"Roi Et","iso":"THA"},"geometry":{"type":"Point","coordinates":[103.855,15.986]}},{"type":"Feature","properties":{"name":"Maha Sarakham","iso":"THA"},"geometry":{"type":"Point","coordinates":[103.175,16.04]}},{"type":"Feature","properties":{"name":"Nong Bua Lam Phu","iso":"THA"},"geometry":{"type":"Point","coordinates":[102.251,17.123]}},{"type":"Feature","properties":{"name":"Lop Buri","iso":"THA"},"geometry":{"type":"Point","coordinates":[100.946,14.977]}},{"type":"Feature","properties":{"name":"Udon Thani","iso":"THA"},"geometry":{"type":"Point","coordinates":[102.887,17.509]}},{"type":"Feature","properties":{"name":"Phra Nakhon Si Ayutthaya","iso":"THA"},"geometry":{"type":"Point","coordinates":[100.547,14.419]}},{"type":"Feature","properties":{"name":"Nonthaburi","iso":"THA"},"geometry":{"type":"Point","coordinates":[100.359,13.976]}},{"type":"Feature","properties":{"name":"Nakhon Pathom","iso":"THA"},"geometry":{"type":"Point","coordinates":[100.101,13.884]}},{"type":"Feature","properties":{"name":"Kamphaeng Phet","iso":"THA"},"geometry":{"type":"Point","coordinates":[99.403,16.287]}},{"type":"Feature","properties":{"name":"Lampang","iso":"THA"},"geometry":{"type":"Point","coordinates":[99.463,18.25]}},{"type":"Feature","properties":{"name":"Sukhothai","iso":"THA"},"geometry":{"type":"Point","coordinates":[99.709,17.295]}},{"type":"Feature","properties":{"name":"Nakhon Sawan","iso":"THA"},"geometry":{"type":"Point","coordinates":[99.999,15.746]}},{"type":"Feature","properties":{"name":"Phetchabun","iso":"THA"},"geometry":{"type":"Point","coordinates":[101.234,16.404]}},{"type":"Feature","properties":{"name":"Phichit","iso":"THA"},"geometry":{"type":"Point","coordinates":[100.371,16.178]}},{"type":"Feature","properties":{"name":"Chaiyaphum","iso":"THA"},"geometry":{"type":"Point","coordinates":[101.826,16.147]}},{"type":"Feature","properties":{"name":"Phrae","iso":"THA"},"geometry":{"type":"Point","coordinates":[100.043,18.206]}},{"type":"Feature","properties":{"name":"Lamphun","iso":"THA"},"geometry":{"type":"Point","coordinates":[99.014,18.088]}},{"type":"Feature","properties":{"name":"Prachin Buri","iso":"THA"},"geometry":{"type":"Point","coordinates":[101.594,14.118]}},{"type":"Feature","properties":{"name":"Yasothon","iso":"THA"},"geometry":{"type":"Point","coordinates":[104.368,15.875]}},{"type":"Feature","properties":{"name":"Ermera","iso":"TLS"},"geometry":{"type":"Point","coordinates":[125.395,-8.802]}},{"type":"Feature","properties":{"name":"Aileu","iso":"TLS"},"geometry":{"type":"Point","coordinates":[125.606,-8.716]}},{"type":"Feature","properties":{"name":"Nantou","iso":"TWN"},"geometry":{"type":"Point","coordinates":[120.982,23.852]}},{"type":"Feature","properties":{"name":"Tokat","iso":"TUR"},"geometry":{"type":"Point","coordinates":[36.489,40.453]}},{"type":"Feature","properties":{"name":"Sivas","iso":"TUR"},"geometry":{"type":"Point","coordinates":[37.509,39.584]}},{"type":"Feature","properties":{"name":"Çorum","iso":"TUR"},"geometry":{"type":"Point","coordinates":[34.616,40.646]}},{"type":"Feature","properties":{"name":"Amasya","iso":"TUR"},"geometry":{"type":"Point","coordinates":[35.812,40.659]}},{"type":"Feature","properties":{"name":"Morogoro","iso":"TZA"},"geometry":{"type":"Point","coordinates":[37.042,-7.839]}},{"type":"Feature","properties":{"name":"Dodoma","iso":"TZA"},"geometry":{"type":"Point","coordinates":[35.912,-6.043]}},{"type":"Feature","properties":{"name":"Manyara","iso":"TZA"},"geometry":{"type":"Point","coordinates":[36.5,-4.366]}},{"type":"Feature","properties":{"name":"Semnan","iso":"IRN"},"geometry":{"type":"Point","coordinates":[54.411,35.859]}},{"type":"Feature","properties":{"name":"Zanjan","iso":"IRN"},"geometry":{"type":"Point","coordinates":[48.438,36.449]}},{"type":"Feature","properties":{"name":"Qazvin","iso":"IRN"},"geometry":{"type":"Point","coordinates":[49.608,36.122]}},{"type":"Feature","properties":{"name":"Taipei City","iso":"TWN"},"geometry":{"type":"Point","coordinates":[121.562,25.095]}},{"type":"Feature","properties":{"name":"Chiayi City","iso":"TWN"},"geometry":{"type":"Point","coordinates":[120.447,23.485]}},{"type":"Feature","properties":{"name":"Hamah","iso":"SYR"},"geometry":{"type":"Point","coordinates":[37.023,35.148]}},{"type":"Feature","properties":{"name":"Preddvor","iso":"SVN"},"geometry":{"type":"Point","coordinates":[14.451,46.325]}},{"type":"Feature","properties":{"name":"Šenčur","iso":"SVN"},"geometry":{"type":"Point","coordinates":[14.43,46.245]}},{"type":"Feature","properties":{"name":"Cerklje na Gorenjskem","iso":"SVN"},"geometry":{"type":"Point","coordinates":[14.503,46.267]}},{"type":"Feature","properties":{"name":"Kamnik","iso":"SVN"},"geometry":{"type":"Point","coordinates":[14.65,46.264]}},{"type":"Feature","properties":{"name":"Medvode","iso":"SVN"},"geometry":{"type":"Point","coordinates":[14.398,46.127]}},{"type":"Feature","properties":{"name":"Kranj","iso":"SVN"},"geometry":{"type":"Point","coordinates":[14.335,46.255]}},{"type":"Feature","properties":{"name":"Škofja Loka","iso":"SVN"},"geometry":{"type":"Point","coordinates":[14.27,46.172]}},{"type":"Feature","properties":{"name":"Železniki","iso":"SVN"},"geometry":{"type":"Point","coordinates":[14.116,46.223]}},{"type":"Feature","properties":{"name":"Bohinj","iso":"SVN"},"geometry":{"type":"Point","coordinates":[14.006,46.301]}},{"type":"Feature","properties":{"name":"Naklo","iso":"SVN"},"geometry":{"type":"Point","coordinates":[14.309,46.295]}},{"type":"Feature","properties":{"name":"Radovljica","iso":"SVN"},"geometry":{"type":"Point","coordinates":[14.199,46.342]}},{"type":"Feature","properties":{"name":"Šoštanj","iso":"SVN"},"geometry":{"type":"Point","coordinates":[14.991,46.402]}},{"type":"Feature","properties":{"name":"Ljubno","iso":"SVN"},"geometry":{"type":"Point","coordinates":[14.843,46.373]}},{"type":"Feature","properties":{"name":"Luce","iso":"SVN"},"geometry":{"type":"Point","coordinates":[14.735,46.37]}},{"type":"Feature","properties":{"name":"Lukovica","iso":"SVN"},"geometry":{"type":"Point","coordinates":[14.748,46.174]}},{"type":"Feature","properties":{"name":"Benedikt","iso":"SVN"},"geometry":{"type":"Point","coordinates":[15.906,46.616]}},{"type":"Feature","properties":{"name":"Laško","iso":"SVN"},"geometry":{"type":"Point","coordinates":[15.244,46.125]}},{"type":"Feature","properties":{"name":"Dobje","iso":"SVN"},"geometry":{"type":"Point","coordinates":[15.416,46.127]}},{"type":"Feature","properties":{"name":"Ruše","iso":"SVN"},"geometry":{"type":"Point","coordinates":[15.487,46.523]}},{"type":"Feature","properties":{"name":"Vodice","iso":"SVN"},"geometry":{"type":"Point","coordinates":[14.495,46.169]}},{"type":"Feature","properties":{"name":"Komenda","iso":"SVN"},"geometry":{"type":"Point","coordinates":[14.546,46.202]}},{"type":"Feature","properties":{"name":"Mengeš","iso":"SVN"},"geometry":{"type":"Point","coordinates":[14.55,46.164]}},{"type":"Feature","properties":{"name":"Vrhnika","iso":"SVN"},"geometry":{"type":"Point","coordinates":[14.296,45.974]}},{"type":"Feature","properties":{"name":"Horjul","iso":"SVN"},"geometry":{"type":"Point","coordinates":[14.289,46.017]}},{"type":"Feature","properties":{"name":"Cerkvenjak","iso":"SVN"},"geometry":{"type":"Point","coordinates":[15.947,46.558]}},{"type":"Feature","properties":{"name":"Trzin","iso":"SVN"},"geometry":{"type":"Point","coordinates":[14.555,46.128]}},{"type":"Feature","properties":{"name":"Puconci","iso":"SVN"},"geometry":{"type":"Point","coordinates":[16.132,46.752]}},{"type":"Feature","properties":{"name":"Grad","iso":"SVN"},"geometry":{"type":"Point","coordinates":[16.093,46.796]}},{"type":"Feature","properties":{"name":"Murska Sobota","iso":"SVN"},"geometry":{"type":"Point","coordinates":[16.156,46.657]}},{"type":"Feature","properties":{"name":"Sveti Andraž v Slovenskih Goricah","iso":"SVN"},"geometry":{"type":"Point","coordinates":[15.95,46.523]}},{"type":"Feature","properties":{"name":"Brezovica","iso":"SVN"},"geometry":{"type":"Point","coordinates":[14.418,45.964]}},{"type":"Feature","properties":{"name":"Dobrova-Polhov Gradec","iso":"SVN"},"geometry":{"type":"Point","coordinates":[14.336,46.052]}},{"type":"Feature","properties":{"name":"Gorenja vas-Poljane","iso":"SVN"},"geometry":{"type":"Point","coordinates":[14.155,46.116]}},{"type":"Feature","properties":{"name":"Logatec","iso":"SVN"},"geometry":{"type":"Point","coordinates":[14.177,45.953]}},{"type":"Feature","properties":{"name":"Trnovska vas","iso":"SVN"},"geometry":{"type":"Point","coordinates":[15.891,46.524]}},{"type":"Feature","properties":{"name":"Destrnik","iso":"SVN"},"geometry":{"type":"Point","coordinates":[15.888,46.479]}},{"type":"Feature","properties":{"name":"Race-Fram","iso":"SVN"},"geometry":{"type":"Point","coordinates":[15.652,46.456]}},{"type":"Feature","properties":{"name":"Starše","iso":"SVN"},"geometry":{"type":"Point","coordinates":[15.758,46.465]}},{"type":"Feature","properties":{"name":"Vransko","iso":"SVN"},"geometry":{"type":"Point","coordinates":[14.936,46.244]}},{"type":"Feature","properties":{"name":"Velenje","iso":"SVN"},"geometry":{"type":"Point","coordinates":[15.138,46.375]}},{"type":"Feature","properties":{"name":"Polzela","iso":"SVN"},"geometry":{"type":"Point","coordinates":[15.091,46.309]}},{"type":"Feature","properties":{"name":"Šmartno ob Paki","iso":"SVN"},"geometry":{"type":"Point","coordinates":[15.03,46.344]}},{"type":"Feature","properties":{"name":"Mozirje","iso":"SVN"},"geometry":{"type":"Point","coordinates":[14.959,46.352]}},{"type":"Feature","properties":{"name":"Vitanje","iso":"SVN"},"geometry":{"type":"Point","coordinates":[15.317,46.417]}},{"type":"Feature","properties":{"name":"Vojnik","iso":"SVN"},"geometry":{"type":"Point","coordinates":[15.32,46.315]}},{"type":"Feature","properties":{"name":"Zrece","iso":"SVN"},"geometry":{"type":"Point","coordinates":[15.368,46.408]}},{"type":"Feature","properties":{"name":"Mislinja","iso":"SVN"},"geometry":{"type":"Point","coordinates":[15.22,46.447]}},{"type":"Feature","properties":{"name":"Zasavska","iso":"SVN"},"geometry":{"type":"Point","coordinates":[14.936,46.143]}},{"type":"Feature","properties":{"name":"Litija","iso":"SVN"},"geometry":{"type":"Point","coordinates":[14.944,46.063]}},{"type":"Feature","properties":{"name":"Gornji Grad","iso":"SVN"},"geometry":{"type":"Point","coordinates":[14.802,46.296]}},{"type":"Feature","properties":{"name":"Cerknica","iso":"SVN"},"geometry":{"type":"Point","coordinates":[14.404,45.819]}},{"type":"Feature","properties":{"name":"Velike Lašče","iso":"SVN"},"geometry":{"type":"Point","coordinates":[14.586,45.858]}},{"type":"Feature","properties":{"name":"Borovnica","iso":"SVN"},"geometry":{"type":"Point","coordinates":[14.381,45.91]}},{"type":"Feature","properties":{"name":"Postojna","iso":"SVN"},"geometry":{"type":"Point","coordinates":[14.172,45.782]}},{"type":"Feature","properties":{"name":"Pivka","iso":"SVN"},"geometry":{"type":"Point","coordinates":[14.213,45.674]}},{"type":"Feature","properties":{"name":"Dobrna","iso":"SVN"},"geometry":{"type":"Point","coordinates":[15.239,46.351]}},{"type":"Feature","properties":{"name":"Celje","iso":"SVN"},"geometry":{"type":"Point","coordinates":[15.275,46.248]}},{"type":"Feature","properties":{"name":"Nazarje","iso":"SVN"},"geometry":{"type":"Point","coordinates":[14.92,46.281]}},{"type":"Feature","properties":{"name":"Domžale","iso":"SVN"},"geometry":{"type":"Point","coordinates":[14.641,46.151]}},{"type":"Feature","properties":{"name":"Ivancna Gorica","iso":"SVN"},"geometry":{"type":"Point","coordinates":[14.807,45.914]}},{"type":"Feature","properties":{"name":"Ljubljana","iso":"SVN"},"geometry":{"type":"Point","coordinates":[14.556,46.054]}},{"type":"Feature","properties":{"name":"Šmartno in Litiji","iso":"SVN"},"geometry":{"type":"Point","coordinates":[14.824,46.02]}},{"type":"Feature","properties":{"name":"Ig","iso":"SVN"},"geometry":{"type":"Point","coordinates":[14.53,45.924]}},{"type":"Feature","properties":{"name":"Dol pri Ljubljani","iso":"SVN"},"geometry":{"type":"Point","coordinates":[14.684,46.096]}},{"type":"Feature","properties":{"name":"Prebold","iso":"SVN"},"geometry":{"type":"Point","coordinates":[15.109,46.217]}},{"type":"Feature","properties":{"name":"Moravce","iso":"SVN"},"geometry":{"type":"Point","coordinates":[14.749,46.132]}},{"type":"Feature","properties":{"name":"Appenzell Ausserrhoden","iso":"CHE"},"geometry":{"type":"Point","coordinates":[9.395,47.38]}},{"type":"Feature","properties":{"name":"Appenzell Innerrhoden","iso":"CHE"},"geometry":{"type":"Point","coordinates":[9.457,47.367]}},{"type":"Feature","properties":{"name":"Västmanland","iso":"SWE"},"geometry":{"type":"Point","coordinates":[16.24,59.795]}},{"type":"Feature","properties":{"name":"Jönköping","iso":"SWE"},"geometry":{"type":"Point","coordinates":[14.478,57.464]}},{"type":"Feature","properties":{"name":"Orebro","iso":"SWE"},"geometry":{"type":"Point","coordinates":[15.084,59.347]}},{"type":"Feature","properties":{"name":"Kronoberg","iso":"SWE"},"geometry":{"type":"Point","coordinates":[14.682,56.821]}},{"type":"Feature","properties":{"name":"Para","iso":"SUR"},"geometry":{"type":"Point","coordinates":[-55.311,5.337]}},{"type":"Feature","properties":{"name":"Brokopondo","iso":"SUR"},"geometry":{"type":"Point","coordinates":[-55.026,4.682]}},{"type":"Feature","properties":{"name":"Gezira","iso":"SDN"},"geometry":{"type":"Point","coordinates":[33.161,14.491]}},{"type":"Feature","properties":{"name":"Khartoum","iso":"SDN"},"geometry":{"type":"Point","coordinates":[32.98,15.671]}},{"type":"Feature","properties":{"name":"North Kordufan","iso":"SDN"},"geometry":{"type":"Point","coordinates":[29.791,13.166]}},{"type":"Feature","properties":{"name":"Lakes","iso":"SDS"},"geometry":{"type":"Point","coordinates":[30.344,6.475]}},{"type":"Feature","properties":{"name":"Warrap","iso":"SDS"},"geometry":{"type":"Point","coordinates":[28.523,7.952]}},{"type":"Feature","properties":{"name":"Zaragoza","iso":"ESP"},"geometry":{"type":"Point","coordinates":[-1.12,41.726]}},{"type":"Feature","properties":{"name":"La Rioja","iso":"ESP"},"geometry":{"type":"Point","coordinates":[-2.502,42.252]}},{"type":"Feature","properties":{"name":"Álava","iso":"ESP"},"geometry":{"type":"Point","coordinates":[-2.815,42.834]}},{"type":"Feature","properties":{"name":"Albacete","iso":"ESP"},"geometry":{"type":"Point","coordinates":[-1.774,38.709]}},{"type":"Feature","properties":{"name":"Teruel","iso":"ESP"},"geometry":{"type":"Point","coordinates":[-0.788,40.576]}},{"type":"Feature","properties":{"name":"Cuenca","iso":"ESP"},"geometry":{"type":"Point","coordinates":[-2.034,40.011]}},{"type":"Feature","properties":{"name":"Toledo","iso":"ESP"},"geometry":{"type":"Point","coordinates":[-4.343,39.883]}},{"type":"Feature","properties":{"name":"León","iso":"ESP"},"geometry":{"type":"Point","coordinates":[-5.939,42.712]}},{"type":"Feature","properties":{"name":"Soria","iso":"ESP"},"geometry":{"type":"Point","coordinates":[-2.461,41.608]}},{"type":"Feature","properties":{"name":"Burgos","iso":"ESP"},"geometry":{"type":"Point","coordinates":[-3.366,42.598]}},{"type":"Feature","properties":{"name":"Ávila","iso":"ESP"},"geometry":{"type":"Point","coordinates":[-4.824,40.498]}},{"type":"Feature","properties":{"name":"Gauteng","iso":"ZAF"},"geometry":{"type":"Point","coordinates":[28.225,-26.076]}},{"type":"Feature","properties":{"name":"Dobrepolje","iso":"SVN"},"geometry":{"type":"Point","coordinates":[14.721,45.844]}},{"type":"Feature","properties":{"name":"Radece","iso":"SVN"},"geometry":{"type":"Point","coordinates":[15.163,46.055]}},{"type":"Feature","properties":{"name":"Štore","iso":"SVN"},"geometry":{"type":"Point","coordinates":[15.32,46.198]}},{"type":"Feature","properties":{"name":"Slovenske Konjice","iso":"SVN"},"geometry":{"type":"Point","coordinates":[15.451,46.328]}},{"type":"Feature","properties":{"name":"Žiri","iso":"SVN"},"geometry":{"type":"Point","coordinates":[14.104,46.049]}},{"type":"Feature","properties":{"name":"Oplotnica","iso":"SVN"},"geometry":{"type":"Point","coordinates":[15.447,46.392]}},{"type":"Feature","properties":{"name":"Cerkno","iso":"SVN"},"geometry":{"type":"Point","coordinates":[13.959,46.106]}},{"type":"Feature","properties":{"name":"Bled","iso":"SVN"},"geometry":{"type":"Point","coordinates":[14.045,46.359]}},{"type":"Feature","properties":{"name":"Ajdovščina","iso":"SVN"},"geometry":{"type":"Point","coordinates":[13.898,45.894]}},{"type":"Feature","properties":{"name":"Divaca","iso":"SVN"},"geometry":{"type":"Point","coordinates":[14.026,45.683]}},{"type":"Feature","properties":{"name":"Idrija","iso":"SVN"},"geometry":{"type":"Point","coordinates":[13.983,46.017]}},{"type":"Feature","properties":{"name":"Vipava","iso":"SVN"},"geometry":{"type":"Point","coordinates":[13.989,45.821]}},{"type":"Feature","properties":{"name":"Bloke","iso":"SVN"},"geometry":{"type":"Point","coordinates":[14.507,45.777]}},{"type":"Feature","properties":{"name":"Šentjur pri Celju","iso":"SVN"},"geometry":{"type":"Point","coordinates":[15.433,46.177]}},{"type":"Feature","properties":{"name":"Kozje","iso":"SVN"},"geometry":{"type":"Point","coordinates":[15.563,46.064]}},{"type":"Feature","properties":{"name":"Šmarje pri Jelšah","iso":"SVN"},"geometry":{"type":"Point","coordinates":[15.519,46.212]}},{"type":"Feature","properties":{"name":"Sevnica","iso":"SVN"},"geometry":{"type":"Point","coordinates":[15.262,46.01]}},{"type":"Feature","properties":{"name":"Mirna Pec","iso":"SVN"},"geometry":{"type":"Point","coordinates":[15.099,45.855]}},{"type":"Feature","properties":{"name":"Trebnje","iso":"SVN"},"geometry":{"type":"Point","coordinates":[15.067,45.923]}},{"type":"Feature","properties":{"name":"Žužemberk","iso":"SVN"},"geometry":{"type":"Point","coordinates":[14.926,45.811]}},{"type":"Feature","properties":{"name":"Turnišče","iso":"SVN"},"geometry":{"type":"Point","coordinates":[16.325,46.614]}},{"type":"Feature","properties":{"name":"Radenci","iso":"SVN"},"geometry":{"type":"Point","coordinates":[16.055,46.61]}},{"type":"Feature","properties":{"name":"Sveti Jurij","iso":"SVN"},"geometry":{"type":"Point","coordinates":[16.036,46.565]}},{"type":"Feature","properties":{"name":"Velika Polana","iso":"SVN"},"geometry":{"type":"Point","coordinates":[16.356,46.581]}},{"type":"Feature","properties":{"name":"Beltinci","iso":"SVN"},"geometry":{"type":"Point","coordinates":[16.25,46.611]}},{"type":"Feature","properties":{"name":"Veržej","iso":"SVN"},"geometry":{"type":"Point","coordinates":[16.171,46.584]}},{"type":"Feature","properties":{"name":"Odranci","iso":"SVN"},"geometry":{"type":"Point","coordinates":[16.274,46.586]}},{"type":"Feature","properties":{"name":"Diourbel","iso":"SEN"},"geometry":{"type":"Point","coordinates":[-16.16,14.797]}},{"type":"Feature","properties":{"name":"Ar Riyad","iso":"SAU"},"geometry":{"type":"Point","coordinates":[44.266,24.656]}},{"type":"Feature","properties":{"name":"Al Quassim","iso":"SAU"},"geometry":{"type":"Point","coordinates":[43.262,25.952]}},{"type":"Feature","properties":{"name":"Ha'il","iso":"SAU"},"geometry":{"type":"Point","coordinates":[41.874,27.101]}},{"type":"Feature","properties":{"name":"Al Bahah","iso":"SAU"},"geometry":{"type":"Point","coordinates":[41.371,20.157]}},{"type":"Feature","properties":{"name":"Cluj","iso":"ROU"},"geometry":{"type":"Point","coordinates":[23.487,46.823]}},{"type":"Feature","properties":{"name":"Bistrita-Nasaud","iso":"ROU"},"geometry":{"type":"Point","coordinates":[24.568,47.17]}},{"type":"Feature","properties":{"name":"Salaj","iso":"ROU"},"geometry":{"type":"Point","coordinates":[23.232,47.114]}},{"type":"Feature","properties":{"name":"Dâmbovita","iso":"ROU"},"geometry":{"type":"Point","coordinates":[25.479,44.9]}},{"type":"Feature","properties":{"name":"Ilfov","iso":"ROU"},"geometry":{"type":"Point","coordinates":[26.187,44.537]}},{"type":"Feature","properties":{"name":"Arges","iso":"ROU"},"geometry":{"type":"Point","coordinates":[24.918,44.941]}},{"type":"Feature","properties":{"name":"Gorj","iso":"ROU"},"geometry":{"type":"Point","coordinates":[23.299,45.043]}},{"type":"Feature","properties":{"name":"Hunedoara","iso":"ROU"},"geometry":{"type":"Point","coordinates":[22.886,45.712]}},{"type":"Feature","properties":{"name":"Vâlcea","iso":"ROU"},"geometry":{"type":"Point","coordinates":[24.119,44.998]}},{"type":"Feature","properties":{"name":"Prahova","iso":"ROU"},"geometry":{"type":"Point","coordinates":[26.063,45.109]}},{"type":"Feature","properties":{"name":"Covasna","iso":"ROU"},"geometry":{"type":"Point","coordinates":[25.978,45.937]}},{"type":"Feature","properties":{"name":"Vrancea","iso":"ROU"},"geometry":{"type":"Point","coordinates":[27.1,45.763]}},{"type":"Feature","properties":{"name":"Buzau","iso":"ROU"},"geometry":{"type":"Point","coordinates":[26.856,45.237]}},{"type":"Feature","properties":{"name":"Brasov","iso":"ROU"},"geometry":{"type":"Point","coordinates":[25.29,45.76]}},{"type":"Feature","properties":{"name":"Sibiu","iso":"ROU"},"geometry":{"type":"Point","coordinates":[24.256,45.906]}},{"type":"Feature","properties":{"name":"Mures","iso":"ROU"},"geometry":{"type":"Point","coordinates":[24.648,46.511]}},{"type":"Feature","properties":{"name":"Harghita","iso":"ROU"},"geometry":{"type":"Point","coordinates":[25.588,46.56]}},{"type":"Feature","properties":{"name":"Neamt","iso":"ROU"},"geometry":{"type":"Point","coordinates":[26.462,46.914]}},{"type":"Feature","properties":{"name":"Bacau","iso":"ROU"},"geometry":{"type":"Point","coordinates":[26.661,46.417]}},{"type":"Feature","properties":{"name":"Alba","iso":"ROU"},"geometry":{"type":"Point","coordinates":[23.52,46.129]}},{"type":"Feature","properties":{"name":"Grosuplje","iso":"SVN"},"geometry":{"type":"Point","coordinates":[14.681,45.947]}},{"type":"Feature","properties":{"name":"Škofljica","iso":"SVN"},"geometry":{"type":"Point","coordinates":[14.578,45.954]}},{"type":"Feature","properties":{"name":"Hrastnik","iso":"SVN"},"geometry":{"type":"Point","coordinates":[15.129,46.121]}},{"type":"Feature","properties":{"name":"Žalec","iso":"SVN"},"geometry":{"type":"Point","coordinates":[15.16,46.253]}},{"type":"Feature","properties":{"name":"Trbovlje","iso":"SVN"},"geometry":{"type":"Point","coordinates":[15.039,46.126]}},{"type":"Feature","properties":{"name":"Braslovce","iso":"SVN"},"geometry":{"type":"Point","coordinates":[15.021,46.283]}},{"type":"Feature","properties":{"name":"Tabor","iso":"SVN"},"geometry":{"type":"Point","coordinates":[15.017,46.218]}},{"type":"Feature","properties":{"name":"Krsko","iso":"SVN"},"geometry":{"type":"Point","coordinates":[15.579,46.011]}},{"type":"Feature","properties":{"name":"Hajdina","iso":"SVN"},"geometry":{"type":"Point","coordinates":[15.843,46.413]}},{"type":"Feature","properties":{"name":"Ptuj","iso":"SVN"},"geometry":{"type":"Point","coordinates":[15.87,46.439]}},{"type":"Feature","properties":{"name":"Majšperk","iso":"SVN"},"geometry":{"type":"Point","coordinates":[15.741,46.321]}},{"type":"Feature","properties":{"name":"Slovenska Bistrica","iso":"SVN"},"geometry":{"type":"Point","coordinates":[15.549,46.389]}},{"type":"Feature","properties":{"name":"Markovci","iso":"SVN"},"geometry":{"type":"Point","coordinates":[15.962,46.385]}},{"type":"Feature","properties":{"name":"Kidricevo","iso":"SVN"},"geometry":{"type":"Point","coordinates":[15.739,46.393]}},{"type":"Feature","properties":{"name":"Dornava","iso":"SVN"},"geometry":{"type":"Point","coordinates":[16.001,46.446]}},{"type":"Feature","properties":{"name":"Križevci","iso":"SVN"},"geometry":{"type":"Point","coordinates":[16.14,46.57]}},{"type":"Feature","properties":{"name":"Juršinci","iso":"SVN"},"geometry":{"type":"Point","coordinates":[15.978,46.489]}},{"type":"Feature","properties":{"name":"Semic","iso":"SVN"},"geometry":{"type":"Point","coordinates":[15.185,45.641]}},{"type":"Feature","properties":{"name":"Dolenjske Toplice","iso":"SVN"},"geometry":{"type":"Point","coordinates":[15.054,45.716]}},{"type":"Feature","properties":{"name":"Sodražica","iso":"SVN"},"geometry":{"type":"Point","coordinates":[14.618,45.758]}},{"type":"Feature","properties":{"name":"Ribnica","iso":"SVN"},"geometry":{"type":"Point","coordinates":[14.692,45.725]}},{"type":"Feature","properties":{"name":"Škocjan","iso":"SVN"},"geometry":{"type":"Point","coordinates":[15.306,45.916]}},{"type":"Feature","properties":{"name":"Nišavski","iso":"SRB"},"geometry":{"type":"Point","coordinates":[21.87,43.406]}},{"type":"Feature","properties":{"name":"Pomoravski","iso":"SRB"},"geometry":{"type":"Point","coordinates":[21.332,43.958]}},{"type":"Feature","properties":{"name":"Šumadijski","iso":"SRB"},"geometry":{"type":"Point","coordinates":[20.746,44.087]}},{"type":"Feature","properties":{"name":"Moravicki","iso":"SRB"},"geometry":{"type":"Point","coordinates":[20.274,43.745]}},{"type":"Feature","properties":{"name":"Kolubarski","iso":"SRB"},"geometry":{"type":"Point","coordinates":[19.93,44.297]}},{"type":"Feature","properties":{"name":"Oppland","iso":"NOR"},"geometry":{"type":"Point","coordinates":[9.469,61.277]}},{"type":"Feature","properties":{"name":"Kuala Lumpur","iso":"MYS"},"geometry":{"type":"Point","coordinates":[101.696,3.123]}},{"type":"Feature","properties":{"name":"Putrajaya","iso":"MYS"},"geometry":{"type":"Point","coordinates":[101.69,2.93]}},{"type":"Feature","properties":{"name":"Dowa","iso":"MWI"},"geometry":{"type":"Point","coordinates":[33.856,-13.564]}},{"type":"Feature","properties":{"name":"Balaka","iso":"MWI"},"geometry":{"type":"Point","coordinates":[35.116,-15.005]}},{"type":"Feature","properties":{"name":"Chiradzulu","iso":"MWI"},"geometry":{"type":"Point","coordinates":[35.217,-15.729]}},{"type":"Feature","properties":{"name":"Blantyre","iso":"MWI"},"geometry":{"type":"Point","coordinates":[34.955,-15.724]}},{"type":"Feature","properties":{"name":"Ntchisi","iso":"MWI"},"geometry":{"type":"Point","coordinates":[33.898,-13.249]}},{"type":"Feature","properties":{"name":"Kauno","iso":"LTU"},"geometry":{"type":"Point","coordinates":[23.769,55.08]}},{"type":"Feature","properties":{"name":"Valverde","iso":"DOM"},"geometry":{"type":"Point","coordinates":[-71.013,19.577]}},{"type":"Feature","properties":{"name":"Santiago Rodríguez","iso":"DOM"},"geometry":{"type":"Point","coordinates":[-71.283,19.396]}},{"type":"Feature","properties":{"name":"La Vega","iso":"DOM"},"geometry":{"type":"Point","coordinates":[-70.602,19.093]}},{"type":"Feature","properties":{"name":"Hermanas","iso":"DOM"},"geometry":{"type":"Point","coordinates":[-70.354,19.424]}},{"type":"Feature","properties":{"name":"Duarte","iso":"DOM"},"geometry":{"type":"Point","coordinates":[-70.055,19.228]}},{"type":"Feature","properties":{"name":"Santiago","iso":"DOM"},"geometry":{"type":"Point","coordinates":[-70.906,19.357]}},{"type":"Feature","properties":{"name":"Bahoruco","iso":"DOM"},"geometry":{"type":"Point","coordinates":[-71.289,18.511]}},{"type":"Feature","properties":{"name":"San Juan","iso":"DOM"},"geometry":{"type":"Point","coordinates":[-71.244,18.883]}},{"type":"Feature","properties":{"name":"Naxçıvan","iso":"AZE"},"geometry":{"type":"Point","coordinates":[45.44,39.224]}},{"type":"Feature","properties":{"name":"Şuşa","iso":"AZE"},"geometry":{"type":"Point","coordinates":[46.665,39.687]}},{"type":"Feature","properties":{"name":"Xocalı","iso":"AZE"},"geometry":{"type":"Point","coordinates":[46.716,39.837]}},{"type":"Feature","properties":{"name":"Şuşa","iso":"AZE"},"geometry":{"type":"Point","coordinates":[46.75,39.758]}},{"type":"Feature","properties":{"name":"Ağdam","iso":"AZE"},"geometry":{"type":"Point","coordinates":[47.008,40.003]}},{"type":"Feature","properties":{"name":"Tərtər","iso":"AZE"},"geometry":{"type":"Point","coordinates":[46.821,40.262]}},{"type":"Feature","properties":{"name":"Goranboy","iso":"AZE"},"geometry":{"type":"Point","coordinates":[46.67,40.555]}},{"type":"Feature","properties":{"name":"Xocavənd","iso":"AZE"},"geometry":{"type":"Point","coordinates":[46.968,39.596]}},{"type":"Feature","properties":{"name":"Hajigabul","iso":"AZE"},"geometry":{"type":"Point","coordinates":[48.915,40.066]}},{"type":"Feature","properties":{"name":"Abşeron","iso":"AZE"},"geometry":{"type":"Point","coordinates":[49.385,40.344]}},{"type":"Feature","properties":{"name":"Xanlar","iso":"AZE"},"geometry":{"type":"Point","coordinates":[46.29,40.593]}},{"type":"Feature","properties":{"name":"Kürdəmir","iso":"AZE"},"geometry":{"type":"Point","coordinates":[48.132,40.188]}},{"type":"Feature","properties":{"name":"Zərdab","iso":"AZE"},"geometry":{"type":"Point","coordinates":[47.672,40.22]}},{"type":"Feature","properties":{"name":"Sabirabad","iso":"AZE"},"geometry":{"type":"Point","coordinates":[48.677,39.89]}},{"type":"Feature","properties":{"name":"Shirvan","iso":"AZE"},"geometry":{"type":"Point","coordinates":[48.916,39.943]}},{"type":"Feature","properties":{"name":"Kamuli","iso":"UGA"},"geometry":{"type":"Point","coordinates":[33.145,0.881]}},{"type":"Feature","properties":{"name":"Luuka","iso":"UGA"},"geometry":{"type":"Point","coordinates":[33.351,0.794]}},{"type":"Feature","properties":{"name":"Buyende","iso":"UGA"},"geometry":{"type":"Point","coordinates":[33.195,1.222]}},{"type":"Feature","properties":{"name":"Jinja","iso":"UGA"},"geometry":{"type":"Point","coordinates":[33.327,0.523]}},{"type":"Feature","properties":{"name":"Apac","iso":"UGA"},"geometry":{"type":"Point","coordinates":[32.461,1.889]}},{"type":"Feature","properties":{"name":"Nakasongola","iso":"UGA"},"geometry":{"type":"Point","coordinates":[32.471,1.383]}},{"type":"Feature","properties":{"name":"Masindi","iso":"UGA"},"geometry":{"type":"Point","coordinates":[31.719,1.761]}},{"type":"Feature","properties":{"name":"Kayunga","iso":"UGA"},"geometry":{"type":"Point","coordinates":[32.888,1.055]}},{"type":"Feature","properties":{"name":"Luweero","iso":"UGA"},"geometry":{"type":"Point","coordinates":[32.54,0.789]}},{"type":"Feature","properties":{"name":"Amolatar","iso":"UGA"},"geometry":{"type":"Point","coordinates":[32.647,1.61]}},{"type":"Feature","properties":{"name":"Mityana","iso":"UGA"},"geometry":{"type":"Point","coordinates":[32.026,0.444]}},{"type":"Feature","properties":{"name":"Kiboga","iso":"UGA"},"geometry":{"type":"Point","coordinates":[31.973,0.823]}},{"type":"Feature","properties":{"name":"Mpigi","iso":"UGA"},"geometry":{"type":"Point","coordinates":[32.214,0.131]}},{"type":"Feature","properties":{"name":"Butambala","iso":"UGA"},"geometry":{"type":"Point","coordinates":[32.064,0.156]}},{"type":"Feature","properties":{"name":"Gomba","iso":"UGA"},"geometry":{"type":"Point","coordinates":[31.74,0.199]}},{"type":"Feature","properties":{"name":"Wakiso","iso":"UGA"},"geometry":{"type":"Point","coordinates":[32.452,0.307]}},{"type":"Feature","properties":{"name":"Nakaseke","iso":"UGA"},"geometry":{"type":"Point","coordinates":[32.236,0.876]}},{"type":"Feature","properties":{"name":"Kyankwanzi","iso":"UGA"},"geometry":{"type":"Point","coordinates":[31.594,1.112]}},{"type":"Feature","properties":{"name":"Kaberamaido","iso":"UGA"},"geometry":{"type":"Point","coordinates":[33.211,1.737]}},{"type":"Feature","properties":{"name":"Dokolo","iso":"UGA"},"geometry":{"type":"Point","coordinates":[33.084,1.935]}},{"type":"Feature","properties":{"name":"Kyenjojo","iso":"UGA"},"geometry":{"type":"Point","coordinates":[30.656,0.602]}},{"type":"Feature","properties":{"name":"Kamwenge","iso":"UGA"},"geometry":{"type":"Point","coordinates":[30.551,0.237]}},{"type":"Feature","properties":{"name":"Kyegegwa","iso":"UGA"},"geometry":{"type":"Point","coordinates":[31.032,0.457]}},{"type":"Feature","properties":{"name":"Sembabule","iso":"UGA"},"geometry":{"type":"Point","coordinates":[31.266,-0.018]}},{"type":"Feature","properties":{"name":"Kibale","iso":"UGA"},"geometry":{"type":"Point","coordinates":[31.133,0.948]}},{"type":"Feature","properties":{"name":"Mubende","iso":"UGA"},"geometry":{"type":"Point","coordinates":[31.514,0.491]}},{"type":"Feature","properties":{"name":"Braila","iso":"ROU"},"geometry":{"type":"Point","coordinates":[27.608,45.116]}},{"type":"Feature","properties":{"name":"Ialomita","iso":"ROU"},"geometry":{"type":"Point","coordinates":[27.089,44.67]}},{"type":"Feature","properties":{"name":"Umm Salal","iso":"QAT"},"geometry":{"type":"Point","coordinates":[51.351,25.477]}},{"type":"Feature","properties":{"name":"Viseu","iso":"PRT"},"geometry":{"type":"Point","coordinates":[-7.901,40.801]}},{"type":"Feature","properties":{"name":"Agusan del Sur","iso":"PHL"},"geometry":{"type":"Point","coordinates":[125.781,8.625]}},{"type":"Feature","properties":{"name":"Bukidnon","iso":"PHL"},"geometry":{"type":"Point","coordinates":[125.004,7.817]}},{"type":"Feature","properties":{"name":"Cotabato","iso":"PHL"},"geometry":{"type":"Point","coordinates":[124.847,7.28]}},{"type":"Feature","properties":{"name":"South Cotabato","iso":"PHL"},"geometry":{"type":"Point","coordinates":[124.747,6.388]}},{"type":"Feature","properties":{"name":"Cusco","iso":"PER"},"geometry":{"type":"Point","coordinates":[-72.174,-13.483]}},{"type":"Feature","properties":{"name":"Ayacucho","iso":"PER"},"geometry":{"type":"Point","coordinates":[-74.059,-13.884]}},{"type":"Feature","properties":{"name":"Apurímac","iso":"PER"},"geometry":{"type":"Point","coordinates":[-73.045,-14.039]}},{"type":"Feature","properties":{"name":"Huancavelica","iso":"PER"},"geometry":{"type":"Point","coordinates":[-74.962,-12.958]}},{"type":"Feature","properties":{"name":"San Martín","iso":"PER"},"geometry":{"type":"Point","coordinates":[-76.762,-7.139]}},{"type":"Feature","properties":{"name":"Huánuco","iso":"PER"},"geometry":{"type":"Point","coordinates":[-76.085,-9.213]}},{"type":"Feature","properties":{"name":"Pasco","iso":"PER"},"geometry":{"type":"Point","coordinates":[-75.545,-10.501]}},{"type":"Feature","properties":{"name":"Junín","iso":"PER"},"geometry":{"type":"Point","coordinates":[-74.886,-11.72]}},{"type":"Feature","properties":{"name":"San Pedro","iso":"PRY"},"geometry":{"type":"Point","coordinates":[-56.605,-24.071]}},{"type":"Feature","properties":{"name":"Caaguazú","iso":"PRY"},"geometry":{"type":"Point","coordinates":[-55.638,-25.155]}},{"type":"Feature","properties":{"name":"Cordillera","iso":"PRY"},"geometry":{"type":"Point","coordinates":[-57.018,-25.305]}},{"type":"Feature","properties":{"name":"Caazapá","iso":"PRY"},"geometry":{"type":"Point","coordinates":[-55.918,-26.112]}},{"type":"Feature","properties":{"name":"Paraguarí","iso":"PRY"},"geometry":{"type":"Point","coordinates":[-57.025,-26.105]}},{"type":"Feature","properties":{"name":"Guairá","iso":"PRY"},"geometry":{"type":"Point","coordinates":[-56.21,-25.836]}},{"type":"Feature","properties":{"name":"F.C.T.","iso":"PAK"},"geometry":{"type":"Point","coordinates":[73.083,33.644]}},{"type":"Feature","properties":{"name":"Matagalpa","iso":"NIC"},"geometry":{"type":"Point","coordinates":[-85.323,12.932]}},{"type":"Feature","properties":{"name":"Boaco","iso":"NIC"},"geometry":{"type":"Point","coordinates":[-85.423,12.54]}},{"type":"Feature","properties":{"name":"Chontales","iso":"NIC"},"geometry":{"type":"Point","coordinates":[-85.042,12.124]}},{"type":"Feature","properties":{"name":"Estelí","iso":"NIC"},"geometry":{"type":"Point","coordinates":[-86.387,13.147]}},{"type":"Feature","properties":{"name":"Granada","iso":"NIC"},"geometry":{"type":"Point","coordinates":[-85.973,11.856]}},{"type":"Feature","properties":{"name":"Masaya","iso":"NIC"},"geometry":{"type":"Point","coordinates":[-86.121,12.011]}},{"type":"Feature","properties":{"name":"Flevoland","iso":"NLD"},"geometry":{"type":"Point","coordinates":[5.642,52.572]}},{"type":"Feature","properties":{"name":"Utrecht","iso":"NLD"},"geometry":{"type":"Point","coordinates":[5.188,52.12]}},{"type":"Feature","properties":{"name":"Fès - Boulemane","iso":"MAR"},"geometry":{"type":"Point","coordinates":[-4.364,33.71]}},{"type":"Feature","properties":{"name":"Tadla - Azilal","iso":"MAR"},"geometry":{"type":"Point","coordinates":[-6.449,32.18]}},{"type":"Feature","properties":{"name":"Mojkovac","iso":"MNE"},"geometry":{"type":"Point","coordinates":[19.506,42.973]}},{"type":"Feature","properties":{"name":"Cetinje","iso":"MNE"},"geometry":{"type":"Point","coordinates":[18.874,42.509]}},{"type":"Feature","properties":{"name":"Šavnik","iso":"MNE"},"geometry":{"type":"Point","coordinates":[19.144,42.986]}},{"type":"Feature","properties":{"name":"Kolašin","iso":"MNE"},"geometry":{"type":"Point","coordinates":[19.443,42.793]}},{"type":"Feature","properties":{"name":"Danilovgrad","iso":"MNE"},"geometry":{"type":"Point","coordinates":[19.12,42.622]}},{"type":"Feature","properties":{"name":"Călărași","iso":"MDA"},"geometry":{"type":"Point","coordinates":[28.345,47.314]}},{"type":"Feature","properties":{"name":"Drochia","iso":"MDA"},"geometry":{"type":"Point","coordinates":[27.875,48.025]}},{"type":"Feature","properties":{"name":"Sîngerei","iso":"MDA"},"geometry":{"type":"Point","coordinates":[28.121,47.676]}},{"type":"Feature","properties":{"name":"Bălţi","iso":"MDA"},"geometry":{"type":"Point","coordinates":[27.968,47.76]}},{"type":"Feature","properties":{"name":"Analamanga","iso":"MDG"},"geometry":{"type":"Point","coordinates":[47.602,-18.383]}},{"type":"Feature","properties":{"name":"Betsiboka","iso":"MDG"},"geometry":{"type":"Point","coordinates":[47.384,-17.4]}},{"type":"Feature","properties":{"name":"Bongolava","iso":"MDG"},"geometry":{"type":"Point","coordinates":[45.906,-18.52]}},{"type":"Feature","properties":{"name":"Vakinankaratra","iso":"MDG"},"geometry":{"type":"Point","coordinates":[46.868,-19.957]}},{"type":"Feature","properties":{"name":"Amoron'i Mania","iso":"MDG"},"geometry":{"type":"Point","coordinates":[46.639,-20.26]}},{"type":"Feature","properties":{"name":"Alaotra-Mangoro","iso":"MDG"},"geometry":{"type":"Point","coordinates":[48.177,-17.466]}},{"type":"Feature","properties":{"name":"Smiltenes","iso":"LVA"},"geometry":{"type":"Point","coordinates":[26.061,57.401]}},{"type":"Feature","properties":{"name":"Balvu","iso":"LVA"},"geometry":{"type":"Point","coordinates":[27.276,56.985]}},{"type":"Feature","properties":{"name":"Strencu","iso":"LVA"},"geometry":{"type":"Point","coordinates":[25.772,57.604]}},{"type":"Feature","properties":{"name":"Beverinas","iso":"LVA"},"geometry":{"type":"Point","coordinates":[25.601,57.523]}},{"type":"Feature","properties":{"name":"Burtnieku","iso":"LVA"},"geometry":{"type":"Point","coordinates":[25.318,57.708]}},{"type":"Feature","properties":{"name":"Kocenu","iso":"LVA"},"geometry":{"type":"Point","coordinates":[25.157,57.535]}},{"type":"Feature","properties":{"name":"Rezeknes","iso":"LVA"},"geometry":{"type":"Point","coordinates":[27.314,56.44]}},{"type":"Feature","properties":{"name":"Vecpiebalgas","iso":"LVA"},"geometry":{"type":"Point","coordinates":[25.724,57.072]}},{"type":"Feature","properties":{"name":"Raunas","iso":"LVA"},"geometry":{"type":"Point","coordinates":[25.779,57.298]}},{"type":"Feature","properties":{"name":"Priekulu","iso":"LVA"},"geometry":{"type":"Point","coordinates":[25.467,57.355]}},{"type":"Feature","properties":{"name":"Pargaujas","iso":"LVA"},"geometry":{"type":"Point","coordinates":[25.076,57.376]}},{"type":"Feature","properties":{"name":"Krimuldas","iso":"LVA"},"geometry":{"type":"Point","coordinates":[24.791,57.261]}},{"type":"Feature","properties":{"name":"Gulbene","iso":"LVA"},"geometry":{"type":"Point","coordinates":[26.543,57.213]}},{"type":"Feature","properties":{"name":"Rugaju","iso":"LVA"},"geometry":{"type":"Point","coordinates":[27.065,56.991]}},{"type":"Feature","properties":{"name":"Jaunpiebalgas","iso":"LVA"},"geometry":{"type":"Point","coordinates":[25.988,57.145]}},{"type":"Feature","properties":{"name":"Aglonas","iso":"LVA"},"geometry":{"type":"Point","coordinates":[27.078,56.119]}},{"type":"Feature","properties":{"name":"Riebinu","iso":"LVA"},"geometry":{"type":"Point","coordinates":[26.825,56.365]}},{"type":"Feature","properties":{"name":"Vilanu","iso":"LVA"},"geometry":{"type":"Point","coordinates":[26.851,56.553]}},{"type":"Feature","properties":{"name":"Babites","iso":"LVA"},"geometry":{"type":"Point","coordinates":[23.789,56.915]}},{"type":"Feature","properties":{"name":"Garkalnes","iso":"LVA"},"geometry":{"type":"Point","coordinates":[24.371,57.03]}},{"type":"Feature","properties":{"name":"Kekavas","iso":"LVA"},"geometry":{"type":"Point","coordinates":[24.247,56.803]}},{"type":"Feature","properties":{"name":"Marupes","iso":"LVA"},"geometry":{"type":"Point","coordinates":[23.953,56.892]}},{"type":"Feature","properties":{"name":"Olaines","iso":"LVA"},"geometry":{"type":"Point","coordinates":[24.009,56.755]}},{"type":"Feature","properties":{"name":"Salaspils","iso":"LVA"},"geometry":{"type":"Point","coordinates":[24.344,56.875]}},{"type":"Feature","properties":{"name":"Stopinu","iso":"LVA"},"geometry":{"type":"Point","coordinates":[24.31,56.934]}},{"type":"Feature","properties":{"name":"Sejas","iso":"LVA"},"geometry":{"type":"Point","coordinates":[24.56,57.222]}},{"type":"Feature","properties":{"name":"Malpils","iso":"LVA"},"geometry":{"type":"Point","coordinates":[24.967,57.002]}},{"type":"Feature","properties":{"name":"Siguldas","iso":"LVA"},"geometry":{"type":"Point","coordinates":[24.938,57.081]}},{"type":"Feature","properties":{"name":"Madona","iso":"LVA"},"geometry":{"type":"Point","coordinates":[26.234,56.852]}},{"type":"Feature","properties":{"name":"Lubanas","iso":"LVA"},"geometry":{"type":"Point","coordinates":[26.781,56.91]}},{"type":"Feature","properties":{"name":"Varaklanu","iso":"LVA"},"geometry":{"type":"Point","coordinates":[26.664,56.631]}},{"type":"Feature","properties":{"name":"Amatas","iso":"LVA"},"geometry":{"type":"Point","coordinates":[25.336,57.075]}},{"type":"Feature","properties":{"name":"Erglu","iso":"LVA"},"geometry":{"type":"Point","coordinates":[25.673,56.917]}},{"type":"Feature","properties":{"name":"Cesvaines","iso":"LVA"},"geometry":{"type":"Point","coordinates":[26.276,56.999]}},{"type":"Feature","properties":{"name":"Ogre","iso":"LVA"},"geometry":{"type":"Point","coordinates":[25.166,56.858]}},{"type":"Feature","properties":{"name":"Ropazu","iso":"LVA"},"geometry":{"type":"Point","coordinates":[24.578,56.947]}},{"type":"Feature","properties":{"name":"Ikskiles","iso":"LVA"},"geometry":{"type":"Point","coordinates":[24.522,56.858]}},{"type":"Feature","properties":{"name":"Baldones","iso":"LVA"},"geometry":{"type":"Point","coordinates":[24.338,56.715]}},{"type":"Feature","properties":{"name":"Keguma","iso":"LVA"},"geometry":{"type":"Point","coordinates":[24.743,56.69]}},{"type":"Feature","properties":{"name":"Iecavas","iso":"LVA"},"geometry":{"type":"Point","coordinates":[24.152,56.622]}},{"type":"Feature","properties":{"name":"Plavinu","iso":"LVA"},"geometry":{"type":"Point","coordinates":[25.741,56.705]}},{"type":"Feature","properties":{"name":"Kokneses","iso":"LVA"},"geometry":{"type":"Point","coordinates":[25.446,56.717]}},{"type":"Feature","properties":{"name":"Aizkraukles","iso":"LVA"},"geometry":{"type":"Point","coordinates":[25.215,56.653]}},{"type":"Feature","properties":{"name":"Skriveru","iso":"LVA"},"geometry":{"type":"Point","coordinates":[25.072,56.677]}},{"type":"Feature","properties":{"name":"Lielvardes","iso":"LVA"},"geometry":{"type":"Point","coordinates":[24.97,56.71]}},{"type":"Feature","properties":{"name":"Jaunjelgavas","iso":"LVA"},"geometry":{"type":"Point","coordinates":[25.345,56.534]}},{"type":"Feature","properties":{"name":"Preilu","iso":"LVA"},"geometry":{"type":"Point","coordinates":[26.704,56.243]}},{"type":"Feature","properties":{"name":"Livanu","iso":"LVA"},"geometry":{"type":"Point","coordinates":[26.324,56.356]}},{"type":"Feature","properties":{"name":"Varkavas","iso":"LVA"},"geometry":{"type":"Point","coordinates":[26.518,56.201]}},{"type":"Feature","properties":{"name":"Jekabpils","iso":"LVA"},"geometry":{"type":"Point","coordinates":[26.096,56.241]}},{"type":"Feature","properties":{"name":"Krustpils","iso":"LVA"},"geometry":{"type":"Point","coordinates":[26.222,56.545]}},{"type":"Feature","properties":{"name":"Salas","iso":"LVA"},"geometry":{"type":"Point","coordinates":[25.678,56.515]}},{"type":"Feature","properties":{"name":"Aizputes","iso":"LVA"},"geometry":{"type":"Point","coordinates":[21.624,56.708]}},{"type":"Feature","properties":{"name":"Kuldigas","iso":"LVA"},"geometry":{"type":"Point","coordinates":[22.002,56.949]}},{"type":"Feature","properties":{"name":"Alsungas","iso":"LVA"},"geometry":{"type":"Point","coordinates":[21.529,56.981]}},{"type":"Feature","properties":{"name":"Skrundas","iso":"LVA"},"geometry":{"type":"Point","coordinates":[21.983,56.62]}},{"type":"Feature","properties":{"name":"Kandavas","iso":"LVA"},"geometry":{"type":"Point","coordinates":[22.707,56.957]}},{"type":"Feature","properties":{"name":"Tukums","iso":"LVA"},"geometry":{"type":"Point","coordinates":[23.127,56.954]}},{"type":"Feature","properties":{"name":"Dobele","iso":"LVA"},"geometry":{"type":"Point","coordinates":[23.182,56.625]}},{"type":"Feature","properties":{"name":"Jaunpils","iso":"LVA"},"geometry":{"type":"Point","coordinates":[22.921,56.759]}},{"type":"Feature","properties":{"name":"Brocenu","iso":"LVA"},"geometry":{"type":"Point","coordinates":[22.717,56.678]}},{"type":"Feature","properties":{"name":"Ozolnieku","iso":"LVA"},"geometry":{"type":"Point","coordinates":[23.952,56.647]}},{"type":"Feature","properties":{"name":"Bishkek","iso":"KGZ"},"geometry":{"type":"Point","coordinates":[74.608,42.853]}},{"type":"Feature","properties":{"name":"Al Farwaniyah","iso":"KWT"},"geometry":{"type":"Point","coordinates":[47.917,29.273]}},{"type":"Feature","properties":{"name":"Orahovac","iso":"KOS"},"geometry":{"type":"Point","coordinates":[20.611,42.381]}},{"type":"Feature","properties":{"name":"Srbica","iso":"KOS"},"geometry":{"type":"Point","coordinates":[20.758,42.729]}},{"type":"Feature","properties":{"name":"Klina","iso":"KOS"},"geometry":{"type":"Point","coordinates":[20.583,42.618]}},{"type":"Feature","properties":{"name":"Kosovska Mitrovica","iso":"KOS"},"geometry":{"type":"Point","coordinates":[20.905,42.926]}},{"type":"Feature","properties":{"name":"Glogovac","iso":"KOS"},"geometry":{"type":"Point","coordinates":[20.868,42.603]}},{"type":"Feature","properties":{"name":"Mališevo","iso":"KOS"},"geometry":{"type":"Point","coordinates":[20.745,42.489]}},{"type":"Feature","properties":{"name":"Nairobi","iso":"KEN"},"geometry":{"type":"Point","coordinates":[36.917,-1.264]}},{"type":"Feature","properties":{"name":"Central","iso":"KEN"},"geometry":{"type":"Point","coordinates":[36.807,-0.597]}},{"type":"Feature","properties":{"name":"Ajlun","iso":"JOR"},"geometry":{"type":"Point","coordinates":[35.755,32.298]}},{"type":"Feature","properties":{"name":"Jarash","iso":"JOR"},"geometry":{"type":"Point","coordinates":[35.881,32.224]}},{"type":"Feature","properties":{"name":"Gunma","iso":"JPN"},"geometry":{"type":"Point","coordinates":[138.983,36.515]}},{"type":"Feature","properties":{"name":"Nagano","iso":"JPN"},"geometry":{"type":"Point","coordinates":[138.086,36.144]}},{"type":"Feature","properties":{"name":"Tochigi","iso":"JPN"},"geometry":{"type":"Point","coordinates":[139.743,36.618]}},{"type":"Feature","properties":{"name":"Gifu","iso":"JPN"},"geometry":{"type":"Point","coordinates":[137.038,35.804]}},{"type":"Feature","properties":{"name":"Shiga","iso":"JPN"},"geometry":{"type":"Point","coordinates":[136.094,35.246]}},{"type":"Feature","properties":{"name":"Saitama","iso":"JPN"},"geometry":{"type":"Point","coordinates":[139.314,35.978]}},{"type":"Feature","properties":{"name":"Yamanashi","iso":"JPN"},"geometry":{"type":"Point","coordinates":[138.508,35.57]}},{"type":"Feature","properties":{"name":"Nara","iso":"JPN"},"geometry":{"type":"Point","coordinates":[135.875,34.313]}},{"type":"Feature","properties":{"name":"Haut-Sassandra","iso":"CIV"},"geometry":{"type":"Point","coordinates":[-6.612,7.047]}},{"type":"Feature","properties":{"name":"Agnéby","iso":"CIV"},"geometry":{"type":"Point","coordinates":[-3.837,6.206]}},{"type":"Feature","properties":{"name":"N'zi-Comoé","iso":"CIV"},"geometry":{"type":"Point","coordinates":[-4.27,7.017]}},{"type":"Feature","properties":{"name":"Marahoué","iso":"CIV"},"geometry":{"type":"Point","coordinates":[-5.831,7.213]}},{"type":"Feature","properties":{"name":"Fromager","iso":"CIV"},"geometry":{"type":"Point","coordinates":[-5.843,6.188]}},{"type":"Feature","properties":{"name":"Vallée du Bandama","iso":"CIV"},"geometry":{"type":"Point","coordinates":[-5.056,8.347]}},{"type":"Feature","properties":{"name":"Lacs","iso":"CIV"},"geometry":{"type":"Point","coordinates":[-5.076,6.831]}},{"type":"Feature","properties":{"name":"Worodougou","iso":"CIV"},"geometry":{"type":"Point","coordinates":[-6.431,8.548]}},{"type":"Feature","properties":{"name":"Kildare","iso":"IRL"},"geometry":{"type":"Point","coordinates":[-6.829,53.189]}},{"type":"Feature","properties":{"name":"Carlow","iso":"IRL"},"geometry":{"type":"Point","coordinates":[-6.775,52.734]}},{"type":"Feature","properties":{"name":"Laoighis","iso":"IRL"},"geometry":{"type":"Point","coordinates":[-7.345,52.977]}},{"type":"Feature","properties":{"name":"South Dublin","iso":"IRL"},"geometry":{"type":"Point","coordinates":[-6.409,53.268]}},{"type":"Feature","properties":{"name":"Offaly","iso":"IRL"},"geometry":{"type":"Point","coordinates":[-7.645,53.133]}},{"type":"Feature","properties":{"name":"Westmeath","iso":"IRL"},"geometry":{"type":"Point","coordinates":[-7.391,53.551]}},{"type":"Feature","properties":{"name":"Longford","iso":"IRL"},"geometry":{"type":"Point","coordinates":[-7.669,53.741]}},{"type":"Feature","properties":{"name":"Roscommon","iso":"IRL"},"geometry":{"type":"Point","coordinates":[-8.318,53.763]}},{"type":"Feature","properties":{"name":"North Tipperary","iso":"IRL"},"geometry":{"type":"Point","coordinates":[-8.01,52.895]}},{"type":"Feature","properties":{"name":"South Tipperary","iso":"IRL"},"geometry":{"type":"Point","coordinates":[-7.948,52.449]}},{"type":"Feature","properties":{"name":"Waterford","iso":"IRL"},"geometry":{"type":"Point","coordinates":[-7.082,52.243]}},{"type":"Feature","properties":{"name":"Limerick","iso":"IRL"},"geometry":{"type":"Point","coordinates":[-8.613,52.665]}},{"type":"Feature","properties":{"name":"Comayagua","iso":"HND"},"geometry":{"type":"Point","coordinates":[-87.57,14.573]}},{"type":"Feature","properties":{"name":"Yoro","iso":"HND"},"geometry":{"type":"Point","coordinates":[-87.221,15.305]}},{"type":"Feature","properties":{"name":"Francisco Morazán","iso":"HND"},"geometry":{"type":"Point","coordinates":[-87.226,14.341]}},{"type":"Feature","properties":{"name":"Kissidougou","iso":"GIN"},"geometry":{"type":"Point","coordinates":[-10.045,9.267]}},{"type":"Feature","properties":{"name":"Kérouané","iso":"GIN"},"geometry":{"type":"Point","coordinates":[-8.86,9.306]}},{"type":"Feature","properties":{"name":"Télimélé","iso":"GIN"},"geometry":{"type":"Point","coordinates":[-13.393,10.933]}},{"type":"Feature","properties":{"name":"Lélouma","iso":"GIN"},"geometry":{"type":"Point","coordinates":[-12.765,11.331]}},{"type":"Feature","properties":{"name":"Dalaba","iso":"GIN"},"geometry":{"type":"Point","coordinates":[-12.181,10.916]}},{"type":"Feature","properties":{"name":"Labé","iso":"GIN"},"geometry":{"type":"Point","coordinates":[-12.332,11.339]}},{"type":"Feature","properties":{"name":"Pita","iso":"GIN"},"geometry":{"type":"Point","coordinates":[-12.737,10.928]}},{"type":"Feature","properties":{"name":"Kouroussa","iso":"GIN"},"geometry":{"type":"Point","coordinates":[-10.311,10.401]}},{"type":"Feature","properties":{"name":"Fria","iso":"GIN"},"geometry":{"type":"Point","coordinates":[-13.527,10.45]}},{"type":"Feature","properties":{"name":"Chimaltenango","iso":"GTM"},"geometry":{"type":"Point","coordinates":[-90.916,14.656]}},{"type":"Feature","properties":{"name":"Sacatepéquez","iso":"GTM"},"geometry":{"type":"Point","coordinates":[-90.754,14.573]}},{"type":"Feature","properties":{"name":"Guatemala","iso":"GTM"},"geometry":{"type":"Point","coordinates":[-90.486,14.669]}},{"type":"Feature","properties":{"name":"Jalapa","iso":"GTM"},"geometry":{"type":"Point","coordinates":[-89.954,14.636]}},{"type":"Feature","properties":{"name":"El Progreso","iso":"GTM"},"geometry":{"type":"Point","coordinates":[-90.123,14.86]}},{"type":"Feature","properties":{"name":"Sololá","iso":"GTM"},"geometry":{"type":"Point","coordinates":[-91.246,14.735]}},{"type":"Feature","properties":{"name":"Quezaltenango","iso":"GTM"},"geometry":{"type":"Point","coordinates":[-91.716,14.797]}},{"type":"Feature","properties":{"name":"Baja Verapaz","iso":"GTM"},"geometry":{"type":"Point","coordinates":[-90.369,15.096]}},{"type":"Feature","properties":{"name":"Totonicapán","iso":"GTM"},"geometry":{"type":"Point","coordinates":[-91.362,15.029]}},{"type":"Feature","properties":{"name":"Ashanti","iso":"GHA"},"geometry":{"type":"Point","coordinates":[-1.65,6.75]}},{"type":"Feature","properties":{"name":"Eastern","iso":"GHA"},"geometry":{"type":"Point","coordinates":[-0.365,6.302]}},{"type":"Feature","properties":{"name":"Hessen","iso":"DEU"},"geometry":{"type":"Point","coordinates":[9.183,50.659]}},{"type":"Feature","properties":{"name":"Thüringen","iso":"DEU"},"geometry":{"type":"Point","coordinates":[10.909,50.808]}},{"type":"Feature","properties":{"name":"Sachsen-Anhalt","iso":"DEU"},"geometry":{"type":"Point","coordinates":[11.644,52.049]}},{"type":"Feature","properties":{"name":"Berlin","iso":"DEU"},"geometry":{"type":"Point","coordinates":[13.385,52.49]}},{"type":"Feature","properties":{"name":"Moyen-Ogooué","iso":"GAB"},"geometry":{"type":"Point","coordinates":[10.538,-0.494]}},{"type":"Feature","properties":{"name":"Rapla","iso":"EST"},"geometry":{"type":"Point","coordinates":[24.741,58.901]}},{"type":"Feature","properties":{"name":"Järva","iso":"EST"},"geometry":{"type":"Point","coordinates":[25.661,58.946]}},{"type":"Feature","properties":{"name":"Anseba","iso":"ERI"},"geometry":{"type":"Point","coordinates":[39.01,15.384]}},{"type":"Feature","properties":{"name":"Cuscatlán","iso":"SLV"},"geometry":{"type":"Point","coordinates":[-89.024,13.871]}},{"type":"Feature","properties":{"name":"San Salvador","iso":"SLV"},"geometry":{"type":"Point","coordinates":[-89.179,13.79]}},{"type":"Feature","properties":{"name":"Al Qahirah","iso":"EGY"},"geometry":{"type":"Point","coordinates":[31.424,30.07]}},{"type":"Feature","properties":{"name":"Al Jizah","iso":"EGY"},"geometry":{"type":"Point","coordinates":[30.712,29.571]}},{"type":"Feature","properties":{"name":"Al Minya","iso":"EGY"},"geometry":{"type":"Point","coordinates":[30.491,28.014]}},{"type":"Feature","properties":{"name":"Al Fayyum","iso":"EGY"},"geometry":{"type":"Point","coordinates":[30.723,29.345]}},{"type":"Feature","properties":{"name":"Bani Suwayf","iso":"EGY"},"geometry":{"type":"Point","coordinates":[30.952,29.129]}},{"type":"Feature","properties":{"name":"Al Minufiyah","iso":"EGY"},"geometry":{"type":"Point","coordinates":[31.025,30.469]}},{"type":"Feature","properties":{"name":"Al Qalyubiyah","iso":"EGY"},"geometry":{"type":"Point","coordinates":[31.238,30.358]}},{"type":"Feature","properties":{"name":"Al Gharbiyah","iso":"EGY"},"geometry":{"type":"Point","coordinates":[31.057,30.869]}},{"type":"Feature","properties":{"name":"Suhaj","iso":"EGY"},"geometry":{"type":"Point","coordinates":[31.858,26.521]}},{"type":"Feature","properties":{"name":"Qina","iso":"EGY"},"geometry":{"type":"Point","coordinates":[32.538,25.857]}},{"type":"Feature","properties":{"name":"Asyut","iso":"EGY"},"geometry":{"type":"Point","coordinates":[31.171,27.217]}},{"type":"Feature","properties":{"name":"Azuay","iso":"ECU"},"geometry":{"type":"Point","coordinates":[-79.036,-2.949]}},{"type":"Feature","properties":{"name":"Cañar","iso":"ECU"},"geometry":{"type":"Point","coordinates":[-78.969,-2.539]}},{"type":"Feature","properties":{"name":"Napo","iso":"ECU"},"geometry":{"type":"Point","coordinates":[-78.478,-1.26]}},{"type":"Feature","properties":{"name":"Tungurahua","iso":"ECU"},"geometry":{"type":"Point","coordinates":[-77.718,-0.597]}},{"type":"Feature","properties":{"name":"Chimborazo","iso":"ECU"},"geometry":{"type":"Point","coordinates":[-78.686,-1.871]}},{"type":"Feature","properties":{"name":"Bolivar","iso":"ECU"},"geometry":{"type":"Point","coordinates":[-79.147,-1.61]}},{"type":"Feature","properties":{"name":"Imbabura","iso":"ECU"},"geometry":{"type":"Point","coordinates":[-78.392,0.406]}},{"type":"Feature","properties":{"name":"Cotopaxi","iso":"ECU"},"geometry":{"type":"Point","coordinates":[-78.819,-0.786]}},{"type":"Feature","properties":{"name":"Los Rios","iso":"ECU"},"geometry":{"type":"Point","coordinates":[-79.444,-1.256]}},{"type":"Feature","properties":{"name":"Pichincha","iso":"ECU"},"geometry":{"type":"Point","coordinates":[-78.482,-0.106]}},{"type":"Feature","properties":{"name":"Santo Domingo de los Tsáchilas","iso":"ECU"},"geometry":{"type":"Point","coordinates":[-79.253,-0.34]}},{"type":"Feature","properties":{"name":"Monseñor Nouel","iso":"DOM"},"geometry":{"type":"Point","coordinates":[-70.39,18.914]}},{"type":"Feature","properties":{"name":"Sánchez Ramírez","iso":"DOM"},"geometry":{"type":"Point","coordinates":[-70.165,19.032]}},{"type":"Feature","properties":{"name":"San José de Ocoa","iso":"DOM"},"geometry":{"type":"Point","coordinates":[-70.501,18.617]}},{"type":"Feature","properties":{"name":"Monte Plata","iso":"DOM"},"geometry":{"type":"Point","coordinates":[-69.861,18.821]}},{"type":"Feature","properties":{"name":"Bjelovarsko-bilogorska","iso":"HRV"},"geometry":{"type":"Point","coordinates":[16.948,45.737]}},{"type":"Feature","properties":{"name":"Grad Zagreb","iso":"HRV"},"geometry":{"type":"Point","coordinates":[15.947,45.813]}},{"type":"Feature","properties":{"name":"Brodsko-Posavska","iso":"HRV"},"geometry":{"type":"Point","coordinates":[17.752,45.426]}},{"type":"Feature","properties":{"name":"San José","iso":"CRI"},"geometry":{"type":"Point","coordinates":[-83.994,9.598]}},{"type":"Feature","properties":{"name":"Cartago","iso":"CRI"},"geometry":{"type":"Point","coordinates":[-83.788,9.747]}},{"type":"Feature","properties":{"name":"Caquetá","iso":"COL"},"geometry":{"type":"Point","coordinates":[-73.824,0.71]}},{"type":"Feature","properties":{"name":"Huila","iso":"COL"},"geometry":{"type":"Point","coordinates":[-75.51,2.8]}},{"type":"Feature","properties":{"name":"Guaviare","iso":"COL"},"geometry":{"type":"Point","coordinates":[-71.908,2.119]}},{"type":"Feature","properties":{"name":"Caldas","iso":"COL"},"geometry":{"type":"Point","coordinates":[-75.309,5.379]}},{"type":"Feature","properties":{"name":"Casanare","iso":"COL"},"geometry":{"type":"Point","coordinates":[-71.807,5.444]}},{"type":"Feature","properties":{"name":"Meta","iso":"COL"},"geometry":{"type":"Point","coordinates":[-72.97,3.25]}},{"type":"Feature","properties":{"name":"Bogota","iso":"COL"},"geometry":{"type":"Point","coordinates":[-74.191,4.334]}},{"type":"Feature","properties":{"name":"Santander","iso":"COL"},"geometry":{"type":"Point","coordinates":[-73.442,6.849]}},{"type":"Feature","properties":{"name":"Tolima","iso":"COL"},"geometry":{"type":"Point","coordinates":[-75.185,4.054]}},{"type":"Feature","properties":{"name":"Quindío","iso":"COL"},"geometry":{"type":"Point","coordinates":[-75.678,4.474]}},{"type":"Feature","properties":{"name":"Cundinamarca","iso":"COL"},"geometry":{"type":"Point","coordinates":[-74.139,4.777]}},{"type":"Feature","properties":{"name":"Risaralda","iso":"COL"},"geometry":{"type":"Point","coordinates":[-75.783,5.033]}},{"type":"Feature","properties":{"name":"Beijing","iso":"CHN"},"geometry":{"type":"Point","coordinates":[116.383,40.12]}},{"type":"Feature","properties":{"name":"Kasaï-Oriental","iso":"COD"},"geometry":{"type":"Point","coordinates":[23.978,-4.895]}},{"type":"Feature","properties":{"name":"Maniema","iso":"COD"},"geometry":{"type":"Point","coordinates":[26.456,-2.097]}},{"type":"Feature","properties":{"name":"Sichuan","iso":"CHN"},"geometry":{"type":"Point","coordinates":[103.034,30.506]}},{"type":"Feature","properties":{"name":"Chongqing","iso":"CHN"},"geometry":{"type":"Point","coordinates":[107.845,29.776]}},{"type":"Feature","properties":{"name":"Guizhou","iso":"CHN"},"geometry":{"type":"Point","coordinates":[106.929,26.923]}},{"type":"Feature","properties":{"name":"Hunan","iso":"CHN"},"geometry":{"type":"Point","coordinates":[111.592,27.131]}},{"type":"Feature","properties":{"name":"Ningxia","iso":"CHN"},"geometry":{"type":"Point","coordinates":[106.175,36.989]}},{"type":"Feature","properties":{"name":"Shaanxi","iso":"CHN"},"geometry":{"type":"Point","coordinates":[108.8,35.179]}},{"type":"Feature","properties":{"name":"Qinghai","iso":"CHN"},"geometry":{"type":"Point","coordinates":[96.895,34.895]}},{"type":"Feature","properties":{"name":"Shanxi","iso":"CHN"},"geometry":{"type":"Point","coordinates":[112.547,37.632]}},{"type":"Feature","properties":{"name":"Jiangxi","iso":"CHN"},"geometry":{"type":"Point","coordinates":[115.66,27.296]}},{"type":"Feature","properties":{"name":"Henan","iso":"CHN"},"geometry":{"type":"Point","coordinates":[114.102,33.925]}},{"type":"Feature","properties":{"name":"Hubei","iso":"CHN"},"geometry":{"type":"Point","coordinates":[112.208,30.975]}},{"type":"Feature","properties":{"name":"Anhui","iso":"CHN"},"geometry":{"type":"Point","coordinates":[117.353,32.012]}},{"type":"Feature","properties":{"name":"Barh El Gazel","iso":"TCD"},"geometry":{"type":"Point","coordinates":[16.439,13.584]}},{"type":"Feature","properties":{"name":"Tandjilé","iso":"TCD"},"geometry":{"type":"Point","coordinates":[16.631,9.596]}},{"type":"Feature","properties":{"name":"Logone Occidental","iso":"TCD"},"geometry":{"type":"Point","coordinates":[15.903,8.723]}},{"type":"Feature","properties":{"name":"Guéra","iso":"TCD"},"geometry":{"type":"Point","coordinates":[19.056,10.971]}},{"type":"Feature","properties":{"name":"Batha","iso":"TCD"},"geometry":{"type":"Point","coordinates":[18.213,13.513]}},{"type":"Feature","properties":{"name":"Ouest","iso":"CMR"},"geometry":{"type":"Point","coordinates":[10.725,5.478]}},{"type":"Feature","properties":{"name":"Centre","iso":"CMR"},"geometry":{"type":"Point","coordinates":[11.575,4.667]}},{"type":"Feature","properties":{"name":"Kâmpóng Chhnang","iso":"KHM"},"geometry":{"type":"Point","coordinates":[104.594,12.171]}},{"type":"Feature","properties":{"name":"Kâmpóng Thum","iso":"KHM"},"geometry":{"type":"Point","coordinates":[105.072,12.691]}},{"type":"Feature","properties":{"name":"Kâmpóng Spœ","iso":"KHM"},"geometry":{"type":"Point","coordinates":[104.227,11.663]}},{"type":"Feature","properties":{"name":"Phnom Penh","iso":"KHM"},"geometry":{"type":"Point","coordinates":[104.875,11.546]}},{"type":"Feature","properties":{"name":"Goiás","iso":"BRA"},"geometry":{"type":"Point","coordinates":[-49.018,-15.667]}},{"type":"Feature","properties":{"name":"Distrito Federal","iso":"BRA"},"geometry":{"type":"Point","coordinates":[-47.783,-15.773]}},{"type":"Feature","properties":{"name":"Minas Gerais","iso":"BRA"},"geometry":{"type":"Point","coordinates":[-44.656,-18.656]}},{"type":"Feature","properties":{"name":"Tocantins","iso":"BRA"},"geometry":{"type":"Point","coordinates":[-48.148,-9.993]}},{"type":"Feature","properties":{"name":"Kweneng","iso":"BWA"},"geometry":{"type":"Point","coordinates":[24.77,-23.91]}},{"type":"Feature","properties":{"name":"Gaborone","iso":"BWA"},"geometry":{"type":"Point","coordinates":[25.92,-24.646]}},{"type":"Feature","properties":{"name":"Jwaneng","iso":"BWA"},"geometry":{"type":"Point","coordinates":[24.71,-24.549]}},{"type":"Feature","properties":{"name":"Cochabamba","iso":"BOL"},"geometry":{"type":"Point","coordinates":[-65.4,-17.373]}},{"type":"Feature","properties":{"name":"Chirang","iso":"BTN"},"geometry":{"type":"Point","coordinates":[90.138,26.985]}},{"type":"Feature","properties":{"name":"Wangdi Phodrang","iso":"BTN"},"geometry":{"type":"Point","coordinates":[90.204,27.645]}},{"type":"Feature","properties":{"name":"Daga","iso":"BTN"},"geometry":{"type":"Point","coordinates":[89.858,26.962]}},{"type":"Feature","properties":{"name":"Punakha","iso":"BTN"},"geometry":{"type":"Point","coordinates":[89.835,27.688]}},{"type":"Feature","properties":{"name":"Mongar","iso":"BTN"},"geometry":{"type":"Point","coordinates":[91.21,27.271]}},{"type":"Feature","properties":{"name":"Tongsa","iso":"BTN"},"geometry":{"type":"Point","coordinates":[90.459,27.463]}},{"type":"Feature","properties":{"name":"Pemagatsel","iso":"BTN"},"geometry":{"type":"Point","coordinates":[91.365,26.996]}},{"type":"Feature","properties":{"name":"Minsk","iso":"BLR"},"geometry":{"type":"Point","coordinates":[27.808,53.787]}},{"type":"Feature","properties":{"name":"Saint George","iso":"BRB"},"geometry":{"type":"Point","coordinates":[-59.543,13.162]}},{"type":"Feature","properties":{"name":"Saint Thomas","iso":"BRB"},"geometry":{"type":"Point","coordinates":[-59.606,13.197]}},{"type":"Feature","properties":{"name":"Saatlı","iso":"AZE"},"geometry":{"type":"Point","coordinates":[48.434,39.84]}},{"type":"Feature","properties":{"name":"Bərdə","iso":"AZE"},"geometry":{"type":"Point","coordinates":[47.272,40.38]}},{"type":"Feature","properties":{"name":"Şəmkir","iso":"AZE"},"geometry":{"type":"Point","coordinates":[46.049,40.837]}},{"type":"Feature","properties":{"name":"Ağsu","iso":"AZE"},"geometry":{"type":"Point","coordinates":[48.381,40.525]}},{"type":"Feature","properties":{"name":"Nana-Grébizi","iso":"CAF"},"geometry":{"type":"Point","coordinates":[19.251,7.581]}},{"type":"Feature","properties":{"name":"Şamaxı","iso":"AZE"},"geometry":{"type":"Point","coordinates":[48.613,40.566]}},{"type":"Feature","properties":{"name":"Quba","iso":"AZE"},"geometry":{"type":"Point","coordinates":[48.506,41.167]}},{"type":"Feature","properties":{"name":"Ucar","iso":"AZE"},"geometry":{"type":"Point","coordinates":[47.727,40.426]}},{"type":"Feature","properties":{"name":"Qobustan","iso":"AZE"},"geometry":{"type":"Point","coordinates":[48.882,40.486]}},{"type":"Feature","properties":{"name":"İsmayıllı","iso":"AZE"},"geometry":{"type":"Point","coordinates":[48.077,40.779]}},{"type":"Feature","properties":{"name":"Yevlakh Rayon","iso":"AZE"},"geometry":{"type":"Point","coordinates":[46.969,40.649]}},{"type":"Feature","properties":{"name":"Gəncə","iso":"AZE"},"geometry":{"type":"Point","coordinates":[46.342,40.674]}},{"type":"Feature","properties":{"name":"Mingəçevir","iso":"AZE"},"geometry":{"type":"Point","coordinates":[46.99,40.765]}},{"type":"Feature","properties":{"name":"Göyçay","iso":"AZE"},"geometry":{"type":"Point","coordinates":[47.787,40.555]}},{"type":"Feature","properties":{"name":"Ağdaş","iso":"AZE"},"geometry":{"type":"Point","coordinates":[47.384,40.525]}},{"type":"Feature","properties":{"name":"Ağcabədi","iso":"AZE"},"geometry":{"type":"Point","coordinates":[47.421,40.016]}},{"type":"Feature","properties":{"name":"Australian Capital Territory","iso":"AUS"},"geometry":{"type":"Point","coordinates":[149.061,-35.527]}},{"type":"Feature","properties":{"name":"Wien","iso":"AUT"},"geometry":{"type":"Point","coordinates":[16.38,48.23]}},{"type":"Feature","properties":{"name":"Kotayk","iso":"ARM"},"geometry":{"type":"Point","coordinates":[44.631,40.356]}},{"type":"Feature","properties":{"name":"Erevan","iso":"ARM"},"geometry":{"type":"Point","coordinates":[44.52,40.156]}},{"type":"Feature","properties":{"name":"Santa Fe","iso":"ARG"},"geometry":{"type":"Point","coordinates":[-60.696,-31.671]}},{"type":"Feature","properties":{"name":"Tucumán","iso":"ARG"},"geometry":{"type":"Point","coordinates":[-65.419,-27.015]}},{"type":"Feature","properties":{"name":"Santiago del Estero","iso":"ARG"},"geometry":{"type":"Point","coordinates":[-64.331,-28.071]}},{"type":"Feature","properties":{"name":"San Luis","iso":"ARG"},"geometry":{"type":"Point","coordinates":[-66.295,-33.058]}},{"type":"Feature","properties":{"name":"La Pampa","iso":"ARG"},"geometry":{"type":"Point","coordinates":[-66.048,-38.016]}},{"type":"Feature","properties":{"name":"Córdoba","iso":"ARG"},"geometry":{"type":"Point","coordinates":[-63.644,-31.803]}},{"type":"Feature","properties":{"name":"Bié","iso":"AGO"},"geometry":{"type":"Point","coordinates":[17.419,-12.144]}},{"type":"Feature","properties":{"name":"Cuanza Norte","iso":"AGO"},"geometry":{"type":"Point","coordinates":[14.948,-8.789]}},{"type":"Feature","properties":{"name":"Huíla","iso":"AGO"},"geometry":{"type":"Point","coordinates":[15.141,-14.667]}},{"type":"Feature","properties":{"name":"Huambo","iso":"AGO"},"geometry":{"type":"Point","coordinates":[15.812,-12.425]}},{"type":"Feature","properties":{"name":"Sétif","iso":"DZA"},"geometry":{"type":"Point","coordinates":[5.383,36.22]}},{"type":"Feature","properties":{"name":"Bordj Bou Arréridj","iso":"DZA"},"geometry":{"type":"Point","coordinates":[4.728,36.094]}},{"type":"Feature","properties":{"name":"Bouira","iso":"DZA"},"geometry":{"type":"Point","coordinates":[3.808,36.328]}},{"type":"Feature","properties":{"name":"Blida","iso":"DZA"},"geometry":{"type":"Point","coordinates":[2.981,36.543]}},{"type":"Feature","properties":{"name":"Tissemsilt","iso":"DZA"},"geometry":{"type":"Point","coordinates":[1.694,35.766]}},{"type":"Feature","properties":{"name":"Aïn Defla","iso":"DZA"},"geometry":{"type":"Point","coordinates":[2.129,36.191]}},{"type":"Feature","properties":{"name":"Relizane","iso":"DZA"},"geometry":{"type":"Point","coordinates":[0.791,35.808]}},{"type":"Feature","properties":{"name":"El Bayadh","iso":"DZA"},"geometry":{"type":"Point","coordinates":[1.021,33.175]}},{"type":"Feature","properties":{"name":"Saïda","iso":"DZA"},"geometry":{"type":"Point","coordinates":[-0.019,34.653]}},{"type":"Feature","properties":{"name":"Sidi Bel Abbès","iso":"DZA"},"geometry":{"type":"Point","coordinates":[-0.548,34.897]}},{"type":"Feature","properties":{"name":"Mascara","iso":"DZA"},"geometry":{"type":"Point","coordinates":[0.055,35.395]}},{"type":"Feature","properties":{"name":"Ghardaïa","iso":"DZA"},"geometry":{"type":"Point","coordinates":[3.122,31.948]}},{"type":"Feature","properties":{"name":"Laghouat","iso":"DZA"},"geometry":{"type":"Point","coordinates":[2.543,33.824]}},{"type":"Feature","properties":{"name":"Médéa","iso":"DZA"},"geometry":{"type":"Point","coordinates":[2.97,35.997]}},{"type":"Feature","properties":{"name":"Tiaret","iso":"DZA"},"geometry":{"type":"Point","coordinates":[1.387,35.164]}},{"type":"Feature","properties":{"name":"M'Sila","iso":"DZA"},"geometry":{"type":"Point","coordinates":[4.266,35.357]}},{"type":"Feature","properties":{"name":"Batna","iso":"DZA"},"geometry":{"type":"Point","coordinates":[5.884,35.352]}},{"type":"Feature","properties":{"name":"Khenchela","iso":"DZA"},"geometry":{"type":"Point","coordinates":[7.088,35.091]}},{"type":"Feature","properties":{"name":"Guelma","iso":"DZA"},"geometry":{"type":"Point","coordinates":[7.375,36.394]}},{"type":"Feature","properties":{"name":"Constantine","iso":"DZA"},"geometry":{"type":"Point","coordinates":[6.733,36.373]}},{"type":"Feature","properties":{"name":"Mila","iso":"DZA"},"geometry":{"type":"Point","coordinates":[6.134,36.337]}},{"type":"Feature","properties":{"name":"Oum el Bouaghi","iso":"DZA"},"geometry":{"type":"Point","coordinates":[7.045,35.864]}},{"type":"Feature","properties":{"name":"Biskra","iso":"DZA"},"geometry":{"type":"Point","coordinates":[5.569,34.703]}},{"type":"Feature","properties":{"name":"Djelfa","iso":"DZA"},"geometry":{"type":"Point","coordinates":[3.218,34.813]}},{"type":"Feature","properties":{"name":"Berat","iso":"ALB"},"geometry":{"type":"Point","coordinates":[20.072,40.652]}},{"type":"Feature","properties":{"name":"Uruzgan","iso":"AFG"},"geometry":{"type":"Point","coordinates":[66.006,32.799]}},{"type":"Feature","properties":{"name":"Ghazni","iso":"AFG"},"geometry":{"type":"Point","coordinates":[67.708,33.161]}},{"type":"Feature","properties":{"name":"Parwan","iso":"AFG"},"geometry":{"type":"Point","coordinates":[69.851,35.484]}},{"type":"Feature","properties":{"name":"Kabul","iso":"AFG"},"geometry":{"type":"Point","coordinates":[69.432,34.542]}},{"type":"Feature","properties":{"name":"Laghman","iso":"AFG"},"geometry":{"type":"Point","coordinates":[70.121,34.825]}},{"type":"Feature","properties":{"name":"Logar","iso":"AFG"},"geometry":{"type":"Point","coordinates":[69.257,34.008]}},{"type":"Feature","properties":{"name":"Kapisa","iso":"AFG"},"geometry":{"type":"Point","coordinates":[69.606,34.927]}},{"type":"Feature","properties":{"name":"Wardak","iso":"AFG"},"geometry":{"type":"Point","coordinates":[68.09,34.306]}},{"type":"Feature","properties":{"name":"Bamyan","iso":"AFG"},"geometry":{"type":"Point","coordinates":[67.218,34.679]}},{"type":"Feature","properties":{"name":"Parwan","iso":"AFG"},"geometry":{"type":"Point","coordinates":[68.914,34.931]}},{"type":"Feature","properties":{"name":"Sari Pul","iso":"AFG"},"geometry":{"type":"Point","coordinates":[66.141,35.579]}},{"type":"Feature","properties":{"name":"Ghor","iso":"AFG"},"geometry":{"type":"Point","coordinates":[65.091,34.28]}},{"type":"Feature","properties":{"name":"Baghlan","iso":"AFG"},"geometry":{"type":"Point","coordinates":[68.855,35.75]}},{"type":"Feature","properties":{"name":"Samangan","iso":"AFG"},"geometry":{"type":"Point","coordinates":[67.514,35.952]}},{"type":"Feature","properties":{"name":"Uruzgan","iso":"AFG"},"geometry":{"type":"Point","coordinates":[66.112,33.711]}},{"type":"Feature","properties":{"name":"Caerphilly","iso":"GBR"},"geometry":{"type":"Point","coordinates":[-3.164,51.661]}},{"type":"Feature","properties":{"name":"Rhondda, Cynon, Taff","iso":"GBR"},"geometry":{"type":"Point","coordinates":[-3.436,51.642]}},{"type":"Feature","properties":{"name":"Blaenau Gwent","iso":"GBR"},"geometry":{"type":"Point","coordinates":[-3.185,51.761]}},{"type":"Feature","properties":{"name":"Oyam","iso":"UGA"},"geometry":{"type":"Point","coordinates":[32.488,2.344]}},{"type":"Feature","properties":{"name":"Lira","iso":"UGA"},"geometry":{"type":"Point","coordinates":[32.907,2.356]}},{"type":"Feature","properties":{"name":"Kole","iso":"UGA"},"geometry":{"type":"Point","coordinates":[32.715,2.282]}},{"type":"Feature","properties":{"name":"Pader","iso":"UGA"},"geometry":{"type":"Point","coordinates":[32.872,2.823]}},{"type":"Feature","properties":{"name":"Ibanda","iso":"UGA"},"geometry":{"type":"Point","coordinates":[30.484,-0.12]}},{"type":"Feature","properties":{"name":"Mbarara","iso":"UGA"},"geometry":{"type":"Point","coordinates":[30.545,-0.608]}},{"type":"Feature","properties":{"name":"Gulu","iso":"UGA"},"geometry":{"type":"Point","coordinates":[32.435,2.8]}},{"type":"Feature","properties":{"name":"Kiryandongo","iso":"UGA"},"geometry":{"type":"Point","coordinates":[32.118,2.017]}},{"type":"Feature","properties":{"name":"Iganga","iso":"UGA"},"geometry":{"type":"Point","coordinates":[33.553,0.654]}},{"type":"Feature","properties":{"name":"Lwengo","iso":"UGA"},"geometry":{"type":"Point","coordinates":[31.468,-0.391]}},{"type":"Feature","properties":{"name":"Bukomansimbi","iso":"UGA"},"geometry":{"type":"Point","coordinates":[31.658,-0.104]}},{"type":"Feature","properties":{"name":"Kalungu","iso":"UGA"},"geometry":{"type":"Point","coordinates":[31.834,-0.106]}},{"type":"Feature","properties":{"name":"Kampala","iso":"UGA"},"geometry":{"type":"Point","coordinates":[32.596,0.414]}},{"type":"Feature","properties":{"name":"Kaliro","iso":"UGA"},"geometry":{"type":"Point","coordinates":[33.471,1.074]}},{"type":"Feature","properties":{"name":"Agago","iso":"UGA"},"geometry":{"type":"Point","coordinates":[33.347,2.882]}},{"type":"Feature","properties":{"name":"Kotido","iso":"UGA"},"geometry":{"type":"Point","coordinates":[33.884,3.079]}},{"type":"Feature","properties":{"name":"Abim","iso":"UGA"},"geometry":{"type":"Point","coordinates":[33.73,2.766]}},{"type":"Feature","properties":{"name":"Otuke","iso":"UGA"},"geometry":{"type":"Point","coordinates":[33.299,2.497]}},{"type":"Feature","properties":{"name":"Alebtong","iso":"UGA"},"geometry":{"type":"Point","coordinates":[33.268,2.24]}},{"type":"Feature","properties":{"name":"Amuria","iso":"UGA"},"geometry":{"type":"Point","coordinates":[33.651,2.042]}},{"type":"Feature","properties":{"name":"Katakwi","iso":"UGA"},"geometry":{"type":"Point","coordinates":[33.928,1.931]}},{"type":"Feature","properties":{"name":"Serere","iso":"UGA"},"geometry":{"type":"Point","coordinates":[33.439,1.469]}},{"type":"Feature","properties":{"name":"Soroti","iso":"UGA"},"geometry":{"type":"Point","coordinates":[33.599,1.789]}},{"type":"Feature","properties":{"name":"Pallisa","iso":"UGA"},"geometry":{"type":"Point","coordinates":[33.743,1.232]}},{"type":"Feature","properties":{"name":"Mbarara","iso":"UGA"},"geometry":{"type":"Point","coordinates":[30.869,-0.243]}},{"type":"Feature","properties":{"name":"Lyantonde","iso":"UGA"},"geometry":{"type":"Point","coordinates":[31.198,-0.237]}},{"type":"Feature","properties":{"name":"Masaka","iso":"UGA"},"geometry":{"type":"Point","coordinates":[31.848,-0.452]}},{"type":"Feature","properties":{"name":"Torfaen","iso":"GBR"},"geometry":{"type":"Point","coordinates":[-3.053,51.701]}},{"type":"Feature","properties":{"name":"Merthyr Tydfil","iso":"GBR"},"geometry":{"type":"Point","coordinates":[-3.362,51.759]}},{"type":"Feature","properties":{"name":"North Lanarkshire","iso":"GBR"},"geometry":{"type":"Point","coordinates":[-3.971,55.901]}},{"type":"Feature","properties":{"name":"East Dunbartonshire","iso":"GBR"},"geometry":{"type":"Point","coordinates":[-4.202,55.95]}},{"type":"Feature","properties":{"name":"Glasgow","iso":"GBR"},"geometry":{"type":"Point","coordinates":[-4.241,55.851]}},{"type":"Feature","properties":{"name":"East Renfrewshire","iso":"GBR"},"geometry":{"type":"Point","coordinates":[-4.331,55.758]}},{"type":"Feature","properties":{"name":"East Ayrshire","iso":"GBR"},"geometry":{"type":"Point","coordinates":[-4.337,55.449]}},{"type":"Feature","properties":{"name":"South Lanarkshire","iso":"GBR"},"geometry":{"type":"Point","coordinates":[-3.869,55.62]}},{"type":"Feature","properties":{"name":"Magherafelt","iso":"GBR"},"geometry":{"type":"Point","coordinates":[-6.651,54.802]}},{"type":"Feature","properties":{"name":"Omagh","iso":"GBR"},"geometry":{"type":"Point","coordinates":[-7.284,54.584]}},{"type":"Feature","properties":{"name":"Mid Ulster","iso":"GBR"},"geometry":{"type":"Point","coordinates":[-6.696,54.642]}},{"type":"Feature","properties":{"name":"Craigavon","iso":"GBR"},"geometry":{"type":"Point","coordinates":[-6.356,54.498]}},{"type":"Feature","properties":{"name":"Banbridge","iso":"GBR"},"geometry":{"type":"Point","coordinates":[-6.161,54.338]}},{"type":"Feature","properties":{"name":"Antrim","iso":"GBR"},"geometry":{"type":"Point","coordinates":[-6.293,54.689]}},{"type":"Feature","properties":{"name":"Lisburn","iso":"GBR"},"geometry":{"type":"Point","coordinates":[-6.062,54.497]}},{"type":"Feature","properties":{"name":"Ballymoney","iso":"GBR"},"geometry":{"type":"Point","coordinates":[-6.415,55.032]}},{"type":"Feature","properties":{"name":"Ballymena","iso":"GBR"},"geometry":{"type":"Point","coordinates":[-6.275,54.887]}},{"type":"Feature","properties":{"name":"Castlereagh","iso":"GBR"},"geometry":{"type":"Point","coordinates":[-5.844,54.552]}},{"type":"Feature","properties":{"name":"Wandsworth","iso":"GBR"},"geometry":{"type":"Point","coordinates":[-0.179,51.454]}},{"type":"Feature","properties":{"name":"Merton","iso":"GBR"},"geometry":{"type":"Point","coordinates":[-0.177,51.401]}},{"type":"Feature","properties":{"name":"Westminster","iso":"GBR"},"geometry":{"type":"Point","coordinates":[-0.168,51.512]}},{"type":"Feature","properties":{"name":"Kensington and Chelsea","iso":"GBR"},"geometry":{"type":"Point","coordinates":[-0.187,51.504]}},{"type":"Feature","properties":{"name":"Hounslow","iso":"GBR"},"geometry":{"type":"Point","coordinates":[-0.345,51.461]}},{"type":"Feature","properties":{"name":"Ealing","iso":"GBR"},"geometry":{"type":"Point","coordinates":[-0.328,51.521]}},{"type":"Feature","properties":{"name":"Hammersmith and Fulham","iso":"GBR"},"geometry":{"type":"Point","coordinates":[-0.218,51.5]}},{"type":"Feature","properties":{"name":"Stockton-on-Tees","iso":"GBR"},"geometry":{"type":"Point","coordinates":[-1.341,54.544]}},{"type":"Feature","properties":{"name":"Darlington","iso":"GBR"},"geometry":{"type":"Point","coordinates":[-1.518,54.529]}},{"type":"Feature","properties":{"name":"Middlesbrough","iso":"GBR"},"geometry":{"type":"Point","coordinates":[-1.245,54.537]}},{"type":"Feature","properties":{"name":"Richmond upon Thames","iso":"GBR"},"geometry":{"type":"Point","coordinates":[-0.302,51.439]}},{"type":"Feature","properties":{"name":"City","iso":"GBR"},"geometry":{"type":"Point","coordinates":[-0.079,51.516]}},{"type":"Feature","properties":{"name":"Tower Hamlets","iso":"GBR"},"geometry":{"type":"Point","coordinates":[-0.03,51.508]}},{"type":"Feature","properties":{"name":"Gateshead","iso":"GBR"},"geometry":{"type":"Point","coordinates":[-1.695,54.938]}},{"type":"Feature","properties":{"name":"Newcastle upon Tyne","iso":"GBR"},"geometry":{"type":"Point","coordinates":[-1.647,55.022]}},{"type":"Feature","properties":{"name":"York","iso":"GBR"},"geometry":{"type":"Point","coordinates":[-1.072,53.963]}},{"type":"Feature","properties":{"name":"Merseyside","iso":"GBR"},"geometry":{"type":"Point","coordinates":[-2.702,53.449]}},{"type":"Feature","properties":{"name":"Enfield","iso":"GBR"},"geometry":{"type":"Point","coordinates":[-0.041,51.627]}},{"type":"Feature","properties":{"name":"Hertfordshire","iso":"GBR"},"geometry":{"type":"Point","coordinates":[-0.306,51.83]}},{"type":"Feature","properties":{"name":"Barnet","iso":"GBR"},"geometry":{"type":"Point","coordinates":[-0.185,51.599]}},{"type":"Feature","properties":{"name":"Waltham Forest","iso":"GBR"},"geometry":{"type":"Point","coordinates":[-0.018,51.605]}},{"type":"Feature","properties":{"name":"Redbridge","iso":"GBR"},"geometry":{"type":"Point","coordinates":[0.078,51.578]}},{"type":"Feature","properties":{"name":"Havering","iso":"GBR"},"geometry":{"type":"Point","coordinates":[0.199,51.558]}},{"type":"Feature","properties":{"name":"Cambridgeshire","iso":"GBR"},"geometry":{"type":"Point","coordinates":[0.071,52.325]}},{"type":"Feature","properties":{"name":"Bexley","iso":"GBR"},"geometry":{"type":"Point","coordinates":[0.138,51.466]}},{"type":"Feature","properties":{"name":"Sutton","iso":"GBR"},"geometry":{"type":"Point","coordinates":[-0.168,51.364]}},{"type":"Feature","properties":{"name":"Milton Keynes","iso":"GBR"},"geometry":{"type":"Point","coordinates":[-0.733,52.069]}},{"type":"Feature","properties":{"name":"Buckinghamshire","iso":"GBR"},"geometry":{"type":"Point","coordinates":[-0.785,51.747]}},{"type":"Feature","properties":{"name":"Hillingdon","iso":"GBR"},"geometry":{"type":"Point","coordinates":[-0.412,51.53]}},{"type":"Feature","properties":{"name":"Brent","iso":"GBR"},"geometry":{"type":"Point","coordinates":[-0.26,51.552]}},{"type":"Feature","properties":{"name":"Luton","iso":"GBR"},"geometry":{"type":"Point","coordinates":[-0.408,51.875]}},{"type":"Feature","properties":{"name":"Harrow","iso":"GBR"},"geometry":{"type":"Point","coordinates":[-0.324,51.581]}},{"type":"Feature","properties":{"name":"Central Bedfordshire","iso":"GBR"},"geometry":{"type":"Point","coordinates":[-0.422,51.989]}},{"type":"Feature","properties":{"name":"Bedford","iso":"GBR"},"geometry":{"type":"Point","coordinates":[-0.481,52.207]}},{"type":"Feature","properties":{"name":"Rutland","iso":"GBR"},"geometry":{"type":"Point","coordinates":[-0.637,52.656]}},{"type":"Feature","properties":{"name":"Nottinghamshire","iso":"GBR"},"geometry":{"type":"Point","coordinates":[-0.963,53.155]}},{"type":"Feature","properties":{"name":"Northamptonshire","iso":"GBR"},"geometry":{"type":"Point","coordinates":[-0.87,52.277]}},{"type":"Feature","properties":{"name":"Camden","iso":"GBR"},"geometry":{"type":"Point","coordinates":[-0.131,51.534]}},{"type":"Feature","properties":{"name":"Islington","iso":"GBR"},"geometry":{"type":"Point","coordinates":[-0.097,51.545]}},{"type":"Feature","properties":{"name":"Peterborough","iso":"GBR"},"geometry":{"type":"Point","coordinates":[-0.256,52.599]}},{"type":"Feature","properties":{"name":"Lambeth","iso":"GBR"},"geometry":{"type":"Point","coordinates":[-0.106,51.45]}},{"type":"Feature","properties":{"name":"Southwark","iso":"GBR"},"geometry":{"type":"Point","coordinates":[-0.067,51.464]}},{"type":"Feature","properties":{"name":"Doncaster","iso":"GBR"},"geometry":{"type":"Point","coordinates":[-1.051,53.545]}},{"type":"Feature","properties":{"name":"Croydon","iso":"GBR"},"geometry":{"type":"Point","coordinates":[-0.107,51.359]}},{"type":"Feature","properties":{"name":"Lewisham","iso":"GBR"},"geometry":{"type":"Point","coordinates":[-0.009,51.454]}},{"type":"Feature","properties":{"name":"Haringey","iso":"GBR"},"geometry":{"type":"Point","coordinates":[-0.107,51.586]}},{"type":"Feature","properties":{"name":"Kingston upon Thames","iso":"GBR"},"geometry":{"type":"Point","coordinates":[-0.265,51.402]}},{"type":"Feature","properties":{"name":"Newham","iso":"GBR"},"geometry":{"type":"Point","coordinates":[0.049,51.534]}},{"type":"Feature","properties":{"name":"Greenwich","iso":"GBR"},"geometry":{"type":"Point","coordinates":[0.032,51.465]}},{"type":"Feature","properties":{"name":"Hackney","iso":"GBR"},"geometry":{"type":"Point","coordinates":[-0.066,51.544]}},{"type":"Feature","properties":{"name":"Barking and Dagenham","iso":"GBR"},"geometry":{"type":"Point","coordinates":[0.139,51.551]}},{"type":"Feature","properties":{"name":"Leicestershire","iso":"GBR"},"geometry":{"type":"Point","coordinates":[-1.067,52.687]}},{"type":"Feature","properties":{"name":"Cheshire East","iso":"GBR"},"geometry":{"type":"Point","coordinates":[-2.299,53.188]}},{"type":"Feature","properties":{"name":"Derbyshire","iso":"GBR"},"geometry":{"type":"Point","coordinates":[-1.597,53.122]}},{"type":"Feature","properties":{"name":"Rotherham","iso":"GBR"},"geometry":{"type":"Point","coordinates":[-1.276,53.351]}},{"type":"Feature","properties":{"name":"Sheffield","iso":"GBR"},"geometry":{"type":"Point","coordinates":[-1.595,53.386]}},{"type":"Feature","properties":{"name":"Stoke-on-Trent","iso":"GBR"},"geometry":{"type":"Point","coordinates":[-2.175,53.019]}},{"type":"Feature","properties":{"name":"Telford and Wrekin","iso":"GBR"},"geometry":{"type":"Point","coordinates":[-2.456,52.729]}},{"type":"Feature","properties":{"name":"Staffordshire","iso":"GBR"},"geometry":{"type":"Point","coordinates":[-2.054,52.804]}},{"type":"Feature","properties":{"name":"Bromley","iso":"GBR"},"geometry":{"type":"Point","coordinates":[0.01,51.401]}},{"type":"Feature","properties":{"name":"Worcestershire","iso":"GBR"},"geometry":{"type":"Point","coordinates":[-2.174,52.217]}},{"type":"Feature","properties":{"name":"Warwickshire","iso":"GBR"},"geometry":{"type":"Point","coordinates":[-1.585,52.289]}},{"type":"Feature","properties":{"name":"Oxfordshire","iso":"GBR"},"geometry":{"type":"Point","coordinates":[-1.264,51.775]}},{"type":"Feature","properties":{"name":"Wigan","iso":"GBR"},"geometry":{"type":"Point","coordinates":[-2.617,53.528]}},{"type":"Feature","properties":{"name":"Stockport","iso":"GBR"},"geometry":{"type":"Point","coordinates":[-2.122,53.374]}},{"type":"Feature","properties":{"name":"Warrington","iso":"GBR"},"geometry":{"type":"Point","coordinates":[-2.569,53.387]}},{"type":"Feature","properties":{"name":"West Berkshire","iso":"GBR"},"geometry":{"type":"Point","coordinates":[-1.328,51.45]}},{"type":"Feature","properties":{"name":"Wokingham","iso":"GBR"},"geometry":{"type":"Point","coordinates":[-0.911,51.447]}},{"type":"Feature","properties":{"name":"Bracknell Forest","iso":"GBR"},"geometry":{"type":"Point","coordinates":[-0.768,51.391]}},{"type":"Feature","properties":{"name":"Royal Borough of Windsor and Maidenhead","iso":"GBR"},"geometry":{"type":"Point","coordinates":[-0.692,51.482]}},{"type":"Feature","properties":{"name":"Slough","iso":"GBR"},"geometry":{"type":"Point","coordinates":[-0.575,51.495]}},{"type":"Feature","properties":{"name":"Reading","iso":"GBR"},"geometry":{"type":"Point","coordinates":[-1.033,51.454]}},{"type":"Feature","properties":{"name":"Surrey","iso":"GBR"},"geometry":{"type":"Point","coordinates":[-0.379,51.273]}},{"type":"Feature","properties":{"name":"Blackburn with Darwen","iso":"GBR"},"geometry":{"type":"Point","coordinates":[-2.45,53.692]}},{"type":"Feature","properties":{"name":"Swindon","iso":"GBR"},"geometry":{"type":"Point","coordinates":[-1.714,51.567]}},{"type":"Feature","properties":{"name":"Bath and North East Somerset","iso":"GBR"},"geometry":{"type":"Point","coordinates":[-2.517,51.345]}},{"type":"Feature","properties":{"name":"Wiltshire","iso":"GBR"},"geometry":{"type":"Point","coordinates":[-1.898,51.327]}},{"type":"Feature","properties":{"name":"Calderdale","iso":"GBR"},"geometry":{"type":"Point","coordinates":[-2.016,53.736]}},{"type":"Feature","properties":{"name":"Kirklees","iso":"GBR"},"geometry":{"type":"Point","coordinates":[-1.78,53.614]}},{"type":"Feature","properties":{"name":"Nottingham","iso":"GBR"},"geometry":{"type":"Point","coordinates":[-1.17,52.939]}},{"type":"Feature","properties":{"name":"Leicester","iso":"GBR"},"geometry":{"type":"Point","coordinates":[-1.124,52.623]}},{"type":"Feature","properties":{"name":"Derby","iso":"GBR"},"geometry":{"type":"Point","coordinates":[-1.464,52.894]}},{"type":"Feature","properties":{"name":"Mukono","iso":"UGA"},"geometry":{"type":"Point","coordinates":[32.781,0.392]}},{"type":"Feature","properties":{"name":"Buikwe","iso":"UGA"},"geometry":{"type":"Point","coordinates":[33.033,0.279]}},{"type":"Feature","properties":{"name":"Nakapiripirit","iso":"UGA"},"geometry":{"type":"Point","coordinates":[34.525,1.826]}},{"type":"Feature","properties":{"name":"Kween","iso":"UGA"},"geometry":{"type":"Point","coordinates":[34.563,1.438]}},{"type":"Feature","properties":{"name":"Buhweju","iso":"UGA"},"geometry":{"type":"Point","coordinates":[30.364,-0.324]}},{"type":"Feature","properties":{"name":"Sheema","iso":"UGA"},"geometry":{"type":"Point","coordinates":[30.327,-0.607]}},{"type":"Feature","properties":{"name":"Mitooma","iso":"UGA"},"geometry":{"type":"Point","coordinates":[30.044,-0.631]}},{"type":"Feature","properties":{"name":"Bushenyi","iso":"UGA"},"geometry":{"type":"Point","coordinates":[30.086,-0.495]}},{"type":"Feature","properties":{"name":"Bulambuli","iso":"UGA"},"geometry":{"type":"Point","coordinates":[34.336,1.371]}},{"type":"Feature","properties":{"name":"Sironko","iso":"UGA"},"geometry":{"type":"Point","coordinates":[34.329,1.144]}},{"type":"Feature","properties":{"name":"Bugiri","iso":"UGA"},"geometry":{"type":"Point","coordinates":[33.743,0.544]}},{"type":"Feature","properties":{"name":"Nwoya","iso":"UGA"},"geometry":{"type":"Point","coordinates":[31.834,2.44]}},{"type":"Feature","properties":{"name":"Mbale","iso":"UGA"},"geometry":{"type":"Point","coordinates":[34.184,1.036]}},{"type":"Feature","properties":{"name":"Budaka","iso":"UGA"},"geometry":{"type":"Point","coordinates":[33.979,1.07]}},{"type":"Feature","properties":{"name":"Butaleja","iso":"UGA"},"geometry":{"type":"Point","coordinates":[33.927,0.868]}},{"type":"Feature","properties":{"name":"Kibuku","iso":"UGA"},"geometry":{"type":"Point","coordinates":[33.805,1.051]}},{"type":"Feature","properties":{"name":"Napak","iso":"UGA"},"geometry":{"type":"Point","coordinates":[34.172,2.449]}},{"type":"Feature","properties":{"name":"Kumi","iso":"UGA"},"geometry":{"type":"Point","coordinates":[33.978,1.459]}},{"type":"Feature","properties":{"name":"Ngora","iso":"UGA"},"geometry":{"type":"Point","coordinates":[33.741,1.482]}},{"type":"Feature","properties":{"name":"Bukedea","iso":"UGA"},"geometry":{"type":"Point","coordinates":[34.118,1.327]}},{"type":"Feature","properties":{"name":"Namutumba","iso":"UGA"},"geometry":{"type":"Point","coordinates":[33.694,0.844]}},{"type":"Feature","properties":{"name":"Kütahya","iso":"TUR"},"geometry":{"type":"Point","coordinates":[29.429,39.304]}},{"type":"Feature","properties":{"name":"Konya","iso":"TUR"},"geometry":{"type":"Point","coordinates":[32.808,38.008]}},{"type":"Feature","properties":{"name":"Karaman","iso":"TUR"},"geometry":{"type":"Point","coordinates":[33.206,36.934]}},{"type":"Feature","properties":{"name":"Nigde","iso":"TUR"},"geometry":{"type":"Point","coordinates":[34.715,37.791]}},{"type":"Feature","properties":{"name":"Kayseri","iso":"TUR"},"geometry":{"type":"Point","coordinates":[35.883,38.635]}},{"type":"Feature","properties":{"name":"Isparta","iso":"TUR"},"geometry":{"type":"Point","coordinates":[30.888,37.907]}},{"type":"Feature","properties":{"name":"Manisa","iso":"TUR"},"geometry":{"type":"Point","coordinates":[28.179,38.75]}},{"type":"Feature","properties":{"name":"Denizli","iso":"TUR"},"geometry":{"type":"Point","coordinates":[29.199,37.721]}},{"type":"Feature","properties":{"name":"Burdur","iso":"TUR"},"geometry":{"type":"Point","coordinates":[30.062,37.418]}},{"type":"Feature","properties":{"name":"Aksaray","iso":"TUR"},"geometry":{"type":"Point","coordinates":[33.872,38.513]}},{"type":"Feature","properties":{"name":"Nevsehir","iso":"TUR"},"geometry":{"type":"Point","coordinates":[34.679,38.891]}},{"type":"Feature","properties":{"name":"Yozgat","iso":"TUR"},"geometry":{"type":"Point","coordinates":[35.159,39.744]}},{"type":"Feature","properties":{"name":"Kirsehir","iso":"TUR"},"geometry":{"type":"Point","coordinates":[34.21,39.258]}},{"type":"Feature","properties":{"name":"Usak","iso":"TUR"},"geometry":{"type":"Point","coordinates":[29.308,38.501]}},{"type":"Feature","properties":{"name":"Erzincan","iso":"TUR"},"geometry":{"type":"Point","coordinates":[39.186,39.612]}},{"type":"Feature","properties":{"name":"Tunceli","iso":"TUR"},"geometry":{"type":"Point","coordinates":[39.524,39.211]}},{"type":"Feature","properties":{"name":"Afyonkarahisar","iso":"TUR"},"geometry":{"type":"Point","coordinates":[30.622,38.593]}},{"type":"Feature","properties":{"name":"Kinkkale","iso":"TUR"},"geometry":{"type":"Point","coordinates":[33.764,39.902]}},{"type":"Feature","properties":{"name":"K. Maras","iso":"TUR"},"geometry":{"type":"Point","coordinates":[36.909,37.833]}},{"type":"Feature","properties":{"name":"Mus","iso":"TUR"},"geometry":{"type":"Point","coordinates":[41.844,39.049]}},{"type":"Feature","properties":{"name":"Erzurum","iso":"TUR"},"geometry":{"type":"Point","coordinates":[41.622,40.097]}},{"type":"Feature","properties":{"name":"Malatya","iso":"TUR"},"geometry":{"type":"Point","coordinates":[38.295,38.505]}},{"type":"Feature","properties":{"name":"Elazig","iso":"TUR"},"geometry":{"type":"Point","coordinates":[39.185,38.697]}},{"type":"Feature","properties":{"name":"Bitlis","iso":"TUR"},"geometry":{"type":"Point","coordinates":[42.405,38.515]}},{"type":"Feature","properties":{"name":"Bingöl","iso":"TUR"},"geometry":{"type":"Point","coordinates":[40.639,39.085]}},{"type":"Feature","properties":{"name":"Abia","iso":"NGA"},"geometry":{"type":"Point","coordinates":[7.526,5.449]}},{"type":"Feature","properties":{"name":"Ebonyi","iso":"NGA"},"geometry":{"type":"Point","coordinates":[8.009,6.24]}},{"type":"Feature","properties":{"name":"Anambra","iso":"NGA"},"geometry":{"type":"Point","coordinates":[6.939,6.192]}},{"type":"Feature","properties":{"name":"Edo","iso":"NGA"},"geometry":{"type":"Point","coordinates":[5.875,6.679]}},{"type":"Feature","properties":{"name":"Bauchi","iso":"NGA"},"geometry":{"type":"Point","coordinates":[9.972,10.874]}},{"type":"Feature","properties":{"name":"Plateau","iso":"NGA"},"geometry":{"type":"Point","coordinates":[9.38,9.308]}},{"type":"Feature","properties":{"name":"Nassarawa","iso":"NGA"},"geometry":{"type":"Point","coordinates":[8.322,8.515]}},{"type":"Feature","properties":{"name":"Gombe","iso":"NGA"},"geometry":{"type":"Point","coordinates":[11.213,10.44]}},{"type":"Feature","properties":{"name":"Enugu","iso":"NGA"},"geometry":{"type":"Point","coordinates":[7.353,6.483]}},{"type":"Feature","properties":{"name":"Kogi","iso":"NGA"},"geometry":{"type":"Point","coordinates":[6.621,7.712]}},{"type":"Feature","properties":{"name":"Osun","iso":"NGA"},"geometry":{"type":"Point","coordinates":[4.53,7.558]}},{"type":"Feature","properties":{"name":"Imo","iso":"NGA"},"geometry":{"type":"Point","coordinates":[7.056,5.579]}},{"type":"Feature","properties":{"name":"Osmaniye","iso":"TUR"},"geometry":{"type":"Point","coordinates":[36.291,37.291]}},{"type":"Feature","properties":{"name":"Adiyaman","iso":"TUR"},"geometry":{"type":"Point","coordinates":[38.577,37.795]}},{"type":"Feature","properties":{"name":"Diyarbakir","iso":"TUR"},"geometry":{"type":"Point","coordinates":[40.236,38.159]}},{"type":"Feature","properties":{"name":"Batman","iso":"TUR"},"geometry":{"type":"Point","coordinates":[41.379,38.106]}},{"type":"Feature","properties":{"name":"Siirt","iso":"TUR"},"geometry":{"type":"Point","coordinates":[42.404,37.986]}},{"type":"Feature","properties":{"name":"Bayburt","iso":"TUR"},"geometry":{"type":"Point","coordinates":[40.231,40.304]}},{"type":"Feature","properties":{"name":"Gümüshane","iso":"TUR"},"geometry":{"type":"Point","coordinates":[39.258,40.358]}},{"type":"Feature","properties":{"name":"Singida","iso":"TZA"},"geometry":{"type":"Point","coordinates":[34.489,-5.751]}},{"type":"Feature","properties":{"name":"Tabora","iso":"TZA"},"geometry":{"type":"Point","coordinates":[32.512,-5.259]}},{"type":"Feature","properties":{"name":"Iringa","iso":"TZA"},"geometry":{"type":"Point","coordinates":[35.62,-7.717]}},{"type":"Feature","properties":{"name":"Mwanza","iso":"TZA"},"geometry":{"type":"Point","coordinates":[33.157,-2.424]}},{"type":"Feature","properties":{"name":"Simiyu","iso":"TZA"},"geometry":{"type":"Point","coordinates":[34.096,-2.867]}},{"type":"Feature","properties":{"name":"Geita","iso":"TZA"},"geometry":{"type":"Point","coordinates":[31.619,-3.197]}},{"type":"Feature","properties":{"name":"Shinyanga","iso":"TZA"},"geometry":{"type":"Point","coordinates":[32.976,-3.779]}},{"type":"Feature","properties":{"name":"Ratnapura","iso":"LKA"},"geometry":{"type":"Point","coordinates":[80.592,6.598]}},{"type":"Feature","properties":{"name":"Mŏṇarāgala","iso":"LKA"},"geometry":{"type":"Point","coordinates":[81.231,6.827]}},{"type":"Feature","properties":{"name":"Kægalla","iso":"LKA"},"geometry":{"type":"Point","coordinates":[80.358,7.079]}},{"type":"Feature","properties":{"name":"Badulla","iso":"LKA"},"geometry":{"type":"Point","coordinates":[81.038,7.011]}},{"type":"Feature","properties":{"name":"Mātale","iso":"LKA"},"geometry":{"type":"Point","coordinates":[80.718,7.722]}},{"type":"Feature","properties":{"name":"Pŏḷŏnnaruva","iso":"LKA"},"geometry":{"type":"Point","coordinates":[81.021,8.003]}},{"type":"Feature","properties":{"name":"Kuruṇægala","iso":"LKA"},"geometry":{"type":"Point","coordinates":[80.272,7.689]}},{"type":"Feature","properties":{"name":"Anurādhapura","iso":"LKA"},"geometry":{"type":"Point","coordinates":[80.531,8.358]}},{"type":"Feature","properties":{"name":"Nuvara Ĕliya","iso":"LKA"},"geometry":{"type":"Point","coordinates":[80.707,6.987]}},{"type":"Feature","properties":{"name":"Vavuniyāva","iso":"LKA"},"geometry":{"type":"Point","coordinates":[80.482,8.88]}},{"type":"Feature","properties":{"name":"Mahanuvara","iso":"LKA"},"geometry":{"type":"Point","coordinates":[80.641,7.263]}},{"type":"Feature","properties":{"name":"Bay","iso":"SOM"},"geometry":{"type":"Point","coordinates":[43.708,2.991]}},{"type":"Feature","properties":{"name":"Bashkortostan","iso":"RUS"},"geometry":{"type":"Point","coordinates":[56.933,54.185]}},{"type":"Feature","properties":{"name":"Sverdlovsk","iso":"RUS"},"geometry":{"type":"Point","coordinates":[60.592,57.935]}},{"type":"Feature","properties":{"name":"Khanty-Mansiy","iso":"RUS"},"geometry":{"type":"Point","coordinates":[69.984,62.475]}},{"type":"Feature","properties":{"name":"Lipetsk","iso":"RUS"},"geometry":{"type":"Point","coordinates":[38.959,52.621]}},{"type":"Feature","properties":{"name":"Tambov","iso":"RUS"},"geometry":{"type":"Point","coordinates":[41.398,52.665]}},{"type":"Feature","properties":{"name":"Tomsk","iso":"RUS"},"geometry":{"type":"Point","coordinates":[83.172,57.81]}},{"type":"Feature","properties":{"name":"Tatarstan","iso":"RUS"},"geometry":{"type":"Point","coordinates":[51.003,55.435]}},{"type":"Feature","properties":{"name":"Ul'yanovsk","iso":"RUS"},"geometry":{"type":"Point","coordinates":[47.861,53.847]}},{"type":"Feature","properties":{"name":"Penza","iso":"RUS"},"geometry":{"type":"Point","coordinates":[44.677,53.247]}},{"type":"Feature","properties":{"name":"Kemerovo","iso":"RUS"},"geometry":{"type":"Point","coordinates":[87.523,54.618]}},{"type":"Feature","properties":{"name":"Orel","iso":"RUS"},"geometry":{"type":"Point","coordinates":[36.297,52.794]}},{"type":"Feature","properties":{"name":"Irkutsk","iso":"RUS"},"geometry":{"type":"Point","coordinates":[107.86,58.327]}},{"type":"Feature","properties":{"name":"Khakass","iso":"RUS"},"geometry":{"type":"Point","coordinates":[89.08,53.2]}},{"type":"Feature","properties":{"name":"Mordovia","iso":"RUS"},"geometry":{"type":"Point","coordinates":[44.203,54.4]}},{"type":"Feature","properties":{"name":"Kaluga","iso":"RUS"},"geometry":{"type":"Point","coordinates":[35.421,54.321]}},{"type":"Feature","properties":{"name":"Kostroma","iso":"RUS"},"geometry":{"type":"Point","coordinates":[43.479,58.413]}},{"type":"Feature","properties":{"name":"Yaroslavl'","iso":"RUS"},"geometry":{"type":"Point","coordinates":[39.095,57.695]}},{"type":"Feature","properties":{"name":"Vladimir","iso":"RUS"},"geometry":{"type":"Point","coordinates":[40.326,56.056]}},{"type":"Feature","properties":{"name":"Ryazan'","iso":"RUS"},"geometry":{"type":"Point","coordinates":[40.693,54.35]}},{"type":"Feature","properties":{"name":"Ivanovo","iso":"RUS"},"geometry":{"type":"Point","coordinates":[41.756,57.024]}},{"type":"Feature","properties":{"name":"Nizhegorod","iso":"RUS"},"geometry":{"type":"Point","coordinates":[44.77,56.19]}},{"type":"Feature","properties":{"name":"Tula","iso":"RUS"},"geometry":{"type":"Point","coordinates":[37.489,53.956]}},{"type":"Feature","properties":{"name":"Seoul","iso":"KOR"},"geometry":{"type":"Point","coordinates":[127.023,37.541]}},{"type":"Feature","properties":{"name":"Daejeon","iso":"KOR"},"geometry":{"type":"Point","coordinates":[127.381,36.386]}},{"type":"Feature","properties":{"name":"Sejong","iso":"KOR"},"geometry":{"type":"Point","coordinates":[127.244,36.535]}},{"type":"Feature","properties":{"name":"North Chungcheong","iso":"KOR"},"geometry":{"type":"Point","coordinates":[127.84,36.671]}},{"type":"Feature","properties":{"name":"Gwangju","iso":"KOR"},"geometry":{"type":"Point","coordinates":[126.912,35.219]}},{"type":"Feature","properties":{"name":"Daegu","iso":"KOR"},"geometry":{"type":"Point","coordinates":[128.628,35.872]}},{"type":"Feature","properties":{"name":"Chuvash","iso":"RUS"},"geometry":{"type":"Point","coordinates":[47.182,55.345]}},{"type":"Feature","properties":{"name":"Vologda","iso":"RUS"},"geometry":{"type":"Point","coordinates":[40.37,59.806]}},{"type":"Feature","properties":{"name":"Novgorod","iso":"RUS"},"geometry":{"type":"Point","coordinates":[32.749,58.339]}},{"type":"Feature","properties":{"name":"Tver'","iso":"RUS"},"geometry":{"type":"Point","coordinates":[34.924,57.089]}},{"type":"Feature","properties":{"name":"Moskovskaya","iso":"RUS"},"geometry":{"type":"Point","coordinates":[37.532,55.661]}},{"type":"Feature","properties":{"name":"Moskva","iso":"RUS"},"geometry":{"type":"Point","coordinates":[37.264,55.495]}},{"type":"Feature","properties":{"name":"Mariy-El","iso":"RUS"},"geometry":{"type":"Point","coordinates":[48.096,56.647]}},{"type":"Feature","properties":{"name":"Kirov","iso":"RUS"},"geometry":{"type":"Point","coordinates":[49.311,58.199]}},{"type":"Feature","properties":{"name":"Udmurt","iso":"RUS"},"geometry":{"type":"Point","coordinates":[52.789,56.817]}},{"type":"Feature","properties":{"name":"Komi","iso":"RUS"},"geometry":{"type":"Point","coordinates":[57.656,64.311]}},{"type":"Feature","properties":{"name":"Perm'","iso":"RUS"},"geometry":{"type":"Point","coordinates":[56.51,58.252]}},{"type":"Feature","properties":{"name":"Samara","iso":"RUS"},"geometry":{"type":"Point","coordinates":[50.566,53.401]}},{"type":"Feature","properties":{"name":"Stavropol'","iso":"RUS"},"geometry":{"type":"Point","coordinates":[43.1,44.687]}},{"type":"Feature","properties":{"name":"Adygey","iso":"RUS"},"geometry":{"type":"Point","coordinates":[39.851,44.633]}},{"type":"Feature","properties":{"name":"Masovian","iso":"POL"},"geometry":{"type":"Point","coordinates":[21.23,52.215]}},{"type":"Feature","properties":{"name":"Łódź","iso":"POL"},"geometry":{"type":"Point","coordinates":[19.498,51.588]}},{"type":"Feature","properties":{"name":"Kuyavian-Pomeranian","iso":"POL"},"geometry":{"type":"Point","coordinates":[18.543,52.933]}},{"type":"Feature","properties":{"name":"Greater Poland","iso":"POL"},"geometry":{"type":"Point","coordinates":[17.345,52.309]}},{"type":"Feature","properties":{"name":"Świętokrzyskie","iso":"POL"},"geometry":{"type":"Point","coordinates":[20.88,50.669]}},{"type":"Feature","properties":{"name":"Muntinlupa","iso":"PHL"},"geometry":{"type":"Point","coordinates":[121.049,14.408]}},{"type":"Feature","properties":{"name":"Caloocan","iso":"PHL"},"geometry":{"type":"Point","coordinates":[121.026,14.694]}},{"type":"Feature","properties":{"name":"Malabon","iso":"PHL"},"geometry":{"type":"Point","coordinates":[120.966,14.666]}},{"type":"Feature","properties":{"name":"Valenzuela","iso":"PHL"},"geometry":{"type":"Point","coordinates":[120.998,14.697]}},{"type":"Feature","properties":{"name":"Quezon City","iso":"PHL"},"geometry":{"type":"Point","coordinates":[121.079,14.666]}},{"type":"Feature","properties":{"name":"Nueva Ecija","iso":"PHL"},"geometry":{"type":"Point","coordinates":[120.9,15.578]}},{"type":"Feature","properties":{"name":"Laguna","iso":"PHL"},"geometry":{"type":"Point","coordinates":[121.266,14.327]}},{"type":"Feature","properties":{"name":"Rizal","iso":"PHL"},"geometry":{"type":"Point","coordinates":[121.246,14.555]}},{"type":"Feature","properties":{"name":"Taguig","iso":"PHL"},"geometry":{"type":"Point","coordinates":[121.075,14.527]}},{"type":"Feature","properties":{"name":"Marikina","iso":"PHL"},"geometry":{"type":"Point","coordinates":[121.115,14.634]}},{"type":"Feature","properties":{"name":"Pasig","iso":"PHL"},"geometry":{"type":"Point","coordinates":[121.099,14.573]}},{"type":"Feature","properties":{"name":"Quirino","iso":"PHL"},"geometry":{"type":"Point","coordinates":[121.517,16.387]}},{"type":"Feature","properties":{"name":"Santiago","iso":"PHL"},"geometry":{"type":"Point","coordinates":[121.429,16.755]}},{"type":"Feature","properties":{"name":"Nueva Vizcaya","iso":"PHL"},"geometry":{"type":"Point","coordinates":[121.162,16.346]}},{"type":"Feature","properties":{"name":"Benguet","iso":"PHL"},"geometry":{"type":"Point","coordinates":[120.728,16.502]}},{"type":"Feature","properties":{"name":"Ifugao","iso":"PHL"},"geometry":{"type":"Point","coordinates":[121.298,16.848]}},{"type":"Feature","properties":{"name":"Mountain Province","iso":"PHL"},"geometry":{"type":"Point","coordinates":[121.106,17.072]}},{"type":"Feature","properties":{"name":"Tarlac","iso":"PHL"},"geometry":{"type":"Point","coordinates":[120.579,15.486]}},{"type":"Feature","properties":{"name":"Apayao","iso":"PHL"},"geometry":{"type":"Point","coordinates":[121.11,18.101]}},{"type":"Feature","properties":{"name":"Kalinga","iso":"PHL"},"geometry":{"type":"Point","coordinates":[121.33,17.469]}},{"type":"Feature","properties":{"name":"Abra","iso":"PHL"},"geometry":{"type":"Point","coordinates":[120.806,17.56]}},{"type":"Feature","properties":{"name":"Ad Dakhliyah","iso":"OMN"},"geometry":{"type":"Point","coordinates":[57.794,22.719]}},{"type":"Feature","properties":{"name":"Ekiti","iso":"NGA"},"geometry":{"type":"Point","coordinates":[5.414,7.808]}},{"type":"Feature","properties":{"name":"Kaduna","iso":"NGA"},"geometry":{"type":"Point","coordinates":[7.395,10.341]}},{"type":"Feature","properties":{"name":"Kano","iso":"NGA"},"geometry":{"type":"Point","coordinates":[8.618,11.695]}},{"type":"Feature","properties":{"name":"Federal Capital Territory","iso":"NGA"},"geometry":{"type":"Point","coordinates":[7.256,8.956]}},{"type":"Feature","properties":{"name":"P'yŏngyang","iso":"PRK"},"geometry":{"type":"Point","coordinates":[125.945,39.049]}},{"type":"Feature","properties":{"name":"Khomas","iso":"NAM"},"geometry":{"type":"Point","coordinates":[17.098,-22.872]}},{"type":"Feature","properties":{"name":"Oshana","iso":"NAM"},"geometry":{"type":"Point","coordinates":[15.74,-18.691]}},{"type":"Feature","properties":{"name":"Oshikoto","iso":"NAM"},"geometry":{"type":"Point","coordinates":[17.144,-19.112]}},{"type":"Feature","properties":{"name":"Darhan-Uul","iso":"MNG"},"geometry":{"type":"Point","coordinates":[106.217,49.463]}},{"type":"Feature","properties":{"name":"Töv","iso":"MNG"},"geometry":{"type":"Point","coordinates":[106.603,47.797]}},{"type":"Feature","properties":{"name":"Arhangay","iso":"MNG"},"geometry":{"type":"Point","coordinates":[100.83,48.04]}},{"type":"Feature","properties":{"name":"Orhon","iso":"MNG"},"geometry":{"type":"Point","coordinates":[104.363,49.04]}},{"type":"Feature","properties":{"name":"Dundgovi","iso":"MNG"},"geometry":{"type":"Point","coordinates":[106.117,45.729]}},{"type":"Feature","properties":{"name":"Övörhangay","iso":"MNG"},"geometry":{"type":"Point","coordinates":[102.848,46.145]}},{"type":"Feature","properties":{"name":"Govĭ-Sümber","iso":"MNG"},"geometry":{"type":"Point","coordinates":[108.387,47.731]}},{"type":"Feature","properties":{"name":"México","iso":"MEX"},"geometry":{"type":"Point","coordinates":[-99.447,19.351]}},{"type":"Feature","properties":{"name":"Puebla","iso":"MEX"},"geometry":{"type":"Point","coordinates":[-97.844,19.167]}},{"type":"Feature","properties":{"name":"Morelos","iso":"MEX"},"geometry":{"type":"Point","coordinates":[-99,18.774]}},{"type":"Feature","properties":{"name":"Querétaro","iso":"MEX"},"geometry":{"type":"Point","coordinates":[-99.752,20.929]}},{"type":"Feature","properties":{"name":"Hidalgo","iso":"MEX"},"geometry":{"type":"Point","coordinates":[-98.728,20.454]}},{"type":"Feature","properties":{"name":"Guanajuato","iso":"MEX"},"geometry":{"type":"Point","coordinates":[-100.934,20.762]}},{"type":"Feature","properties":{"name":"San Luis Potosí","iso":"MEX"},"geometry":{"type":"Point","coordinates":[-100.079,22.364]}},{"type":"Feature","properties":{"name":"Zacatecas","iso":"MEX"},"geometry":{"type":"Point","coordinates":[-102.796,22.802]}},{"type":"Feature","properties":{"name":"Aguascalientes","iso":"MEX"},"geometry":{"type":"Point","coordinates":[-102.327,22.096]}},{"type":"Feature","properties":{"name":"Durango","iso":"MEX"},"geometry":{"type":"Point","coordinates":[-104.93,24.781]}},{"type":"Feature","properties":{"name":"Ulaanbaatar","iso":"MNG"},"geometry":{"type":"Point","coordinates":[106.992,47.926]}},{"type":"Feature","properties":{"name":"Tlaxcala","iso":"MEX"},"geometry":{"type":"Point","coordinates":[-98.173,19.406]}},{"type":"Feature","properties":{"name":"Distrito Federal","iso":"MEX"},"geometry":{"type":"Point","coordinates":[-99.124,19.328]}},{"type":"Feature","properties":{"name":"Tagant","iso":"MRT"},"geometry":{"type":"Point","coordinates":[-11.398,18.007]}},{"type":"Feature","properties":{"name":"Želino","iso":"MKD"},"geometry":{"type":"Point","coordinates":[21.115,41.921]}},{"type":"Feature","properties":{"name":"Brvenica","iso":"MKD"},"geometry":{"type":"Point","coordinates":[21.041,41.88]}},{"type":"Feature","properties":{"name":"Brod","iso":"MKD"},"geometry":{"type":"Point","coordinates":[21.2,41.6]}},{"type":"Feature","properties":{"name":"Oslomej","iso":"MKD"},"geometry":{"type":"Point","coordinates":[21.026,41.581]}},{"type":"Feature","properties":{"name":"Sopište","iso":"MKD"},"geometry":{"type":"Point","coordinates":[21.335,41.858]}},{"type":"Feature","properties":{"name":"Karpoš","iso":"MKD"},"geometry":{"type":"Point","coordinates":[21.397,41.979]}},{"type":"Feature","properties":{"name":"Šuto Orizari","iso":"MKD"},"geometry":{"type":"Point","coordinates":[21.409,42.029]}},{"type":"Feature","properties":{"name":"Butel","iso":"MKD"},"geometry":{"type":"Point","coordinates":[21.441,42.045]}},{"type":"Feature","properties":{"name":"Čair","iso":"MKD"},"geometry":{"type":"Point","coordinates":[21.435,41.994]}},{"type":"Feature","properties":{"name":"Centar","iso":"MKD"},"geometry":{"type":"Point","coordinates":[21.428,41.977]}},{"type":"Feature","properties":{"name":"Zajas","iso":"MKD"},"geometry":{"type":"Point","coordinates":[20.899,41.597]}},{"type":"Feature","properties":{"name":"Dolneni","iso":"MKD"},"geometry":{"type":"Point","coordinates":[21.402,41.453]}},{"type":"Feature","properties":{"name":"Krivogaštani","iso":"MKD"},"geometry":{"type":"Point","coordinates":[21.362,41.322]}},{"type":"Feature","properties":{"name":"Mogila","iso":"MKD"},"geometry":{"type":"Point","coordinates":[21.416,41.165]}},{"type":"Feature","properties":{"name":"Čaška","iso":"MKD"},"geometry":{"type":"Point","coordinates":[21.614,41.569]}},{"type":"Feature","properties":{"name":"Rosoman","iso":"MKD"},"geometry":{"type":"Point","coordinates":[21.9,41.493]}},{"type":"Feature","properties":{"name":"Negotino","iso":"MKD"},"geometry":{"type":"Point","coordinates":[22.1,41.515]}},{"type":"Feature","properties":{"name":"Drugovo","iso":"MKD"},"geometry":{"type":"Point","coordinates":[20.913,41.454]}},{"type":"Feature","properties":{"name":"Gazi Baba","iso":"MKD"},"geometry":{"type":"Point","coordinates":[21.524,41.992]}},{"type":"Feature","properties":{"name":"Kruševo","iso":"MKD"},"geometry":{"type":"Point","coordinates":[21.26,41.348]}},{"type":"Feature","properties":{"name":"Demir Hisar","iso":"MKD"},"geometry":{"type":"Point","coordinates":[21.134,41.264]}},{"type":"Feature","properties":{"name":"Aerodrom","iso":"MKD"},"geometry":{"type":"Point","coordinates":[21.482,41.957]}},{"type":"Feature","properties":{"name":"Studeničani","iso":"MKD"},"geometry":{"type":"Point","coordinates":[21.451,41.831]}},{"type":"Feature","properties":{"name":"Kisela Voda","iso":"MKD"},"geometry":{"type":"Point","coordinates":[21.474,41.929]}},{"type":"Feature","properties":{"name":"Probištip","iso":"MKD"},"geometry":{"type":"Point","coordinates":[22.168,41.951]}},{"type":"Feature","properties":{"name":"Češinovo-Obleševo","iso":"MKD"},"geometry":{"type":"Point","coordinates":[22.298,41.873]}},{"type":"Feature","properties":{"name":"Aračinovo","iso":"MKD"},"geometry":{"type":"Point","coordinates":[21.571,42.028]}},{"type":"Feature","properties":{"name":"Zelenikovo","iso":"MKD"},"geometry":{"type":"Point","coordinates":[21.557,41.811]}},{"type":"Feature","properties":{"name":"Kičevo","iso":"MKD"},"geometry":{"type":"Point","coordinates":[20.955,41.521]}},{"type":"Feature","properties":{"name":"Plasnica","iso":"MKD"},"geometry":{"type":"Point","coordinates":[21.117,41.446]}},{"type":"Feature","properties":{"name":"Vraneštica","iso":"MKD"},"geometry":{"type":"Point","coordinates":[21.055,41.487]}},{"type":"Feature","properties":{"name":"Skopje","iso":"MKD"},"geometry":{"type":"Point","coordinates":[21.679,41.891]}},{"type":"Feature","properties":{"name":"Lozovo","iso":"MKD"},"geometry":{"type":"Point","coordinates":[21.908,41.735]}},{"type":"Feature","properties":{"name":"Sveti Nikole","iso":"MKD"},"geometry":{"type":"Point","coordinates":[21.986,41.872]}},{"type":"Feature","properties":{"name":"Gradsko","iso":"MKD"},"geometry":{"type":"Point","coordinates":[21.909,41.59]}},{"type":"Feature","properties":{"name":"Kratovo","iso":"MKD"},"geometry":{"type":"Point","coordinates":[22.124,42.067]}},{"type":"Feature","properties":{"name":"Ilinden","iso":"MKD"},"geometry":{"type":"Point","coordinates":[21.617,41.972]}},{"type":"Feature","properties":{"name":"Karbinci","iso":"MKD"},"geometry":{"type":"Point","coordinates":[22.284,41.789]}},{"type":"Feature","properties":{"name":"Štip","iso":"MKD"},"geometry":{"type":"Point","coordinates":[22.131,41.706]}},{"type":"Feature","properties":{"name":"Kočani","iso":"MKD"},"geometry":{"type":"Point","coordinates":[22.392,41.969]}},{"type":"Feature","properties":{"name":"Zrnovci","iso":"MKD"},"geometry":{"type":"Point","coordinates":[22.41,41.833]}},{"type":"Feature","properties":{"name":"Veles","iso":"MKD"},"geometry":{"type":"Point","coordinates":[21.727,41.754]}},{"type":"Feature","properties":{"name":"Demir Kapija","iso":"MKD"},"geometry":{"type":"Point","coordinates":[22.23,41.39]}},{"type":"Feature","properties":{"name":"Vinica","iso":"MKD"},"geometry":{"type":"Point","coordinates":[22.558,41.849]}},{"type":"Feature","properties":{"name":"Bosilovo","iso":"MKD"},"geometry":{"type":"Point","coordinates":[22.756,41.464]}},{"type":"Feature","properties":{"name":"Radoviš","iso":"MKD"},"geometry":{"type":"Point","coordinates":[22.489,41.638]}},{"type":"Feature","properties":{"name":"Vasilevo","iso":"MKD"},"geometry":{"type":"Point","coordinates":[22.608,41.538]}},{"type":"Feature","properties":{"name":"Konče","iso":"MKD"},"geometry":{"type":"Point","coordinates":[22.386,41.505]}},{"type":"Feature","properties":{"name":"Al Jifarah","iso":"LBY"},"geometry":{"type":"Point","coordinates":[13.064,32.446]}},{"type":"Feature","properties":{"name":"Mizdah","iso":"LBY"},"geometry":{"type":"Point","coordinates":[13.169,30.37]}},{"type":"Feature","properties":{"name":"Al Jufrah","iso":"LBY"},"geometry":{"type":"Point","coordinates":[16.482,28.12]}},{"type":"Feature","properties":{"name":"Sabha","iso":"LBY"},"geometry":{"type":"Point","coordinates":[14.98,27.053]}},{"type":"Feature","properties":{"name":"Wadi al Hayaa","iso":"LBY"},"geometry":{"type":"Point","coordinates":[12.828,26.305]}},{"type":"Feature","properties":{"name":"Aqmola","iso":"KAZ"},"geometry":{"type":"Point","coordinates":[70.071,51.778]}},{"type":"Feature","properties":{"name":"Qaraghandy","iso":"KAZ"},"geometry":{"type":"Point","coordinates":[73.064,49.08]}},{"type":"Feature","properties":{"name":"Baghdad","iso":"IRQ"},"geometry":{"type":"Point","coordinates":[44.431,33.306]}},{"type":"Feature","properties":{"name":"Babil","iso":"IRQ"},"geometry":{"type":"Point","coordinates":[44.536,32.59]}},{"type":"Feature","properties":{"name":"Al-Qādisiyyah","iso":"IRQ"},"geometry":{"type":"Point","coordinates":[44.995,31.999]}},{"type":"Feature","properties":{"name":"Dhi-Qar","iso":"IRQ"},"geometry":{"type":"Point","coordinates":[46.195,31.425]}},{"type":"Feature","properties":{"name":"Karbala'","iso":"IRQ"},"geometry":{"type":"Point","coordinates":[44.011,32.569]}},{"type":"Feature","properties":{"name":"Markazi","iso":"IRN"},"geometry":{"type":"Point","coordinates":[49.809,34.603]}},{"type":"Feature","properties":{"name":"Esfahan","iso":"IRN"},"geometry":{"type":"Point","coordinates":[51.611,32.602]}},{"type":"Feature","properties":{"name":"Chahar Mahall and Bakhtiari","iso":"IRN"},"geometry":{"type":"Point","coordinates":[50.632,32.038]}},{"type":"Feature","properties":{"name":"Kohgiluyeh and Buyer Ahmad","iso":"IRN"},"geometry":{"type":"Point","coordinates":[50.792,30.773]}},{"type":"Feature","properties":{"name":"Fars","iso":"IRN"},"geometry":{"type":"Point","coordinates":[52.93,29.482]}},{"type":"Feature","properties":{"name":"Kerman","iso":"IRN"},"geometry":{"type":"Point","coordinates":[57.389,28.177]}},{"type":"Feature","properties":{"name":"Hamadan","iso":"IRN"},"geometry":{"type":"Point","coordinates":[48.6,34.954]}},{"type":"Feature","properties":{"name":"Lorestan","iso":"IRN"},"geometry":{"type":"Point","coordinates":[48.245,33.556]}},{"type":"Feature","properties":{"name":"Yazd","iso":"IRN"},"geometry":{"type":"Point","coordinates":[55.694,32.336]}},{"type":"Feature","properties":{"name":"Qom","iso":"IRN"},"geometry":{"type":"Point","coordinates":[50.771,34.627]}},{"type":"Feature","properties":{"name":"Tehran","iso":"IRN"},"geometry":{"type":"Point","coordinates":[51.864,35.623]}},{"type":"Feature","properties":{"name":"Alborz","iso":"IRN"},"geometry":{"type":"Point","coordinates":[50.738,35.89]}},{"type":"Feature","properties":{"name":"Chhattisgarh","iso":"IND"},"geometry":{"type":"Point","coordinates":[82.048,20.876]}},{"type":"Feature","properties":{"name":"Haryana","iso":"IND"},"geometry":{"type":"Point","coordinates":[76.236,29.227]}},{"type":"Feature","properties":{"name":"Telangana","iso":"IND"},"geometry":{"type":"Point","coordinates":[78.948,18.014]}},{"type":"Feature","properties":{"name":"Jász-Nagykun-Szolnok","iso":"HUN"},"geometry":{"type":"Point","coordinates":[20.367,47.248]}},{"type":"Feature","properties":{"name":"Fejér","iso":"HUN"},"geometry":{"type":"Point","coordinates":[18.524,47.135]}},{"type":"Feature","properties":{"name":"Veszprém","iso":"HUN"},"geometry":{"type":"Point","coordinates":[17.607,47.2]}},{"type":"Feature","properties":{"name":"Tolna","iso":"HUN"},"geometry":{"type":"Point","coordinates":[18.615,46.515]}},{"type":"Feature","properties":{"name":"Szolnok","iso":"HUN"},"geometry":{"type":"Point","coordinates":[20.178,47.185]}},{"type":"Feature","properties":{"name":"Budapest","iso":"HUN"},"geometry":{"type":"Point","coordinates":[19.116,47.496]}},{"type":"Feature","properties":{"name":"Érd","iso":"HUN"},"geometry":{"type":"Point","coordinates":[18.891,47.378]}},{"type":"Feature","properties":{"name":"Heves","iso":"HUN"},"geometry":{"type":"Point","coordinates":[20.209,47.8]}},{"type":"Feature","properties":{"name":"Eger","iso":"HUN"},"geometry":{"type":"Point","coordinates":[20.383,47.928]}},{"type":"Feature","properties":{"name":"Miskolc","iso":"HUN"},"geometry":{"type":"Point","coordinates":[20.688,48.103]}},{"type":"Feature","properties":{"name":"Hódmezôvásárhely","iso":"HUN"},"geometry":{"type":"Point","coordinates":[20.359,46.385]}},{"type":"Feature","properties":{"name":"Dunaújváros","iso":"HUN"},"geometry":{"type":"Point","coordinates":[18.923,46.928]}},{"type":"Feature","properties":{"name":"Kecskemét","iso":"HUN"},"geometry":{"type":"Point","coordinates":[19.681,46.928]}},{"type":"Feature","properties":{"name":"Tatabánya","iso":"HUN"},"geometry":{"type":"Point","coordinates":[18.448,47.57]}},{"type":"Feature","properties":{"name":"Tbilisi","iso":"GEO"},"geometry":{"type":"Point","coordinates":[44.846,41.701]}},{"type":"Feature","properties":{"name":"Imereti","iso":"GEO"},"geometry":{"type":"Point","coordinates":[42.964,42.21]}},{"type":"Feature","properties":{"name":"Northern Savonia","iso":"FIN"},"geometry":{"type":"Point","coordinates":[27.676,62.924]}},{"type":"Feature","properties":{"name":"Southern Savonia","iso":"FIN"},"geometry":{"type":"Point","coordinates":[27.591,61.99]}},{"type":"Feature","properties":{"name":"Central Finland","iso":"FIN"},"geometry":{"type":"Point","coordinates":[25.479,62.368]}},{"type":"Feature","properties":{"name":"Southern Ostrobothnia","iso":"FIN"},"geometry":{"type":"Point","coordinates":[23.15,62.722]}},{"type":"Feature","properties":{"name":"Pirkanmaa","iso":"FIN"},"geometry":{"type":"Point","coordinates":[23.692,61.648]}},{"type":"Feature","properties":{"name":"Tavastia Proper","iso":"FIN"},"geometry":{"type":"Point","coordinates":[24.378,60.954]}},{"type":"Feature","properties":{"name":"Päijät-Häme","iso":"FIN"},"geometry":{"type":"Point","coordinates":[25.782,61.255]}},{"type":"Feature","properties":{"name":"Dire Dawa","iso":"ETH"},"geometry":{"type":"Point","coordinates":[42.031,9.599]}},{"type":"Feature","properties":{"name":"Addis Ababa","iso":"ETH"},"geometry":{"type":"Point","coordinates":[38.784,8.971]}},{"type":"Feature","properties":{"name":"Harari People","iso":"ETH"},"geometry":{"type":"Point","coordinates":[42.189,9.283]}},{"type":"Feature","properties":{"name":"Gitega","iso":"BDI"},"geometry":{"type":"Point","coordinates":[29.917,-3.45]}},{"type":"Feature","properties":{"name":"Muramvya","iso":"BDI"},"geometry":{"type":"Point","coordinates":[29.66,-3.251]}},{"type":"Feature","properties":{"name":"Mwaro","iso":"BDI"},"geometry":{"type":"Point","coordinates":[29.724,-3.498]}},{"type":"Feature","properties":{"name":"Karuzi","iso":"BDI"},"geometry":{"type":"Point","coordinates":[30.088,-3.172]}},{"type":"Feature","properties":{"name":"Balé","iso":"BFA"},"geometry":{"type":"Point","coordinates":[-3.038,11.705]}},{"type":"Feature","properties":{"name":"Sanguié","iso":"BFA"},"geometry":{"type":"Point","coordinates":[-2.62,12.206]}},{"type":"Feature","properties":{"name":"Tuy","iso":"BFA"},"geometry":{"type":"Point","coordinates":[-3.419,11.434]}},{"type":"Feature","properties":{"name":"Bougouriba","iso":"BFA"},"geometry":{"type":"Point","coordinates":[-3.423,10.879]}},{"type":"Feature","properties":{"name":"Mou Houn","iso":"BFA"},"geometry":{"type":"Point","coordinates":[-3.423,12.227]}},{"type":"Feature","properties":{"name":"Kouritenga","iso":"BFA"},"geometry":{"type":"Point","coordinates":[-0.3,12.167]}},{"type":"Feature","properties":{"name":"Ganzourgou","iso":"BFA"},"geometry":{"type":"Point","coordinates":[-0.846,12.239]}},{"type":"Feature","properties":{"name":"Zoundwéogo","iso":"BFA"},"geometry":{"type":"Point","coordinates":[-0.901,11.529]}},{"type":"Feature","properties":{"name":"Ziro","iso":"BFA"},"geometry":{"type":"Point","coordinates":[-1.878,11.571]}},{"type":"Feature","properties":{"name":"Boulkiemdé","iso":"BFA"},"geometry":{"type":"Point","coordinates":[-2.108,12.334]}},{"type":"Feature","properties":{"name":"Kadiogo","iso":"BFA"},"geometry":{"type":"Point","coordinates":[-1.48,12.325]}},{"type":"Feature","properties":{"name":"Oubritenga","iso":"BFA"},"geometry":{"type":"Point","coordinates":[-1.281,12.587]}},{"type":"Feature","properties":{"name":"Gourma","iso":"BFA"},"geometry":{"type":"Point","coordinates":[0.734,12.184]}},{"type":"Feature","properties":{"name":"Gnagna","iso":"BFA"},"geometry":{"type":"Point","coordinates":[0.073,12.945]}},{"type":"Feature","properties":{"name":"Bazéga","iso":"BFA"},"geometry":{"type":"Point","coordinates":[-1.43,12.006]}},{"type":"Feature","properties":{"name":"Kourwéogo","iso":"BFA"},"geometry":{"type":"Point","coordinates":[-1.818,12.561]}},{"type":"Feature","properties":{"name":"Nayala","iso":"BFA"},"geometry":{"type":"Point","coordinates":[-3.069,12.676]}},{"type":"Feature","properties":{"name":"Passoré","iso":"BFA"},"geometry":{"type":"Point","coordinates":[-2.128,12.882]}},{"type":"Feature","properties":{"name":"Zondoma","iso":"BFA"},"geometry":{"type":"Point","coordinates":[-2.349,13.183]}},{"type":"Feature","properties":{"name":"Namentenga","iso":"BFA"},"geometry":{"type":"Point","coordinates":[-0.489,13.198]}},{"type":"Feature","properties":{"name":"Sanmatenga","iso":"BFA"},"geometry":{"type":"Point","coordinates":[-1.043,13.126]}},{"type":"Feature","properties":{"name":"Bam","iso":"BFA"},"geometry":{"type":"Point","coordinates":[-1.569,13.354]}},{"type":"Feature","properties":{"name":"Magway","iso":"MMR"},"geometry":{"type":"Point","coordinates":[94.956,20.469]}},{"type":"Feature","properties":{"name":"Mandalay","iso":"MMR"},"geometry":{"type":"Point","coordinates":[96.206,21.301]}},{"type":"Feature","properties":{"name":"Plovdiv","iso":"BGR"},"geometry":{"type":"Point","coordinates":[24.881,42.29]}},{"type":"Feature","properties":{"name":"Stara Zagora","iso":"BGR"},"geometry":{"type":"Point","coordinates":[25.503,42.396]}},{"type":"Feature","properties":{"name":"Sliven","iso":"BGR"},"geometry":{"type":"Point","coordinates":[26.271,42.674]}},{"type":"Feature","properties":{"name":"Shumen","iso":"BGR"},"geometry":{"type":"Point","coordinates":[26.96,43.263]}},{"type":"Feature","properties":{"name":"Razgrad","iso":"BGR"},"geometry":{"type":"Point","coordinates":[26.578,43.656]}},{"type":"Feature","properties":{"name":"Targovishte","iso":"BGR"},"geometry":{"type":"Point","coordinates":[26.357,43.212]}},{"type":"Feature","properties":{"name":"Gabrovo","iso":"BGR"},"geometry":{"type":"Point","coordinates":[25.265,42.906]}},{"type":"Feature","properties":{"name":"Pazardzhik","iso":"BGR"},"geometry":{"type":"Point","coordinates":[24.121,42.197]}},{"type":"Feature","properties":{"name":"Lovech","iso":"BGR"},"geometry":{"type":"Point","coordinates":[24.557,43.057]}},{"type":"Feature","properties":{"name":"Grad Sofiya","iso":"BGR"},"geometry":{"type":"Point","coordinates":[23.369,42.666]}},{"type":"Feature","properties":{"name":"Kigali City","iso":"RWA"},"geometry":{"type":"Point","coordinates":[30.091,-1.964]}},{"type":"Feature","properties":{"name":"Amanat Al Asimah","iso":"YEM"},"geometry":{"type":"Point","coordinates":[44.251,15.468]}},{"type":"Feature","properties":{"name":"Wisconsin","iso":"USA"},"geometry":{"type":"Point","coordinates":[-89.863,45.19]}},{"type":"Feature","properties":{"name":"Illinois","iso":"USA"},"geometry":{"type":"Point","coordinates":[-89.31,39.356]}},{"type":"Feature","properties":{"name":"Kentucky","iso":"USA"},"geometry":{"type":"Point","coordinates":[-85.417,37.781]}},{"type":"Feature","properties":{"name":"Arkansas","iso":"USA"},"geometry":{"type":"Point","coordinates":[-91.2,34.895]}},{"type":"Feature","properties":{"name":"Tennessee","iso":"USA"},"geometry":{"type":"Point","coordinates":[-85.336,35.884]}},{"type":"Feature","properties":{"name":"West Virginia","iso":"USA"},"geometry":{"type":"Point","coordinates":[-80.323,38.719]}},{"type":"Feature","properties":{"name":"Indiana","iso":"USA"},"geometry":{"type":"Point","coordinates":[-86.788,38.835]}},{"type":"Feature","properties":{"name":"Vysočina","iso":"CZE"},"geometry":{"type":"Point","coordinates":[15.646,49.393]}},{"type":"Feature","properties":{"name":"Středočeský","iso":"CZE"},"geometry":{"type":"Point","coordinates":[14.509,49.97]}},{"type":"Feature","properties":{"name":"Prague","iso":"CZE"},"geometry":{"type":"Point","coordinates":[14.449,50.062]}},{"type":"Feature","properties":{"name":"City of Minsk","iso":"BLR"},"geometry":{"type":"Point","coordinates":[27.633,53.913]}},{"type":"Feature","properties":{"name":"Kiev City","iso":"UKR"},"geometry":{"type":"Point","coordinates":[30.516,50.396]}},{"type":"Feature","properties":{"name":"Tashkent","iso":"UZB"},"geometry":{"type":"Point","coordinates":[69.25,41.309]}},{"type":"Feature","properties":{"name":"Almaty City","iso":"KAZ"},"geometry":{"type":"Point","coordinates":[76.924,43.297]}},{"type":"Feature","properties":{"name":"Astana","iso":"KAZ"},"geometry":{"type":"Point","coordinates":[71.419,51.162]}},{"type":"Feature","properties":{"name":"Stepanakert","iso":"AZE"},"geometry":{"type":"Point","coordinates":[46.777,39.839]}},{"type":"Feature","properties":{"name":"Damascus","iso":"SYR"},"geometry":{"type":"Point","coordinates":[36.275,33.515]}},{"type":"Feature","properties":{"name":"Bucharest","iso":"ROU"},"geometry":{"type":"Point","coordinates":[26.1,44.458]}},{"type":"Feature","properties":{"name":"Jelgava","iso":"LVA"},"geometry":{"type":"Point","coordinates":[23.715,56.647]}},{"type":"Feature","properties":{"name":"Daugavpils","iso":"LVA"},"geometry":{"type":"Point","coordinates":[26.555,55.892]}},{"type":"Feature","properties":{"name":"Rezekne","iso":"LVA"},"geometry":{"type":"Point","coordinates":[27.333,56.526]}},{"type":"Feature","properties":{"name":"Niamey","iso":"NER"},"geometry":{"type":"Point","coordinates":[2.146,13.513]}},{"type":"Feature","properties":{"name":"Bamako","iso":"MLI"},"geometry":{"type":"Point","coordinates":[-8,12.628]}},{"type":"Feature","properties":{"name":"Andorra la Vella","iso":"AND"},"geometry":{"type":"Point","coordinates":[1.52,42.517]}},{"type":"Feature","properties":{"name":"Gyôr","iso":"HUN"},"geometry":{"type":"Point","coordinates":[17.664,47.662]}},{"type":"Feature","properties":{"name":"Szombathely","iso":"HUN"},"geometry":{"type":"Point","coordinates":[16.615,47.231]}},{"type":"Feature","properties":{"name":"Zalaegerszeg","iso":"HUN"},"geometry":{"type":"Point","coordinates":[16.838,46.847]}},{"type":"Feature","properties":{"name":"Nagykanizsa","iso":"HUN"},"geometry":{"type":"Point","coordinates":[16.987,46.471]}},{"type":"Feature","properties":{"name":"Veszprém","iso":"HUN"},"geometry":{"type":"Point","coordinates":[17.909,47.129]}},{"type":"Feature","properties":{"name":"Kaposvár","iso":"HUN"},"geometry":{"type":"Point","coordinates":[17.786,46.364]}},{"type":"Feature","properties":{"name":"Pécs","iso":"HUN"},"geometry":{"type":"Point","coordinates":[18.248,46.08]}},{"type":"Feature","properties":{"name":"Szekszárd","iso":"HUN"},"geometry":{"type":"Point","coordinates":[18.755,46.35]}},{"type":"Feature","properties":{"name":"Székesfehérvár","iso":"HUN"},"geometry":{"type":"Point","coordinates":[18.479,47.197]}},{"type":"Feature","properties":{"name":"Békéscsaba","iso":"HUN"},"geometry":{"type":"Point","coordinates":[21.092,46.747]}},{"type":"Feature","properties":{"name":"Debrecen","iso":"HUN"},"geometry":{"type":"Point","coordinates":[21.625,47.571]}},{"type":"Feature","properties":{"name":"Nyíregyháza","iso":"HUN"},"geometry":{"type":"Point","coordinates":[21.77,47.954]}},{"type":"Feature","properties":{"name":"Buada","iso":"NRU"},"geometry":{"type":"Point","coordinates":[166.925,-0.529]}},{"type":"Feature","properties":{"name":"São Salvador do Mundo","iso":"CPV"},"geometry":{"type":"Point","coordinates":[-23.611,15.074]}},{"type":"Feature","properties":{"name":"São Lourenço dos Órgãos","iso":"CPV"},"geometry":{"type":"Point","coordinates":[-23.579,15.05]}},{"type":"Feature","properties":{"name":"George Hill","iso":"AIA"},"geometry":{"type":"Point","coordinates":[-63.068,18.211]}},{"type":"Feature","properties":{"name":"The Quarter","iso":"AIA"},"geometry":{"type":"Point","coordinates":[-63.039,18.231]}},{"type":"Feature","properties":{"name":"Yevlakh","iso":"AZE"},"geometry":{"type":"Point","coordinates":[47.164,40.612]}},{"type":"Feature","properties":{"name":"City of Saint George","iso":"BMU"},"geometry":{"type":"Point","coordinates":[-64.674,32.376]}},{"type":"Feature","properties":{"name":"Wong Tai Sin","iso":"HKG"},"geometry":{"type":"Point","coordinates":[114.206,22.34]}},{"type":"Feature","properties":{"name":"Moka","iso":"MUS"},"geometry":{"type":"Point","coordinates":[57.579,-20.246]}},{"type":"Feature","properties":{"name":"Plaines Wilhems","iso":"MUS"},"geometry":{"type":"Point","coordinates":[57.506,-20.323]}},{"type":"Feature","properties":{"name":"Beau Bassin-Rose Hill","iso":"MUS"},"geometry":{"type":"Point","coordinates":[57.468,-20.24]}},{"type":"Feature","properties":{"name":"Port Louis","iso":"MUS"},"geometry":{"type":"Point","coordinates":[57.509,-20.161]}},{"type":"Feature","properties":{"name":"Quatre Bornes","iso":"MUS"},"geometry":{"type":"Point","coordinates":[57.476,-20.273]}},{"type":"Feature","properties":{"name":"Vacoas-Phoenix","iso":"MUS"},"geometry":{"type":"Point","coordinates":[57.481,-20.309]}},{"type":"Feature","properties":{"name":"Curepipe","iso":"MUS"},"geometry":{"type":"Point","coordinates":[57.517,-20.321]}},{"type":"Feature","properties":{"name":"Mont Buxton","iso":"SYC"},"geometry":{"type":"Point","coordinates":[55.442,-4.613]}},{"type":"Feature","properties":{"name":"Saint Louis","iso":"SYC"},"geometry":{"type":"Point","coordinates":[55.437,-4.623]}},{"type":"Feature","properties":{"name":"Les Mamelles","iso":"SYC"},"geometry":{"type":"Point","coordinates":[55.479,-4.658]}},{"type":"Feature","properties":{"name":"Enna","iso":"ITA"},"geometry":{"type":"Point","coordinates":[14.474,37.596]}},{"type":"Feature","properties":{"name":"Benevento","iso":"ITA"},"geometry":{"type":"Point","coordinates":[14.764,41.246]}},{"type":"Feature","properties":{"name":"Asti","iso":"ITA"},"geometry":{"type":"Point","coordinates":[8.197,44.86]}},{"type":"Feature","properties":{"name":"Bergamo","iso":"ITA"},"geometry":{"type":"Point","coordinates":[9.798,45.767]}},{"type":"Feature","properties":{"name":"Brescia","iso":"ITA"},"geometry":{"type":"Point","coordinates":[10.383,45.686]}},{"type":"Feature","properties":{"name":"Cremona","iso":"ITA"},"geometry":{"type":"Point","coordinates":[10.091,45.22]}},{"type":"Feature","properties":{"name":"Mantova","iso":"ITA"},"geometry":{"type":"Point","coordinates":[10.802,45.122]}},{"type":"Feature","properties":{"name":"Milano","iso":"ITA"},"geometry":{"type":"Point","coordinates":[9.132,45.481]}},{"type":"Feature","properties":{"name":"Lecco","iso":"ITA"},"geometry":{"type":"Point","coordinates":[9.388,45.891]}},{"type":"Feature","properties":{"name":"Monza e Brianza","iso":"ITA"},"geometry":{"type":"Point","coordinates":[9.251,45.648]}},{"type":"Feature","properties":{"name":"Lodi","iso":"ITA"},"geometry":{"type":"Point","coordinates":[9.573,45.233]}},{"type":"Feature","properties":{"name":"Siena","iso":"ITA"},"geometry":{"type":"Point","coordinates":[11.496,43.169]}},{"type":"Feature","properties":{"name":"Arezzo","iso":"ITA"},"geometry":{"type":"Point","coordinates":[12.009,43.547]}},{"type":"Feature","properties":{"name":"Firenze","iso":"ITA"},"geometry":{"type":"Point","coordinates":[11.33,43.904]}},{"type":"Feature","properties":{"name":"Vercelli","iso":"ITA"},"geometry":{"type":"Point","coordinates":[8.234,45.491]}},{"type":"Feature","properties":{"name":"Pavia","iso":"ITA"},"geometry":{"type":"Point","coordinates":[9.018,45.077]}},{"type":"Feature","properties":{"name":"Rieti","iso":"ITA"},"geometry":{"type":"Point","coordinates":[13.027,42.404]}},{"type":"Feature","properties":{"name":"Novara","iso":"ITA"},"geometry":{"type":"Point","coordinates":[8.59,45.566]}},{"type":"Feature","properties":{"name":"Alessandria","iso":"ITA"},"geometry":{"type":"Point","coordinates":[8.655,44.768]}},{"type":"Feature","properties":{"name":"Trento","iso":"ITA"},"geometry":{"type":"Point","coordinates":[11.175,46.085]}},{"type":"Feature","properties":{"name":"Vicenza","iso":"ITA"},"geometry":{"type":"Point","coordinates":[11.514,45.712]}},{"type":"Feature","properties":{"name":"Verona","iso":"ITA"},"geometry":{"type":"Point","coordinates":[11.016,45.414]}},{"type":"Feature","properties":{"name":"Treviso","iso":"ITA"},"geometry":{"type":"Point","coordinates":[12.224,45.784]}},{"type":"Feature","properties":{"name":"Piacenza","iso":"ITA"},"geometry":{"type":"Point","coordinates":[9.564,44.867]}},{"type":"Feature","properties":{"name":"Parma","iso":"ITA"},"geometry":{"type":"Point","coordinates":[9.894,44.595]}},{"type":"Feature","properties":{"name":"Reggio Emilia","iso":"ITA"},"geometry":{"type":"Point","coordinates":[10.582,44.64]}},{"type":"Feature","properties":{"name":"Modena","iso":"ITA"},"geometry":{"type":"Point","coordinates":[10.884,44.522]}},{"type":"Feature","properties":{"name":"Bologna","iso":"ITA"},"geometry":{"type":"Point","coordinates":[11.264,44.336]}},{"type":"Feature","properties":{"name":"Pistoia","iso":"ITA"},"geometry":{"type":"Point","coordinates":[10.855,44.008]}},{"type":"Feature","properties":{"name":"Terni","iso":"ITA"},"geometry":{"type":"Point","coordinates":[12.428,42.611]}},{"type":"Feature","properties":{"name":"Perugia","iso":"ITA"},"geometry":{"type":"Point","coordinates":[12.525,43.105]}},{"type":"Feature","properties":{"name":"Frosinone","iso":"ITA"},"geometry":{"type":"Point","coordinates":[13.565,41.644]}},{"type":"Feature","properties":{"name":"Avellino","iso":"ITA"},"geometry":{"type":"Point","coordinates":[15.049,41.031]}},{"type":"Feature","properties":{"name":"L'Aquila","iso":"ITA"},"geometry":{"type":"Point","coordinates":[13.512,42.118]}},{"type":"Feature","properties":{"name":"Pordenone","iso":"ITA"},"geometry":{"type":"Point","coordinates":[12.662,46.063]}},{"type":"Feature","properties":{"name":"Isernia","iso":"ITA"},"geometry":{"type":"Point","coordinates":[14.21,41.66]}},{"type":"Feature","properties":{"name":"Biella","iso":"ITA"},"geometry":{"type":"Point","coordinates":[8.102,45.58]}},{"type":"Feature","properties":{"name":"Prato","iso":"ITA"},"geometry":{"type":"Point","coordinates":[11.096,43.939]}},{"type":"Feature","properties":{"name":"Gers","iso":"FRA"},"geometry":{"type":"Point","coordinates":[0.302,43.747]}},{"type":"Feature","properties":{"name":"Haute-Vienne","iso":"FRA"},"geometry":{"type":"Point","coordinates":[1.157,45.91]}},{"type":"Feature","properties":{"name":"Corrèze","iso":"FRA"},"geometry":{"type":"Point","coordinates":[1.862,45.321]}},{"type":"Feature","properties":{"name":"Tarn-et-Garonne","iso":"FRA"},"geometry":{"type":"Point","coordinates":[1.243,44.136]}},{"type":"Feature","properties":{"name":"Tarn","iso":"FRA"},"geometry":{"type":"Point","coordinates":[2.231,43.717]}},{"type":"Feature","properties":{"name":"Isère","iso":"FRA"},"geometry":{"type":"Point","coordinates":[5.636,45.225]}},{"type":"Feature","properties":{"name":"Drôme","iso":"FRA"},"geometry":{"type":"Point","coordinates":[5.284,44.595]}},{"type":"Feature","properties":{"name":"Aveyron","iso":"FRA"},"geometry":{"type":"Point","coordinates":[2.826,44.281]}},{"type":"Feature","properties":{"name":"Lot","iso":"FRA"},"geometry":{"type":"Point","coordinates":[1.542,44.653]}},{"type":"Feature","properties":{"name":"Indre-et-Loire","iso":"FRA"},"geometry":{"type":"Point","coordinates":[0.644,47.268]}},{"type":"Feature","properties":{"name":"Indre","iso":"FRA"},"geometry":{"type":"Point","coordinates":[1.588,46.715]}},{"type":"Feature","properties":{"name":"Loir-et-Cher","iso":"FRA"},"geometry":{"type":"Point","coordinates":[1.32,47.679]}},{"type":"Feature","properties":{"name":"Creuse","iso":"FRA"},"geometry":{"type":"Point","coordinates":[2.052,46.074]}},{"type":"Feature","properties":{"name":"Mayenne","iso":"FRA"},"geometry":{"type":"Point","coordinates":[-0.661,48.186]}},{"type":"Feature","properties":{"name":"Sarthe","iso":"FRA"},"geometry":{"type":"Point","coordinates":[0.286,48.014]}},{"type":"Feature","properties":{"name":"Vaucluse","iso":"FRA"},"geometry":{"type":"Point","coordinates":[5.058,44.109]}},{"type":"Feature","properties":{"name":"Haute-Marne","iso":"FRA"},"geometry":{"type":"Point","coordinates":[5.241,48.056]}},{"type":"Feature","properties":{"name":"Marne","iso":"FRA"},"geometry":{"type":"Point","coordinates":[4.087,48.938]}},{"type":"Feature","properties":{"name":"Dordogne","iso":"FRA"},"geometry":{"type":"Point","coordinates":[0.813,45.162]}},{"type":"Feature","properties":{"name":"Rhône","iso":"FRA"},"geometry":{"type":"Point","coordinates":[4.648,45.958]}},{"type":"Feature","properties":{"name":"Vosges","iso":"FRA"},"geometry":{"type":"Point","coordinates":[6.233,48.181]}},{"type":"Feature","properties":{"name":"Ardèche","iso":"FRA"},"geometry":{"type":"Point","coordinates":[4.405,44.778]}},{"type":"Feature","properties":{"name":"Loire","iso":"FRA"},"geometry":{"type":"Point","coordinates":[4.105,45.776]}},{"type":"Feature","properties":{"name":"Puy-de-Dôme","iso":"FRA"},"geometry":{"type":"Point","coordinates":[3.052,45.773]}},{"type":"Feature","properties":{"name":"Allier","iso":"FRA"},"geometry":{"type":"Point","coordinates":[3.256,46.448]}},{"type":"Feature","properties":{"name":"Loiret","iso":"FRA"},"geometry":{"type":"Point","coordinates":[2.43,47.941]}},{"type":"Feature","properties":{"name":"Maine-et-Loire","iso":"FRA"},"geometry":{"type":"Point","coordinates":[-0.78,47.367]}},{"type":"Feature","properties":{"name":"Aube","iso":"FRA"},"geometry":{"type":"Point","coordinates":[4.051,48.264]}},{"type":"Feature","properties":{"name":"Paris","iso":"FRA"},"geometry":{"type":"Point","coordinates":[2.343,48.857]}},{"type":"Feature","properties":{"name":"Hauts-de-Seine","iso":"FRA"},"geometry":{"type":"Point","coordinates":[2.26,48.854]}},{"type":"Feature","properties":{"name":"Seine-Saint-Denis","iso":"FRA"},"geometry":{"type":"Point","coordinates":[2.47,48.918]}},{"type":"Feature","properties":{"name":"Val-d'Oise","iso":"FRA"},"geometry":{"type":"Point","coordinates":[2.084,49.069]}},{"type":"Feature","properties":{"name":"Yvelines","iso":"FRA"},"geometry":{"type":"Point","coordinates":[1.792,48.81]}},{"type":"Feature","properties":{"name":"Charente","iso":"FRA"},"geometry":{"type":"Point","coordinates":[0.293,45.722]}},{"type":"Feature","properties":{"name":"Cher","iso":"FRA"},"geometry":{"type":"Point","coordinates":[2.504,47.011]}},{"type":"Feature","properties":{"name":"Eure-et-Loir","iso":"FRA"},"geometry":{"type":"Point","coordinates":[1.329,48.442]}},{"type":"Feature","properties":{"name":"Haute-Loire","iso":"FRA"},"geometry":{"type":"Point","coordinates":[3.906,45.112]}},{"type":"Feature","properties":{"name":"Cantal","iso":"FRA"},"geometry":{"type":"Point","coordinates":[2.647,44.998]}},{"type":"Feature","properties":{"name":"Lot-et-Garonne","iso":"FRA"},"geometry":{"type":"Point","coordinates":[0.533,44.363]}},{"type":"Feature","properties":{"name":"Lozère","iso":"FRA"},"geometry":{"type":"Point","coordinates":[3.454,44.58]}},{"type":"Feature","properties":{"name":"Nièvre","iso":"FRA"},"geometry":{"type":"Point","coordinates":[3.438,47.101]}},{"type":"Feature","properties":{"name":"Côte-d'Or","iso":"FRA"},"geometry":{"type":"Point","coordinates":[4.917,47.494]}},{"type":"Feature","properties":{"name":"Oise","iso":"FRA"},"geometry":{"type":"Point","coordinates":[2.414,49.4]}},{"type":"Feature","properties":{"name":"Orne","iso":"FRA"},"geometry":{"type":"Point","coordinates":[0.157,48.565]}},{"type":"Feature","properties":{"name":"Haute-Saône","iso":"FRA"},"geometry":{"type":"Point","coordinates":[5.999,47.656]}},{"type":"Feature","properties":{"name":"Saône-et-Loire","iso":"FRA"},"geometry":{"type":"Point","coordinates":[4.488,46.584]}},{"type":"Feature","properties":{"name":"Deux-Sèvres","iso":"FRA"},"geometry":{"type":"Point","coordinates":[-0.346,46.592]}},{"type":"Feature","properties":{"name":"Vienne","iso":"FRA"},"geometry":{"type":"Point","coordinates":[0.44,46.633]}},{"type":"Feature","properties":{"name":"Yonne","iso":"FRA"},"geometry":{"type":"Point","coordinates":[3.524,47.886]}},{"type":"Feature","properties":{"name":"Essonne","iso":"FRA"},"geometry":{"type":"Point","coordinates":[2.213,48.499]}},{"type":"Feature","properties":{"name":"Seien-et-Marne","iso":"FRA"},"geometry":{"type":"Point","coordinates":[2.98,48.588]}},{"type":"Feature","properties":{"name":"Val-de-Marne","iso":"FRA"},"geometry":{"type":"Point","coordinates":[2.475,48.768]}},{"type":"Feature","properties":{"name":"Dushanbe","iso":"TJK"},"geometry":{"type":"Point","coordinates":[68.769,38.565]}},{"type":"Feature","properties":{"name":"Luxor","iso":"EGY"},"geometry":{"type":"Point","coordinates":[32.651,25.706]}},{"type":"Feature","properties":{"name":"Francistown","iso":"BWA"},"geometry":{"type":"Point","coordinates":[27.509,-21.165]}},{"type":"Feature","properties":{"name":"Lobatse","iso":"BWA"},"geometry":{"type":"Point","coordinates":[25.686,-25.207]}},{"type":"Feature","properties":{"name":"Selebi-Phikwe","iso":"BWA"},"geometry":{"type":"Point","coordinates":[27.845,-21.964]}},{"type":"Feature","properties":{"name":"Sowa","iso":"BWA"},"geometry":{"type":"Point","coordinates":[26.183,-20.564]}},{"type":"Feature","properties":{"name":"Naga","iso":"PHL"},"geometry":{"type":"Point","coordinates":[123.259,13.63]}},{"type":"Feature","properties":{"name":"Angeles","iso":"PHL"},"geometry":{"type":"Point","coordinates":[120.591,15.148]}},{"type":"Feature","properties":{"name":"Baguio","iso":"PHL"},"geometry":{"type":"Point","coordinates":[120.602,16.403]}},{"type":"Feature","properties":{"name":"Makati","iso":"PHL"},"geometry":{"type":"Point","coordinates":[121.053,14.547]}},{"type":"Feature","properties":{"name":"Pateros","iso":"PHL"},"geometry":{"type":"Point","coordinates":[121.084,14.542]}},{"type":"Feature","properties":{"name":"Mandaluyong City","iso":"PHL"},"geometry":{"type":"Point","coordinates":[121.054,14.578]}},{"type":"Feature","properties":{"name":"San Juan","iso":"PHL"},"geometry":{"type":"Point","coordinates":[121.051,14.598]}},{"type":"Feature","properties":{"name":"Naftalan","iso":"AZE"},"geometry":{"type":"Point","coordinates":[46.827,40.508]}},{"type":"Feature","properties":{"name":"Şəki","iso":"AZE"},"geometry":{"type":"Point","coordinates":[47.182,41.202]}},{"type":"Feature","properties":{"name":"Leeds","iso":"GBR"},"geometry":{"type":"Point","coordinates":[-1.452,53.844]}},{"type":"Feature","properties":{"name":"Bradford","iso":"GBR"},"geometry":{"type":"Point","coordinates":[-1.826,53.877]}},{"type":"Feature","properties":{"name":"Wakefield","iso":"GBR"},"geometry":{"type":"Point","coordinates":[-1.408,53.644]}},{"type":"Feature","properties":{"name":"Barnsley","iso":"GBR"},"geometry":{"type":"Point","coordinates":[-1.511,53.533]}},{"type":"Feature","properties":{"name":"Salford","iso":"GBR"},"geometry":{"type":"Point","coordinates":[-2.406,53.489]}},{"type":"Feature","properties":{"name":"Bolton","iso":"GBR"},"geometry":{"type":"Point","coordinates":[-2.443,53.584]}},{"type":"Feature","properties":{"name":"Trafford","iso":"GBR"},"geometry":{"type":"Point","coordinates":[-2.382,53.408]}},{"type":"Feature","properties":{"name":"Manchester","iso":"GBR"},"geometry":{"type":"Point","coordinates":[-2.269,53.437]}},{"type":"Feature","properties":{"name":"Oldham","iso":"GBR"},"geometry":{"type":"Point","coordinates":[-2.045,53.525]}},{"type":"Feature","properties":{"name":"Rochdale","iso":"GBR"},"geometry":{"type":"Point","coordinates":[-2.125,53.639]}},{"type":"Feature","properties":{"name":"Tameside","iso":"GBR"},"geometry":{"type":"Point","coordinates":[-2.094,53.452]}},{"type":"Feature","properties":{"name":"Bury","iso":"GBR"},"geometry":{"type":"Point","coordinates":[-2.317,53.608]}},{"type":"Feature","properties":{"name":"Solihull","iso":"GBR"},"geometry":{"type":"Point","coordinates":[-1.737,52.403]}},{"type":"Feature","properties":{"name":"Coventry","iso":"GBR"},"geometry":{"type":"Point","coordinates":[-1.533,52.387]}},{"type":"Feature","properties":{"name":"Birmingham","iso":"GBR"},"geometry":{"type":"Point","coordinates":[-1.881,52.475]}},{"type":"Feature","properties":{"name":"Sandwell","iso":"GBR"},"geometry":{"type":"Point","coordinates":[-2.009,52.513]}},{"type":"Feature","properties":{"name":"Dudley","iso":"GBR"},"geometry":{"type":"Point","coordinates":[-2.094,52.493]}},{"type":"Feature","properties":{"name":"Walsall","iso":"GBR"},"geometry":{"type":"Point","coordinates":[-1.949,52.601]}},{"type":"Feature","properties":{"name":"Wolverhampton","iso":"GBR"},"geometry":{"type":"Point","coordinates":[-2.117,52.587]}},{"type":"Feature","properties":{"name":"Durbes","iso":"LVA"},"geometry":{"type":"Point","coordinates":[21.414,56.621]}},{"type":"Feature","properties":{"name":"Incukalna","iso":"LVA"},"geometry":{"type":"Point","coordinates":[24.652,57.099]}},{"type":"Feature","properties":{"name":"Ādaži","iso":"LVA"},"geometry":{"type":"Point","coordinates":[24.362,57.111]}},{"type":"Feature","properties":{"name":"Valmiera","iso":"LVA"},"geometry":{"type":"Point","coordinates":[25.417,57.53]}},{"type":"Feature","properties":{"name":"Cesu","iso":"LVA"},"geometry":{"type":"Point","coordinates":[25.407,57.241]}},{"type":"Feature","properties":{"name":"Ligatnes","iso":"LVA"},"geometry":{"type":"Point","coordinates":[25.054,57.181]}},{"type":"Feature","properties":{"name":"Jekabpils","iso":"LVA"},"geometry":{"type":"Point","coordinates":[25.867,56.508]}},{"type":"Feature","properties":{"name":"Palencia","iso":"ESP"},"geometry":{"type":"Point","coordinates":[-4.405,42.43]}},{"type":"Feature","properties":{"name":"Ciudad Real","iso":"ESP"},"geometry":{"type":"Point","coordinates":[-4.048,38.916]}},{"type":"Feature","properties":{"name":"Córdoba","iso":"ESP"},"geometry":{"type":"Point","coordinates":[-4.923,38.085]}},{"type":"Feature","properties":{"name":"Guadalajara","iso":"ESP"},"geometry":{"type":"Point","coordinates":[-2.665,40.783]}},{"type":"Feature","properties":{"name":"Jaén","iso":"ESP"},"geometry":{"type":"Point","coordinates":[-3.264,38.214]}},{"type":"Feature","properties":{"name":"Madrid","iso":"ESP"},"geometry":{"type":"Point","coordinates":[-3.775,40.439]}},{"type":"Feature","properties":{"name":"Segovia","iso":"ESP"},"geometry":{"type":"Point","coordinates":[-3.954,41.145]}},{"type":"Feature","properties":{"name":"Valladolid","iso":"ESP"},"geometry":{"type":"Point","coordinates":[-4.954,41.744]}},{"type":"Feature","properties":{"name":"Ihorombe","iso":"MDG"},"geometry":{"type":"Point","coordinates":[45.657,-22.659]}},{"type":"Feature","properties":{"name":"Haute Matsiatra","iso":"MDG"},"geometry":{"type":"Point","coordinates":[46.02,-21.411]}},{"type":"Feature","properties":{"name":"Itasy","iso":"MDG"},"geometry":{"type":"Point","coordinates":[46.916,-19.066]}},{"type":"Feature","properties":{"name":"Suva Reka","iso":"KOS"},"geometry":{"type":"Point","coordinates":[20.856,42.347]}},{"type":"Feature","properties":{"name":"Uroševac","iso":"KOS"},"geometry":{"type":"Point","coordinates":[21.096,42.339]}},{"type":"Feature","properties":{"name":"Novo Brdo","iso":"KOS"},"geometry":{"type":"Point","coordinates":[21.392,42.572]}},{"type":"Feature","properties":{"name":"Obilić","iso":"KOS"},"geometry":{"type":"Point","coordinates":[21.04,42.697]}},{"type":"Feature","properties":{"name":"Kosovo Polje","iso":"KOS"},"geometry":{"type":"Point","coordinates":[21.026,42.61]}},{"type":"Feature","properties":{"name":"Lipljan","iso":"KOS"},"geometry":{"type":"Point","coordinates":[21.101,42.52]}},{"type":"Feature","properties":{"name":"Štimlje","iso":"KOS"},"geometry":{"type":"Point","coordinates":[20.998,42.418]}},{"type":"Feature","properties":{"name":"Vučitrn","iso":"KOS"},"geometry":{"type":"Point","coordinates":[20.969,42.818]}},{"type":"Feature","properties":{"name":"Victoria","iso":"MLT"},"geometry":{"type":"Point","coordinates":[14.242,36.04]}},{"type":"Feature","properties":{"name":"Fontana, Gozo","iso":"MLT"},"geometry":{"type":"Point","coordinates":[14.239,36.033]}},{"type":"Feature","properties":{"name":"Xewkija","iso":"MLT"},"geometry":{"type":"Point","coordinates":[14.26,36.029]}},{"type":"Feature","properties":{"name":"Mosta","iso":"MLT"},"geometry":{"type":"Point","coordinates":[14.416,35.912]}},{"type":"Feature","properties":{"name":"Lija","iso":"MLT"},"geometry":{"type":"Point","coordinates":[14.439,35.9]}},{"type":"Feature","properties":{"name":"Attard","iso":"MLT"},"geometry":{"type":"Point","coordinates":[14.431,35.889]}},{"type":"Feature","properties":{"name":"Mtarfa","iso":"MLT"},"geometry":{"type":"Point","coordinates":[14.404,35.886]}},{"type":"Feature","properties":{"name":"Mdina","iso":"MLT"},"geometry":{"type":"Point","coordinates":[14.407,35.882]}},{"type":"Feature","properties":{"name":"Żebbuġ","iso":"MLT"},"geometry":{"type":"Point","coordinates":[14.44,35.87]}},{"type":"Feature","properties":{"name":"Qormi","iso":"MLT"},"geometry":{"type":"Point","coordinates":[14.465,35.875]}},{"type":"Feature","properties":{"name":"Swieqi","iso":"MLT"},"geometry":{"type":"Point","coordinates":[14.47,35.92]}},{"type":"Feature","properties":{"name":"Għargħur","iso":"MLT"},"geometry":{"type":"Point","coordinates":[14.455,35.918]}},{"type":"Feature","properties":{"name":"San Ġwann","iso":"MLT"},"geometry":{"type":"Point","coordinates":[14.476,35.908]}},{"type":"Feature","properties":{"name":"Iklin","iso":"MLT"},"geometry":{"type":"Point","coordinates":[14.454,35.907]}},{"type":"Feature","properties":{"name":"Birkirkara","iso":"MLT"},"geometry":{"type":"Point","coordinates":[14.465,35.894]}},{"type":"Feature","properties":{"name":"Balzan","iso":"MLT"},"geometry":{"type":"Point","coordinates":[14.452,35.895]}},{"type":"Feature","properties":{"name":"Santa Venera","iso":"MLT"},"geometry":{"type":"Point","coordinates":[14.477,35.887]}},{"type":"Feature","properties":{"name":"Ħamrun","iso":"MLT"},"geometry":{"type":"Point","coordinates":[14.489,35.882]}},{"type":"Feature","properties":{"name":"Marsa","iso":"MLT"},"geometry":{"type":"Point","coordinates":[14.49,35.873]}},{"type":"Feature","properties":{"name":"Luqa","iso":"MLT"},"geometry":{"type":"Point","coordinates":[14.484,35.85]}},{"type":"Feature","properties":{"name":"Mqabba","iso":"MLT"},"geometry":{"type":"Point","coordinates":[14.465,35.843]}},{"type":"Feature","properties":{"name":"Kirkop","iso":"MLT"},"geometry":{"type":"Point","coordinates":[14.483,35.841]}},{"type":"Feature","properties":{"name":"Safi","iso":"MLT"},"geometry":{"type":"Point","coordinates":[14.491,35.83]}},{"type":"Feature","properties":{"name":"Għaxaq","iso":"MLT"},"geometry":{"type":"Point","coordinates":[14.513,35.842]}},{"type":"Feature","properties":{"name":"Żejtun","iso":"MLT"},"geometry":{"type":"Point","coordinates":[14.531,35.854]}},{"type":"Feature","properties":{"name":"Fgura","iso":"MLT"},"geometry":{"type":"Point","coordinates":[14.52,35.868]}},{"type":"Feature","properties":{"name":"Tarxien","iso":"MLT"},"geometry":{"type":"Point","coordinates":[14.508,35.861]}},{"type":"Feature","properties":{"name":"Santa Luċija","iso":"MLT"},"geometry":{"type":"Point","coordinates":[14.503,35.854]}},{"type":"Feature","properties":{"name":"Gudja","iso":"MLT"},"geometry":{"type":"Point","coordinates":[14.503,35.845]}},{"type":"Feature","properties":{"name":"Paola","iso":"MLT"},"geometry":{"type":"Point","coordinates":[14.504,35.871]}},{"type":"Feature","properties":{"name":"Gżira","iso":"MLT"},"geometry":{"type":"Point","coordinates":[14.498,35.9]}},{"type":"Feature","properties":{"name":"Floriana","iso":"MLT"},"geometry":{"type":"Point","coordinates":[14.501,35.887]}},{"type":"Feature","properties":{"name":"Ta' Xbiex","iso":"MLT"},"geometry":{"type":"Point","coordinates":[14.496,35.894]}},{"type":"Feature","properties":{"name":"Isla","iso":"MLT"},"geometry":{"type":"Point","coordinates":[14.513,35.887]}},{"type":"Feature","properties":{"name":"Cospicua","iso":"MLT"},"geometry":{"type":"Point","coordinates":[14.521,35.878]}},{"type":"Feature","properties":{"name":"Pietà","iso":"MLT"},"geometry":{"type":"Point","coordinates":[14.493,35.89]}},{"type":"Feature","properties":{"name":"Msida","iso":"MLT"},"geometry":{"type":"Point","coordinates":[14.482,35.893]}},{"type":"Feature","properties":{"name":"Birgu","iso":"MLT"},"geometry":{"type":"Point","coordinates":[14.523,35.889]}}]}